2026-07-16 10:16:55 [http-nio-8080-exec-1] INFO  g.s.g.s.JwtAuthenticationFilter - 
[HTTP GET] / -> Status: 200
[Res Type]: HTML/Template (Content hidden to keep log clean)
2026-07-16 10:16:55 [http-nio-8080-exec-2] INFO  g.s.g.s.JwtAuthenticationFilter - 
[HTTP GET] /uploads/sliders/tivi-xiaomi-apro-55-65-75-700x460px-_mobile.webp -> Status: 200
[Res Type]: HTML/Template (Content hidden to keep log clean)
2026-07-16 10:16:55 [http-nio-8080-exec-6] INFO  g.s.g.s.JwtAuthenticationFilter - 
[HTTP GET] /client/images/greenhome-logo-500.lossless.webp -> Status: 200
[Res Type]: HTML/Template (Content hidden to keep log clean)
2026-07-16 10:16:55 [http-nio-8080-exec-7] INFO  g.s.g.s.JwtAuthenticationFilter - 
[HTTP GET] /common/images/zalo.svg -> Status: 200
[Res Type]: HTML/Template (Content hidden to keep log clean)
2026-07-16 10:16:55 [http-nio-8080-exec-3] INFO  g.s.g.s.JwtAuthenticationFilter - 
[HTTP GET] /client/css/app.css -> Status: 200
[Res Type]: HTML/Template (Content hidden to keep log clean)
2026-07-16 10:16:55 [http-nio-8080-exec-10] INFO  g.s.g.s.JwtAuthenticationFilter - 
[HTTP GET] /common/images/facebook-messenger.svg -> Status: 200
[Res Type]: HTML/Template (Content hidden to keep log clean)
2026-07-16 10:16:55 [http-nio-8080-exec-1] INFO  g.s.g.s.JwtAuthenticationFilter - 
[HTTP GET] /client/js/slider.js -> Status: 200
[Res Type]: HTML/Template (Content hidden to keep log clean)
2026-07-16 10:16:55 [http-nio-8080-exec-4] INFO  g.s.g.s.JwtAuthenticationFilter - 
[HTTP GET] /common/fonts/MiSansLatin-Regular.woff2 -> Status: 200
[Res Type]: HTML/Template (Content hidden to keep log clean)
2026-07-16 10:16:55 [http-nio-8080-exec-8] INFO  g.s.g.s.JwtAuthenticationFilter - 
[HTTP GET] /common/fonts/MiSansLatin-Demibold.woff2 -> Status: 200
[Res Type]: HTML/Template (Content hidden to keep log clean)
2026-07-16 10:16:55 [http-nio-8080-exec-9] INFO  g.s.g.s.JwtAuthenticationFilter - 
[HTTP GET] /common/fonts/MiSansLatin-Bold.woff2 -> Status: 200
[Res Type]: HTML/Template (Content hidden to keep log clean)
2026-07-16 10:16:55 [http-nio-8080-exec-5] INFO  g.s.g.s.JwtAuthenticationFilter - 
[HTTP GET] /common/fonts/MiSansLatin-Medium.woff2 -> Status: 200
[Res Type]: HTML/Template (Content hidden to keep log clean)
2026-07-16 10:16:55 [http-nio-8080-exec-2] INFO  g.s.g.s.JwtAuthenticationFilter - 
[HTTP GET] /client/js/alpine.min.js -> Status: 200
[Res Type]: HTML/Template (Content hidden to keep log clean)
2026-07-16 10:16:56 [http-nio-8080-exec-6] INFO  g.s.g.s.JwtAuthenticationFilter - 
[HTTP GET] /common/fonts/MiSansLatin-Semibold.woff2 -> Status: 200
[Res Type]: HTML/Template (Content hidden to keep log clean)
2026-07-16 10:16:56 [http-nio-8080-exec-7] INFO  g.s.g.s.JwtAuthenticationFilter - 
[HTTP GET] /common/images/favicon-32x32.webp -> Status: 200
[Res Type]: HTML/Template (Content hidden to keep log clean)
2026-07-30 12:58:07 [main] ERROR o.s.b.t.s.DeferredServletContainerInitializers - Error starting Tomcat context. Exception: org.springframework.beans.factory.UnsatisfiedDependencyException. Message: Error creating bean with name 'jwtAuthenticationFilter' defined in file [C:\Users\buitu\OneDrive\Máy tính\project-ghd\ghd\target\classes\guru\springframework\ghd\security\JwtAuthenticationFilter.class]: Unsatisfied dependency expressed through constructor parameter 1: Error creating bean with name 'customerUserDetailsService' defined in file [C:\Users\buitu\OneDrive\Máy tính\project-ghd\ghd\target\classes\guru\springframework\ghd\services\CustomerUserDetailsService.class]: Unsatisfied dependency expressed through constructor parameter 0: Error creating bean with name 'userRepository' defined in guru.springframework.ghd.repositories.UserRepository defined in @EnableJpaRepositories declared on GhdApplication: Cannot resolve reference to bean 'jpaSharedEM_entityManagerFactory' while setting bean property 'entityManager'
2026-07-30 12:58:07 [main] ERROR o.s.boot.SpringApplication - Application run failed
org.springframework.context.ApplicationContextException: Unable to start web server
	at org.springframework.boot.web.server.servlet.context.ServletWebServerApplicationContext.onRefresh(ServletWebServerApplicationContext.java:167)
	at org.springframework.context.support.AbstractApplicationContext.refresh(AbstractApplicationContext.java:614)
	at org.springframework.boot.web.server.servlet.context.ServletWebServerApplicationContext.refresh(ServletWebServerApplicationContext.java:143)
	at org.springframework.boot.SpringApplication.refresh(SpringApplication.java:756)
	at org.springframework.boot.SpringApplication.refreshContext(SpringApplication.java:445)
	at org.springframework.boot.SpringApplication.run(SpringApplication.java:321)
	at org.springframework.boot.SpringApplication.run(SpringApplication.java:1365)
	at org.springframework.boot.SpringApplication.run(SpringApplication.java:1354)
	at guru.springframework.ghd.GhdApplication.main(GhdApplication.java:14)
Caused by: org.springframework.boot.web.server.WebServerException: Unable to start embedded Tomcat
	at org.springframework.boot.tomcat.TomcatWebServer.initialize(TomcatWebServer.java:150)
	at org.springframework.boot.tomcat.TomcatWebServer.<init>(TomcatWebServer.java:110)
	at org.springframework.boot.tomcat.servlet.TomcatServletWebServerFactory.getTomcatWebServer(TomcatServletWebServerFactory.java:408)
	at org.springframework.boot.tomcat.servlet.TomcatServletWebServerFactory.getWebServer(TomcatServletWebServerFactory.java:166)
	at org.springframework.boot.web.server.servlet.context.ServletWebServerApplicationContext.createWebServer(ServletWebServerApplicationContext.java:190)
	at org.springframework.boot.web.server.servlet.context.ServletWebServerApplicationContext.onRefresh(ServletWebServerApplicationContext.java:164)
	... 8 common frames omitted
Caused by: org.springframework.beans.factory.UnsatisfiedDependencyException: Error creating bean with name 'jwtAuthenticationFilter' defined in file [C:\Users\buitu\OneDrive\Máy tính\project-ghd\ghd\target\classes\guru\springframework\ghd\security\JwtAuthenticationFilter.class]: Unsatisfied dependency expressed through constructor parameter 1: Error creating bean with name 'customerUserDetailsService' defined in file [C:\Users\buitu\OneDrive\Máy tính\project-ghd\ghd\target\classes\guru\springframework\ghd\services\CustomerUserDetailsService.class]: Unsatisfied dependency expressed through constructor parameter 0: Error creating bean with name 'userRepository' defined in guru.springframework.ghd.repositories.UserRepository defined in @EnableJpaRepositories declared on GhdApplication: Cannot resolve reference to bean 'jpaSharedEM_entityManagerFactory' while setting bean property 'entityManager'
	at org.springframework.beans.factory.support.ConstructorResolver.createArgumentArray(ConstructorResolver.java:804)
	at org.springframework.beans.factory.support.ConstructorResolver.autowireConstructor(ConstructorResolver.java:240)
	at org.springframework.beans.factory.support.AbstractAutowireCapableBeanFactory.autowireConstructor(AbstractAutowireCapableBeanFactory.java:1382)
	at org.springframework.beans.factory.support.AbstractAutowireCapableBeanFactory.createBeanInstance(AbstractAutowireCapableBeanFactory.java:1221)
	at org.springframework.beans.factory.support.AbstractAutowireCapableBeanFactory.doCreateBean(AbstractAutowireCapableBeanFactory.java:565)
	at org.springframework.beans.factory.support.AbstractAutowireCapableBeanFactory.createBean(AbstractAutowireCapableBeanFactory.java:525)
	at org.springframework.beans.factory.support.AbstractBeanFactory.lambda$doGetBean$0(AbstractBeanFactory.java:333)
	at org.springframework.beans.factory.support.DefaultSingletonBeanRegistry.getSingleton(DefaultSingletonBeanRegistry.java:371)
	at org.springframework.beans.factory.support.AbstractBeanFactory.doGetBean(AbstractBeanFactory.java:331)
	at org.springframework.beans.factory.support.AbstractBeanFactory.getBean(AbstractBeanFactory.java:201)
	at org.springframework.boot.web.servlet.ServletContextInitializerBeans.getOrderedBeansOfType(ServletContextInitializerBeans.java:231)
	at org.springframework.boot.web.servlet.ServletContextInitializerBeans.addAsRegistrationBean(ServletContextInitializerBeans.java:185)
	at org.springframework.boot.web.servlet.ServletContextInitializerBeans.addAsRegistrationBean(ServletContextInitializerBeans.java:180)
	at org.springframework.boot.web.servlet.ServletContextInitializerBeans.addAdaptableBeans(ServletContextInitializerBeans.java:165)
	at org.springframework.boot.web.servlet.ServletContextInitializerBeans.<init>(ServletContextInitializerBeans.java:97)
	at org.springframework.boot.web.context.servlet.WebApplicationContextInitializer.initialize(WebApplicationContextInitializer.java:53)
	at org.springframework.boot.tomcat.servlet.DeferredServletContainerInitializers.onStartup(DeferredServletContainerInitializers.java:55)
	at org.apache.catalina.core.StandardContext.startInternal(StandardContext.java:4416)
	at org.apache.catalina.util.LifecycleBase.start(LifecycleBase.java:164)
	at org.apache.catalina.core.ContainerBase$StartChild.call(ContainerBase.java:1162)
	at org.apache.catalina.core.ContainerBase$StartChild.call(ContainerBase.java:1158)
	at java.base/java.util.concurrent.FutureTask.run$$$capture(FutureTask.java:328)
	at java.base/java.util.concurrent.FutureTask.run(FutureTask.java)
	at org.apache.tomcat.util.threads.InlineExecutorService.execute(InlineExecutorService.java:81)
	at java.base/java.util.concurrent.AbstractExecutorService.submit(AbstractExecutorService.java:149)
	at org.apache.catalina.core.ContainerBase.startInternal(ContainerBase.java:714)
	at org.apache.catalina.core.StandardHost.startInternal(StandardHost.java:780)
	at org.apache.catalina.util.LifecycleBase.start(LifecycleBase.java:164)
	at org.apache.catalina.core.ContainerBase$StartChild.call(ContainerBase.java:1162)
	at org.apache.catalina.core.ContainerBase$StartChild.call(ContainerBase.java:1158)
	at java.base/java.util.concurrent.FutureTask.run$$$capture(FutureTask.java:328)
	at java.base/java.util.concurrent.FutureTask.run(FutureTask.java)
	at org.apache.tomcat.util.threads.InlineExecutorService.execute(InlineExecutorService.java:81)
	at java.base/java.util.concurrent.AbstractExecutorService.submit(AbstractExecutorService.java:149)
	at org.apache.catalina.core.ContainerBase.startInternal(ContainerBase.java:714)
	at org.apache.catalina.core.StandardEngine.startInternal(StandardEngine.java:201)
	at org.apache.catalina.util.LifecycleBase.start(LifecycleBase.java:164)
	at org.apache.catalina.core.StandardService.startInternal(StandardService.java:410)
	at org.apache.catalina.util.LifecycleBase.start(LifecycleBase.java:164)
	at org.apache.catalina.core.StandardServer.startInternal(StandardServer.java:864)
	at org.apache.catalina.util.LifecycleBase.start(LifecycleBase.java:164)
	at org.apache.catalina.startup.Tomcat.start(Tomcat.java:435)
	at org.springframework.boot.tomcat.TomcatWebServer.initialize(TomcatWebServer.java:131)
	... 13 common frames omitted
Caused by: org.springframework.beans.factory.UnsatisfiedDependencyException: Error creating bean with name 'customerUserDetailsService' defined in file [C:\Users\buitu\OneDrive\Máy tính\project-ghd\ghd\target\classes\guru\springframework\ghd\services\CustomerUserDetailsService.class]: Unsatisfied dependency expressed through constructor parameter 0: Error creating bean with name 'userRepository' defined in guru.springframework.ghd.repositories.UserRepository defined in @EnableJpaRepositories declared on GhdApplication: Cannot resolve reference to bean 'jpaSharedEM_entityManagerFactory' while setting bean property 'entityManager'
	at org.springframework.beans.factory.support.ConstructorResolver.createArgumentArray(ConstructorResolver.java:804)
	at org.springframework.beans.factory.support.ConstructorResolver.autowireConstructor(ConstructorResolver.java:240)
	at org.springframework.beans.factory.support.AbstractAutowireCapableBeanFactory.autowireConstructor(AbstractAutowireCapableBeanFactory.java:1382)
	at org.springframework.beans.factory.support.AbstractAutowireCapableBeanFactory.createBeanInstance(AbstractAutowireCapableBeanFactory.java:1221)
	at org.springframework.beans.factory.support.AbstractAutowireCapableBeanFactory.doCreateBean(AbstractAutowireCapableBeanFactory.java:565)
	at org.springframework.beans.factory.support.AbstractAutowireCapableBeanFactory.createBean(AbstractAutowireCapableBeanFactory.java:525)
	at org.springframework.beans.factory.support.AbstractBeanFactory.lambda$doGetBean$0(AbstractBeanFactory.java:333)
	at org.springframework.beans.factory.support.DefaultSingletonBeanRegistry.getSingleton(DefaultSingletonBeanRegistry.java:371)
	at org.springframework.beans.factory.support.AbstractBeanFactory.doGetBean(AbstractBeanFactory.java:331)
	at org.springframework.beans.factory.support.AbstractBeanFactory.getBean(AbstractBeanFactory.java:201)
	at org.springframework.beans.factory.support.DefaultListableBeanFactory.resolveBean(DefaultListableBeanFactory.java:1225)
	at org.springframework.beans.factory.support.DefaultListableBeanFactory.doResolveDependency(DefaultListableBeanFactory.java:1704)
	at org.springframework.beans.factory.support.DefaultListableBeanFactory.resolveDependency(DefaultListableBeanFactory.java:1651)
	at org.springframework.beans.factory.support.ConstructorResolver.resolveAutowiredArgument(ConstructorResolver.java:912)
	at org.springframework.beans.factory.support.ConstructorResolver.createArgumentArray(ConstructorResolver.java:791)
	... 55 common frames omitted
Caused by: org.springframework.beans.factory.BeanCreationException: Error creating bean with name 'userRepository' defined in guru.springframework.ghd.repositories.UserRepository defined in @EnableJpaRepositories declared on GhdApplication: Cannot resolve reference to bean 'jpaSharedEM_entityManagerFactory' while setting bean property 'entityManager'
	at org.springframework.beans.factory.support.BeanDefinitionValueResolver.resolveReference(BeanDefinitionValueResolver.java:377)
	at org.springframework.beans.factory.support.BeanDefinitionValueResolver.resolveValueIfNecessary(BeanDefinitionValueResolver.java:135)
	at org.springframework.beans.factory.support.AbstractAutowireCapableBeanFactory.applyPropertyValues(AbstractAutowireCapableBeanFactory.java:1712)
	at org.springframework.beans.factory.support.AbstractAutowireCapableBeanFactory.populateBean(AbstractAutowireCapableBeanFactory.java:1461)
	at org.springframework.beans.factory.support.AbstractAutowireCapableBeanFactory.doCreateBean(AbstractAutowireCapableBeanFactory.java:602)
	at org.springframework.beans.factory.support.AbstractAutowireCapableBeanFactory.createBean(AbstractAutowireCapableBeanFactory.java:525)
	at org.springframework.beans.factory.support.AbstractBeanFactory.lambda$doGetBean$0(AbstractBeanFactory.java:333)
	at org.springframework.beans.factory.support.DefaultSingletonBeanRegistry.getSingleton(DefaultSingletonBeanRegistry.java:371)
	at org.springframework.beans.factory.support.AbstractBeanFactory.doGetBean(AbstractBeanFactory.java:331)
	at org.springframework.beans.factory.support.AbstractBeanFactory.getBean(AbstractBeanFactory.java:201)
	at org.springframework.beans.factory.support.DefaultListableBeanFactory.resolveBean(DefaultListableBeanFactory.java:1225)
	at org.springframework.beans.factory.support.DefaultListableBeanFactory.doResolveDependency(DefaultListableBeanFactory.java:1704)
	at org.springframework.beans.factory.support.DefaultListableBeanFactory.resolveDependency(DefaultListableBeanFactory.java:1651)
	at org.springframework.beans.factory.support.ConstructorResolver.resolveAutowiredArgument(ConstructorResolver.java:912)
	at org.springframework.beans.factory.support.ConstructorResolver.createArgumentArray(ConstructorResolver.java:791)
	... 69 common frames omitted
Caused by: org.springframework.beans.factory.BeanCreationException: Error creating bean with name 'jpaSharedEM_entityManagerFactory': Cannot resolve reference to bean 'entityManagerFactory' while setting constructor argument
	at org.springframework.beans.factory.support.BeanDefinitionValueResolver.resolveReference(BeanDefinitionValueResolver.java:377)
	at org.springframework.beans.factory.support.BeanDefinitionValueResolver.resolveValueIfNecessary(BeanDefinitionValueResolver.java:135)
	at org.springframework.beans.factory.support.ConstructorResolver.resolveConstructorArguments(ConstructorResolver.java:691)
	at org.springframework.beans.factory.support.ConstructorResolver.instantiateUsingFactoryMethod(ConstructorResolver.java:513)
	at org.springframework.beans.factory.support.AbstractAutowireCapableBeanFactory.instantiateUsingFactoryMethod(AbstractAutowireCapableBeanFactory.java:1362)
	at org.springframework.beans.factory.support.AbstractAutowireCapableBeanFactory.createBeanInstance(AbstractAutowireCapableBeanFactory.java:1194)
	at org.springframework.beans.factory.support.AbstractAutowireCapableBeanFactory.doCreateBean(AbstractAutowireCapableBeanFactory.java:565)
	at org.springframework.beans.factory.support.AbstractAutowireCapableBeanFactory.createBean(AbstractAutowireCapableBeanFactory.java:525)
	at org.springframework.beans.factory.support.AbstractBeanFactory.lambda$doGetBean$0(AbstractBeanFactory.java:333)
	at org.springframework.beans.factory.support.DefaultSingletonBeanRegistry.getSingleton(DefaultSingletonBeanRegistry.java:371)
	at org.springframework.beans.factory.support.AbstractBeanFactory.doGetBean(AbstractBeanFactory.java:331)
	at org.springframework.beans.factory.support.AbstractBeanFactory.getBean(AbstractBeanFactory.java:201)
	at org.springframework.beans.factory.support.BeanDefinitionValueResolver.resolveReference(BeanDefinitionValueResolver.java:356)
	... 83 common frames omitted
Caused by: org.springframework.beans.factory.BeanCreationException: Error creating bean with name 'flywayInitializer' defined in class path resource [org/springframework/boot/flyway/autoconfigure/FlywayAutoConfiguration$FlywayConfiguration.class]: Unable to obtain connection from database: Communications link failure

The last packet sent successfully to the server was 0 milliseconds ago. The driver has not received any packets from the server.
--------------------------------------------------------------------------------------------------------------------------------------------------------------------------------------------------------
SQL State  : 08S01
Error Code : 0
Message    : Communications link failure

The last packet sent successfully to the server was 0 milliseconds ago. The driver has not received any packets from the server.

	at org.springframework.beans.factory.support.AbstractAutowireCapableBeanFactory.initializeBean(AbstractAutowireCapableBeanFactory.java:1817)
	at org.springframework.beans.factory.support.AbstractAutowireCapableBeanFactory.doCreateBean(AbstractAutowireCapableBeanFactory.java:603)
	at org.springframework.beans.factory.support.AbstractAutowireCapableBeanFactory.createBean(AbstractAutowireCapableBeanFactory.java:525)
	at org.springframework.beans.factory.support.AbstractBeanFactory.lambda$doGetBean$0(AbstractBeanFactory.java:333)
	at org.springframework.beans.factory.support.DefaultSingletonBeanRegistry.getSingleton(DefaultSingletonBeanRegistry.java:371)
	at org.springframework.beans.factory.support.AbstractBeanFactory.doGetBean(AbstractBeanFactory.java:331)
	at org.springframework.beans.factory.support.AbstractBeanFactory.getBean(AbstractBeanFactory.java:196)
	at org.springframework.beans.factory.support.AbstractBeanFactory.doGetBean(AbstractBeanFactory.java:309)
	at org.springframework.beans.factory.support.AbstractBeanFactory.getBean(AbstractBeanFactory.java:196)
	at org.springframework.beans.factory.support.BeanDefinitionValueResolver.resolveReference(BeanDefinitionValueResolver.java:365)
	... 95 common frames omitted
Caused by: org.flywaydb.core.internal.exception.sqlExceptions.FlywaySqlUnableToConnectToDbException: Unable to obtain connection from database: Communications link failure

The last packet sent successfully to the server was 0 milliseconds ago. The driver has not received any packets from the server.
--------------------------------------------------------------------------------------------------------------------------------------------------------------------------------------------------------
SQL State  : 08S01
Error Code : 0
Message    : Communications link failure

The last packet sent successfully to the server was 0 milliseconds ago. The driver has not received any packets from the server.

	at org.flywaydb.core.internal.jdbc.JdbcUtils.openConnection(JdbcUtils.java:70)
	at org.flywaydb.core.internal.jdbc.JdbcConnectionFactory.<init>(JdbcConnectionFactory.java:76)
	at org.flywaydb.core.FlywayExecutor.execute(FlywayExecutor.java:142)
	at org.flywaydb.core.Flyway.migrate(Flyway.java:186)
	at org.springframework.boot.flyway.autoconfigure.FlywayMigrationInitializer.afterPropertiesSet(FlywayMigrationInitializer.java:67)
	at org.springframework.beans.factory.support.AbstractAutowireCapableBeanFactory.invokeInitMethods(AbstractAutowireCapableBeanFactory.java:1864)
	at org.springframework.beans.factory.support.AbstractAutowireCapableBeanFactory.initializeBean(AbstractAutowireCapableBeanFactory.java:1813)
	... 104 common frames omitted
Caused by: com.mysql.cj.jdbc.exceptions.CommunicationsException: Communications link failure

The last packet sent successfully to the server was 0 milliseconds ago. The driver has not received any packets from the server.
	at com.mysql.cj.jdbc.exceptions.SQLError.createCommunicationsException(SQLError.java:165)
	at com.mysql.cj.jdbc.exceptions.SQLExceptionsMapping.translateException(SQLExceptionsMapping.java:55)
	at com.mysql.cj.jdbc.ConnectionImpl.createNewIO(ConnectionImpl.java:840)
	at com.mysql.cj.jdbc.ConnectionImpl.<init>(ConnectionImpl.java:416)
	at com.mysql.cj.jdbc.ConnectionImpl.getInstance(ConnectionImpl.java:237)
	at com.mysql.cj.jdbc.NonRegisteringDriver.connect(NonRegisteringDriver.java:180)
	at com.zaxxer.hikari.util.DriverDataSource.getConnection(DriverDataSource.java:144)
	at com.zaxxer.hikari.pool.PoolBase.newConnection(PoolBase.java:373)
	at com.zaxxer.hikari.pool.PoolBase.newPoolEntry(PoolBase.java:210)
	at com.zaxxer.hikari.pool.HikariPool.createPoolEntry(HikariPool.java:488)
	at com.zaxxer.hikari.pool.HikariPool.checkFailFast(HikariPool.java:576)
	at com.zaxxer.hikari.pool.HikariPool.<init>(HikariPool.java:97)
	at com.zaxxer.hikari.HikariDataSource.getConnection(HikariDataSource.java:111)
	at org.flywaydb.core.internal.jdbc.JdbcUtils.openConnection(JdbcUtils.java:65)
	... 110 common frames omitted
Caused by: com.mysql.cj.exceptions.CJCommunicationsException: Communications link failure

The last packet sent successfully to the server was 0 milliseconds ago. The driver has not received any packets from the server.
	at java.base/jdk.internal.reflect.DirectConstructorHandleAccessor.newInstance(DirectConstructorHandleAccessor.java:62)
	at java.base/java.lang.reflect.Constructor.newInstanceWithCaller(Constructor.java:499)
	at java.base/java.lang.reflect.Constructor.newInstance(Constructor.java:483)
	at com.mysql.cj.exceptions.ExceptionFactory.createException(ExceptionFactory.java:52)
	at com.mysql.cj.exceptions.ExceptionFactory.createException(ExceptionFactory.java:95)
	at com.mysql.cj.exceptions.ExceptionFactory.createException(ExceptionFactory.java:140)
	at com.mysql.cj.exceptions.ExceptionFactory.createCommunicationsException(ExceptionFactory.java:156)
	at com.mysql.cj.protocol.a.NativeSocketConnection.connect(NativeSocketConnection.java:79)
	at com.mysql.cj.NativeSession.connect(NativeSession.java:142)
	at com.mysql.cj.jdbc.ConnectionImpl.connectOneTryOnly(ConnectionImpl.java:964)
	at com.mysql.cj.jdbc.ConnectionImpl.createNewIO(ConnectionImpl.java:828)
	... 121 common frames omitted
Caused by: java.net.ConnectException: Connection refused: getsockopt
	at java.base/sun.nio.ch.Net.pollConnect(Native Method)
	at java.base/sun.nio.ch.Net.pollConnectNow(Net.java:639)
	at java.base/sun.nio.ch.NioSocketImpl.timedFinishConnect(NioSocketImpl.java:543)
	at java.base/sun.nio.ch.NioSocketImpl.connect(NioSocketImpl.java:594)
	at java.base/java.net.SocksSocketImpl.connect(SocksSocketImpl.java:284)
	at java.base/java.net.Socket.connect(Socket.java:659)
	at com.mysql.cj.protocol.StandardSocketFactory.connect(StandardSocketFactory.java:144)
	at com.mysql.cj.protocol.a.NativeSocketConnection.connect(NativeSocketConnection.java:53)
	... 124 common frames omitted
2026-07-30 14:57:30 [main] INFO  g.s.g.s.JwtAuthenticationFilter - 
[HTTP GET] /api/v1/category -> Status: 500
[Res Body]: {"status":500,"message":"Unexpected error occurred","data":null}
2026-07-30 15:03:39 [main] TRACE o.s.c.a.AnnotationCacheOperationSource - Adding cacheable method 'getAll' with operations: [Builder[public java.util.List guru.springframework.ghd.services.impl.BannerServiceImpl.getAll()] caches=[banners] | key=''all'' | keyGenerator='' | cacheManager='' | cacheResolver='' | condition='' | unless='' | sync='false']
2026-07-30 15:03:39 [main] TRACE o.s.c.a.AnnotationCacheOperationSource - Adding cacheable method 'deleteById' with operations: [Builder[public void guru.springframework.ghd.services.impl.BannerServiceImpl.deleteById(java.util.UUID)] caches=[banners] | key='' | keyGenerator='' | cacheManager='' | cacheResolver='' | condition='',true,false]
2026-07-30 15:03:39 [main] TRACE o.s.c.a.AnnotationCacheOperationSource - Adding cacheable method 'updateById' with operations: [Builder[public java.util.Optional guru.springframework.ghd.services.impl.BannerServiceImpl.updateById(java.util.UUID,guru.springframework.ghd.dto.banner.BannerRequest)] caches=[banners] | key='' | keyGenerator='' | cacheManager='' | cacheResolver='' | condition='',true,false]
2026-07-30 15:03:39 [main] TRACE o.s.c.a.AnnotationCacheOperationSource - Adding cacheable method 'addBanner' with operations: [Builder[public guru.springframework.ghd.dto.banner.BannerResponse guru.springframework.ghd.services.impl.BannerServiceImpl.addBanner(guru.springframework.ghd.dto.banner.BannerRequest)] caches=[banners] | key='' | keyGenerator='' | cacheManager='' | cacheResolver='' | condition='',true,false]
2026-07-30 15:03:39 [main] TRACE o.s.c.a.AnnotationCacheOperationSource - Adding cacheable method 'getBannerByPosition' with operations: [Builder[public guru.springframework.ghd.dto.banner.BannerResponse guru.springframework.ghd.services.impl.BannerServiceImpl.getBannerByPosition(java.lang.String)] caches=[banners] | key=''position:' + #position' | keyGenerator='' | cacheManager='' | cacheResolver='' | condition='' | unless='' | sync='false']
2026-07-30 15:03:39 [main] TRACE o.s.c.a.AnnotationCacheOperationSource - Adding cacheable method 'getAll' with operations: [Builder[public java.util.List guru.springframework.ghd.services.impl.BrandServiceImpl.getAll()] caches=[brands] | key=''all'' | keyGenerator='' | cacheManager='' | cacheResolver='' | condition='' | unless='' | sync='false']
2026-07-30 15:03:39 [main] TRACE o.s.c.a.AnnotationCacheOperationSource - Adding cacheable method 'getAllNotNullLogo' with operations: [Builder[public java.util.List guru.springframework.ghd.services.impl.BrandServiceImpl.getAllNotNullLogo()] caches=[brands] | key=''notNullLogo'' | keyGenerator='' | cacheManager='' | cacheResolver='' | condition='' | unless='' | sync='false']
2026-07-30 15:03:39 [main] TRACE o.s.c.a.AnnotationCacheOperationSource - Adding cacheable method 'deleteById' with operations: [Builder[public void guru.springframework.ghd.services.impl.BrandServiceImpl.deleteById(java.lang.String)] caches=[brands] | key='' | keyGenerator='' | cacheManager='' | cacheResolver='' | condition='',true,false, Builder[public void guru.springframework.ghd.services.impl.BrandServiceImpl.deleteById(java.lang.String)] caches=[products] | key='' | keyGenerator='' | cacheManager='' | cacheResolver='' | condition='',true,false, Builder[public void guru.springframework.ghd.services.impl.BrandServiceImpl.deleteById(java.lang.String)] caches=[products-latest] | key='' | keyGenerator='' | cacheManager='' | cacheResolver='' | condition='',true,false, Builder[public void guru.springframework.ghd.services.impl.BrandServiceImpl.deleteById(java.lang.String)] caches=[products-related] | key='' | keyGenerator='' | cacheManager='' | cacheResolver='' | condition='',true,false, Builder[public void guru.springframework.ghd.services.impl.BrandServiceImpl.deleteById(java.lang.String)] caches=[news] | key='' | keyGenerator='' | cacheManager='' | cacheResolver='' | condition='',true,false]
2026-07-30 15:03:39 [main] TRACE o.s.c.a.AnnotationCacheOperationSource - Adding cacheable method 'updateById' with operations: [Builder[public java.util.Optional guru.springframework.ghd.services.impl.BrandServiceImpl.updateById(java.lang.String,guru.springframework.ghd.dto.brand.BrandRequest)] caches=[brands] | key='' | keyGenerator='' | cacheManager='' | cacheResolver='' | condition='',true,false, Builder[public java.util.Optional guru.springframework.ghd.services.impl.BrandServiceImpl.updateById(java.lang.String,guru.springframework.ghd.dto.brand.BrandRequest)] caches=[products] | key='' | keyGenerator='' | cacheManager='' | cacheResolver='' | condition='',true,false, Builder[public java.util.Optional guru.springframework.ghd.services.impl.BrandServiceImpl.updateById(java.lang.String,guru.springframework.ghd.dto.brand.BrandRequest)] caches=[products-latest] | key='' | keyGenerator='' | cacheManager='' | cacheResolver='' | condition='',true,false, Builder[public java.util.Optional guru.springframework.ghd.services.impl.BrandServiceImpl.updateById(java.lang.String,guru.springframework.ghd.dto.brand.BrandRequest)] caches=[products-related] | key='' | keyGenerator='' | cacheManager='' | cacheResolver='' | condition='',true,false, Builder[public java.util.Optional guru.springframework.ghd.services.impl.BrandServiceImpl.updateById(java.lang.String,guru.springframework.ghd.dto.brand.BrandRequest)] caches=[news] | key='' | keyGenerator='' | cacheManager='' | cacheResolver='' | condition='',true,false]
2026-07-30 15:03:39 [main] TRACE o.s.c.a.AnnotationCacheOperationSource - Adding cacheable method 'addBrand' with operations: [Builder[public guru.springframework.ghd.dto.brand.BrandResponse guru.springframework.ghd.services.impl.BrandServiceImpl.addBrand(guru.springframework.ghd.dto.brand.BrandRequest)] caches=[brands] | key='' | keyGenerator='' | cacheManager='' | cacheResolver='' | condition='',true,false, Builder[public guru.springframework.ghd.dto.brand.BrandResponse guru.springframework.ghd.services.impl.BrandServiceImpl.addBrand(guru.springframework.ghd.dto.brand.BrandRequest)] caches=[products] | key='' | keyGenerator='' | cacheManager='' | cacheResolver='' | condition='',true,false, Builder[public guru.springframework.ghd.dto.brand.BrandResponse guru.springframework.ghd.services.impl.BrandServiceImpl.addBrand(guru.springframework.ghd.dto.brand.BrandRequest)] caches=[products-latest] | key='' | keyGenerator='' | cacheManager='' | cacheResolver='' | condition='',true,false, Builder[public guru.springframework.ghd.dto.brand.BrandResponse guru.springframework.ghd.services.impl.BrandServiceImpl.addBrand(guru.springframework.ghd.dto.brand.BrandRequest)] caches=[products-related] | key='' | keyGenerator='' | cacheManager='' | cacheResolver='' | condition='',true,false, Builder[public guru.springframework.ghd.dto.brand.BrandResponse guru.springframework.ghd.services.impl.BrandServiceImpl.addBrand(guru.springframework.ghd.dto.brand.BrandRequest)] caches=[news] | key='' | keyGenerator='' | cacheManager='' | cacheResolver='' | condition='',true,false]
2026-07-30 15:03:39 [main] TRACE o.s.c.a.AnnotationCacheOperationSource - Adding cacheable method 'getAll' with operations: [Builder[public java.util.List guru.springframework.ghd.services.impl.CategoryServiceImpl.getAll()] caches=[categories] | key=''all'' | keyGenerator='' | cacheManager='' | cacheResolver='' | condition='' | unless='' | sync='false']
2026-07-30 15:03:39 [main] TRACE o.s.c.a.AnnotationCacheOperationSource - Adding cacheable method 'addCategory' with operations: [Builder[public guru.springframework.ghd.dto.category.CategoryResponse guru.springframework.ghd.services.impl.CategoryServiceImpl.addCategory(guru.springframework.ghd.dto.category.CategoryRequest)] caches=[categories] | key='' | keyGenerator='' | cacheManager='' | cacheResolver='' | condition='',true,false, Builder[public guru.springframework.ghd.dto.category.CategoryResponse guru.springframework.ghd.services.impl.CategoryServiceImpl.addCategory(guru.springframework.ghd.dto.category.CategoryRequest)] caches=[products] | key='' | keyGenerator='' | cacheManager='' | cacheResolver='' | condition='',true,false, Builder[public guru.springframework.ghd.dto.category.CategoryResponse guru.springframework.ghd.services.impl.CategoryServiceImpl.addCategory(guru.springframework.ghd.dto.category.CategoryRequest)] caches=[products-latest] | key='' | keyGenerator='' | cacheManager='' | cacheResolver='' | condition='',true,false, Builder[public guru.springframework.ghd.dto.category.CategoryResponse guru.springframework.ghd.services.impl.CategoryServiceImpl.addCategory(guru.springframework.ghd.dto.category.CategoryRequest)] caches=[products-related] | key='' | keyGenerator='' | cacheManager='' | cacheResolver='' | condition='',true,false, Builder[public guru.springframework.ghd.dto.category.CategoryResponse guru.springframework.ghd.services.impl.CategoryServiceImpl.addCategory(guru.springframework.ghd.dto.category.CategoryRequest)] caches=[news] | key='' | keyGenerator='' | cacheManager='' | cacheResolver='' | condition='',true,false]
2026-07-30 15:03:39 [main] TRACE o.s.c.a.AnnotationCacheOperationSource - Adding cacheable method 'getAllNotNullLogo' with operations: [Builder[public java.util.List guru.springframework.ghd.services.impl.CategoryServiceImpl.getAllNotNullLogo()] caches=[categories] | key=''notNullLogo'' | keyGenerator='' | cacheManager='' | cacheResolver='' | condition='' | unless='' | sync='false']
2026-07-30 15:03:39 [main] TRACE o.s.c.a.AnnotationCacheOperationSource - Adding cacheable method 'deleteById' with operations: [Builder[public void guru.springframework.ghd.services.impl.CategoryServiceImpl.deleteById(java.lang.String)] caches=[categories] | key='' | keyGenerator='' | cacheManager='' | cacheResolver='' | condition='',true,false, Builder[public void guru.springframework.ghd.services.impl.CategoryServiceImpl.deleteById(java.lang.String)] caches=[products] | key='' | keyGenerator='' | cacheManager='' | cacheResolver='' | condition='',true,false, Builder[public void guru.springframework.ghd.services.impl.CategoryServiceImpl.deleteById(java.lang.String)] caches=[products-latest] | key='' | keyGenerator='' | cacheManager='' | cacheResolver='' | condition='',true,false, Builder[public void guru.springframework.ghd.services.impl.CategoryServiceImpl.deleteById(java.lang.String)] caches=[products-related] | key='' | keyGenerator='' | cacheManager='' | cacheResolver='' | condition='',true,false, Builder[public void guru.springframework.ghd.services.impl.CategoryServiceImpl.deleteById(java.lang.String)] caches=[news] | key='' | keyGenerator='' | cacheManager='' | cacheResolver='' | condition='',true,false]
2026-07-30 15:03:39 [main] TRACE o.s.c.a.AnnotationCacheOperationSource - Adding cacheable method 'updateById' with operations: [Builder[public java.util.Optional guru.springframework.ghd.services.impl.CategoryServiceImpl.updateById(java.lang.String,guru.springframework.ghd.dto.category.CategoryRequest)] caches=[categories] | key='' | keyGenerator='' | cacheManager='' | cacheResolver='' | condition='',true,false, Builder[public java.util.Optional guru.springframework.ghd.services.impl.CategoryServiceImpl.updateById(java.lang.String,guru.springframework.ghd.dto.category.CategoryRequest)] caches=[products] | key='' | keyGenerator='' | cacheManager='' | cacheResolver='' | condition='',true,false, Builder[public java.util.Optional guru.springframework.ghd.services.impl.CategoryServiceImpl.updateById(java.lang.String,guru.springframework.ghd.dto.category.CategoryRequest)] caches=[products-latest] | key='' | keyGenerator='' | cacheManager='' | cacheResolver='' | condition='',true,false, Builder[public java.util.Optional guru.springframework.ghd.services.impl.CategoryServiceImpl.updateById(java.lang.String,guru.springframework.ghd.dto.category.CategoryRequest)] caches=[products-related] | key='' | keyGenerator='' | cacheManager='' | cacheResolver='' | condition='',true,false, Builder[public java.util.Optional guru.springframework.ghd.services.impl.CategoryServiceImpl.updateById(java.lang.String,guru.springframework.ghd.dto.category.CategoryRequest)] caches=[news] | key='' | keyGenerator='' | cacheManager='' | cacheResolver='' | condition='',true,false]
2026-07-30 15:03:39 [main] TRACE o.s.c.a.AnnotationCacheOperationSource - Adding cacheable method 'updateNews' with operations: [Builder[public guru.springframework.ghd.dto.news.NewsResponse guru.springframework.ghd.services.impl.NewsServiceImpl.updateNews(java.lang.String,guru.springframework.ghd.dto.news.NewsRequest,org.springframework.web.multipart.MultipartFile)] caches=[news] | key='' | keyGenerator='' | cacheManager='' | cacheResolver='' | condition='',true,false]
2026-07-30 15:03:39 [main] TRACE o.s.c.a.AnnotationCacheOperationSource - Adding cacheable method 'addNews' with operations: [Builder[public guru.springframework.ghd.dto.news.NewsResponse guru.springframework.ghd.services.impl.NewsServiceImpl.addNews(guru.springframework.ghd.dto.news.NewsRequest,org.springframework.web.multipart.MultipartFile)] caches=[news] | key='' | keyGenerator='' | cacheManager='' | cacheResolver='' | condition='',true,false]
2026-07-30 15:03:39 [main] TRACE o.s.c.a.AnnotationCacheOperationSource - Adding cacheable method 'getBySlug' with operations: [Builder[public guru.springframework.ghd.dto.news.NewsResponse guru.springframework.ghd.services.impl.NewsServiceImpl.getBySlug(java.lang.String)] caches=[news] | key=''slug:' + #slug' | keyGenerator='' | cacheManager='' | cacheResolver='' | condition='' | unless='' | sync='false']
2026-07-30 15:03:39 [main] TRACE o.s.c.a.AnnotationCacheOperationSource - Adding cacheable method 'deleteNewsById' with operations: [Builder[public void guru.springframework.ghd.services.impl.NewsServiceImpl.deleteNewsById(java.lang.String)] caches=[news] | key='' | keyGenerator='' | cacheManager='' | cacheResolver='' | condition='',true,false]
2026-07-30 15:03:39 [main] TRACE o.s.c.a.AnnotationCacheOperationSource - Adding cacheable method 'getListFeatured' with operations: [Builder[public java.util.List guru.springframework.ghd.services.impl.NewsServiceImpl.getListFeatured()] caches=[news] | key=''featured'' | keyGenerator='' | cacheManager='' | cacheResolver='' | condition='' | unless='' | sync='false']
2026-07-30 15:03:39 [main] TRACE o.s.c.a.AnnotationCacheOperationSource - Adding cacheable method 'getRelatedNews' with operations: [Builder[public guru.springframework.ghd.dto.news.NewsResponse guru.springframework.ghd.services.impl.NewsServiceImpl.getRelatedNews(java.lang.String,java.lang.String)] caches=[news] | key=''related:' + #categoryTitle + ':' + #brandTitle' | keyGenerator='' | cacheManager='' | cacheResolver='' | condition='' | unless='' | sync='false']
2026-07-30 15:03:40 [main] TRACE o.s.c.a.AnnotationCacheOperationSource - Adding cacheable method 'getAll' with operations: [Builder[public java.util.List guru.springframework.ghd.services.impl.PolicyServiceImpl.getAll()] caches=[policies] | key=''all'' | keyGenerator='' | cacheManager='' | cacheResolver='' | condition='' | unless='' | sync='false']
2026-07-30 15:03:40 [main] TRACE o.s.c.a.AnnotationCacheOperationSource - Adding cacheable method 'addPolicy' with operations: [Builder[public void guru.springframework.ghd.services.impl.PolicyServiceImpl.addPolicy(guru.springframework.ghd.dto.policy.PolicyRequest)] caches=[policies] | key='' | keyGenerator='' | cacheManager='' | cacheResolver='' | condition='',true,false, Builder[public void guru.springframework.ghd.services.impl.PolicyServiceImpl.addPolicy(guru.springframework.ghd.dto.policy.PolicyRequest)] caches=[products] | key='' | keyGenerator='' | cacheManager='' | cacheResolver='' | condition='',true,false, Builder[public void guru.springframework.ghd.services.impl.PolicyServiceImpl.addPolicy(guru.springframework.ghd.dto.policy.PolicyRequest)] caches=[products-latest] | key='' | keyGenerator='' | cacheManager='' | cacheResolver='' | condition='',true,false, Builder[public void guru.springframework.ghd.services.impl.PolicyServiceImpl.addPolicy(guru.springframework.ghd.dto.policy.PolicyRequest)] caches=[products-related] | key='' | keyGenerator='' | cacheManager='' | cacheResolver='' | condition='',true,false]
2026-07-30 15:03:40 [main] TRACE o.s.c.a.AnnotationCacheOperationSource - Adding cacheable method 'deletePolicy' with operations: [Builder[public void guru.springframework.ghd.services.impl.PolicyServiceImpl.deletePolicy(java.lang.String)] caches=[policies] | key='' | keyGenerator='' | cacheManager='' | cacheResolver='' | condition='',true,false, Builder[public void guru.springframework.ghd.services.impl.PolicyServiceImpl.deletePolicy(java.lang.String)] caches=[products] | key='' | keyGenerator='' | cacheManager='' | cacheResolver='' | condition='',true,false, Builder[public void guru.springframework.ghd.services.impl.PolicyServiceImpl.deletePolicy(java.lang.String)] caches=[products-latest] | key='' | keyGenerator='' | cacheManager='' | cacheResolver='' | condition='',true,false, Builder[public void guru.springframework.ghd.services.impl.PolicyServiceImpl.deletePolicy(java.lang.String)] caches=[products-related] | key='' | keyGenerator='' | cacheManager='' | cacheResolver='' | condition='',true,false]
2026-07-30 15:03:40 [main] TRACE o.s.c.a.AnnotationCacheOperationSource - Adding cacheable method 'updatePolicy' with operations: [Builder[public void guru.springframework.ghd.services.impl.PolicyServiceImpl.updatePolicy(java.lang.String,guru.springframework.ghd.dto.policy.PolicyRequest)] caches=[policies] | key='' | keyGenerator='' | cacheManager='' | cacheResolver='' | condition='',true,false, Builder[public void guru.springframework.ghd.services.impl.PolicyServiceImpl.updatePolicy(java.lang.String,guru.springframework.ghd.dto.policy.PolicyRequest)] caches=[products] | key='' | keyGenerator='' | cacheManager='' | cacheResolver='' | condition='',true,false, Builder[public void guru.springframework.ghd.services.impl.PolicyServiceImpl.updatePolicy(java.lang.String,guru.springframework.ghd.dto.policy.PolicyRequest)] caches=[products-latest] | key='' | keyGenerator='' | cacheManager='' | cacheResolver='' | condition='',true,false, Builder[public void guru.springframework.ghd.services.impl.PolicyServiceImpl.updatePolicy(java.lang.String,guru.springframework.ghd.dto.policy.PolicyRequest)] caches=[products-related] | key='' | keyGenerator='' | cacheManager='' | cacheResolver='' | condition='',true,false]
2026-07-30 15:03:40 [main] TRACE o.s.c.a.AnnotationCacheOperationSource - Adding cacheable method 'getPolicyById' with operations: [Builder[public guru.springframework.ghd.dto.policy.PolicyResponse guru.springframework.ghd.services.impl.PolicyServiceImpl.getPolicyById(java.lang.String)] caches=[policies] | key=''id:' + #id' | keyGenerator='' | cacheManager='' | cacheResolver='' | condition='' | unless='' | sync='false']
2026-07-30 15:03:40 [main] TRACE o.s.c.a.AnnotationCacheOperationSource - Adding cacheable method 'getLatestProductsByCategory' with operations: [Builder[public org.springframework.data.domain.Page guru.springframework.ghd.services.impl.ProductServiceImpl.getLatestProductsByCategory(java.lang.String,int)] caches=[products-latest] | key=''cat:' + #categoryId + ':limit:' + #limit' | keyGenerator='' | cacheManager='' | cacheResolver='' | condition='' | unless='' | sync='false']
2026-07-30 15:03:40 [main] TRACE o.s.c.a.AnnotationCacheOperationSource - Adding cacheable method 'addProduct' with operations: [Builder[public guru.springframework.ghd.dto.product.ProductResponse guru.springframework.ghd.services.impl.ProductServiceImpl.addProduct(guru.springframework.ghd.dto.product.ProductRequest,org.springframework.web.multipart.MultipartFile,java.util.List)] caches=[products] | key='' | keyGenerator='' | cacheManager='' | cacheResolver='' | condition='',true,false, Builder[public guru.springframework.ghd.dto.product.ProductResponse guru.springframework.ghd.services.impl.ProductServiceImpl.addProduct(guru.springframework.ghd.dto.product.ProductRequest,org.springframework.web.multipart.MultipartFile,java.util.List)] caches=[products-latest] | key='' | keyGenerator='' | cacheManager='' | cacheResolver='' | condition='',true,false, Builder[public guru.springframework.ghd.dto.product.ProductResponse guru.springframework.ghd.services.impl.ProductServiceImpl.addProduct(guru.springframework.ghd.dto.product.ProductRequest,org.springframework.web.multipart.MultipartFile,java.util.List)] caches=[products-related] | key='' | keyGenerator='' | cacheManager='' | cacheResolver='' | condition='',true,false]
2026-07-30 15:03:40 [main] TRACE o.s.c.a.AnnotationCacheOperationSource - Adding cacheable method 'getBySlug' with operations: [Builder[public guru.springframework.ghd.dto.product.ProductDetailClientResponse guru.springframework.ghd.services.impl.ProductServiceImpl.getBySlug(java.lang.String)] caches=[products] | key=''slug:' + #slug' | keyGenerator='' | cacheManager='' | cacheResolver='' | condition='' | unless='' | sync='false']
2026-07-30 15:03:40 [main] TRACE o.s.c.a.AnnotationCacheOperationSource - Adding cacheable method 'updateProduct' with operations: [Builder[public guru.springframework.ghd.dto.product.ProductResponse guru.springframework.ghd.services.impl.ProductServiceImpl.updateProduct(java.lang.String,guru.springframework.ghd.dto.product.ProductRequest,org.springframework.web.multipart.MultipartFile,java.util.List)] caches=[products] | key='' | keyGenerator='' | cacheManager='' | cacheResolver='' | condition='',true,false, Builder[public guru.springframework.ghd.dto.product.ProductResponse guru.springframework.ghd.services.impl.ProductServiceImpl.updateProduct(java.lang.String,guru.springframework.ghd.dto.product.ProductRequest,org.springframework.web.multipart.MultipartFile,java.util.List)] caches=[products-latest] | key='' | keyGenerator='' | cacheManager='' | cacheResolver='' | condition='',true,false, Builder[public guru.springframework.ghd.dto.product.ProductResponse guru.springframework.ghd.services.impl.ProductServiceImpl.updateProduct(java.lang.String,guru.springframework.ghd.dto.product.ProductRequest,org.springframework.web.multipart.MultipartFile,java.util.List)] caches=[products-related] | key='' | keyGenerator='' | cacheManager='' | cacheResolver='' | condition='',true,false]
2026-07-30 15:03:40 [main] TRACE o.s.c.a.AnnotationCacheOperationSource - Adding cacheable method 'getLatestProducts' with operations: [Builder[public org.springframework.data.domain.Page guru.springframework.ghd.services.impl.ProductServiceImpl.getLatestProducts(int)] caches=[products-latest] | key=''limit:' + #limit' | keyGenerator='' | cacheManager='' | cacheResolver='' | condition='' | unless='' | sync='false']
2026-07-30 15:03:40 [main] TRACE o.s.c.a.AnnotationCacheOperationSource - Adding cacheable method 'getRelatedProducts' with operations: [Builder[public java.util.List guru.springframework.ghd.services.impl.ProductServiceImpl.getRelatedProducts()] caches=[products-related] | key=''all'' | keyGenerator='' | cacheManager='' | cacheResolver='' | condition='' | unless='' | sync='false']
2026-07-30 15:03:40 [main] TRACE o.s.c.a.AnnotationCacheOperationSource - Adding cacheable method 'getByIdProduct' with operations: [Builder[public guru.springframework.ghd.dto.product.ProductDetailClientResponse guru.springframework.ghd.services.impl.ProductServiceImpl.getByIdProduct(java.lang.String)] caches=[products] | key=''idProduct:' + #idProduct' | keyGenerator='' | cacheManager='' | cacheResolver='' | condition='' | unless='' | sync='false']
2026-07-30 15:03:40 [main] TRACE o.s.c.a.AnnotationCacheOperationSource - Adding cacheable method 'getAll' with operations: [Builder[public java.util.List guru.springframework.ghd.services.impl.SliderServiceImpl.getAll()] caches=[sliders] | key=''all'' | keyGenerator='' | cacheManager='' | cacheResolver='' | condition='' | unless='' | sync='false']
2026-07-30 15:03:40 [main] TRACE o.s.c.a.AnnotationCacheOperationSource - Adding cacheable method 'deleteById' with operations: [Builder[public void guru.springframework.ghd.services.impl.SliderServiceImpl.deleteById(java.lang.String)] caches=[sliders] | key='' | keyGenerator='' | cacheManager='' | cacheResolver='' | condition='',true,false]
2026-07-30 15:03:40 [main] TRACE o.s.c.a.AnnotationCacheOperationSource - Adding cacheable method 'updateById' with operations: [Builder[public java.util.Optional guru.springframework.ghd.services.impl.SliderServiceImpl.updateById(java.lang.String,guru.springframework.ghd.dto.slider.SliderRequest)] caches=[sliders] | key='' | keyGenerator='' | cacheManager='' | cacheResolver='' | condition='',true,false]
2026-07-30 15:03:40 [main] TRACE o.s.c.a.AnnotationCacheOperationSource - Adding cacheable method 'addSlider' with operations: [Builder[public guru.springframework.ghd.dto.slider.SliderResponse guru.springframework.ghd.services.impl.SliderServiceImpl.addSlider(guru.springframework.ghd.dto.slider.SliderRequest)] caches=[sliders] | key='' | keyGenerator='' | cacheManager='' | cacheResolver='' | condition='',true,false]
2026-07-30 15:03:40 [main] TRACE o.s.c.a.AnnotationCacheOperationSource - Adding cacheable method 'getAll' with operations: [Builder[public java.util.List guru.springframework.ghd.services.impl.SysParamServiceImpl.getAll()] caches=[sys-params] | key=''all'' | keyGenerator='' | cacheManager='' | cacheResolver='' | condition='' | unless='' | sync='false']
2026-07-30 15:03:40 [main] TRACE o.s.c.a.AnnotationCacheOperationSource - Adding cacheable method 'getByKey' with operations: [Builder[public java.util.Optional guru.springframework.ghd.services.impl.SysParamServiceImpl.getByKey(java.lang.String)] caches=[sys-params] | key=''key:' + #key' | keyGenerator='' | cacheManager='' | cacheResolver='' | condition='' | unless='' | sync='false']
2026-07-30 15:03:40 [main] TRACE o.s.c.a.AnnotationCacheOperationSource - Adding cacheable method 'updateSysParam' with operations: [Builder[public void guru.springframework.ghd.services.impl.SysParamServiceImpl.updateSysParam(java.util.List)] caches=[sys-params] | key='' | keyGenerator='' | cacheManager='' | cacheResolver='' | condition='',true,false]
2026-07-30 15:03:49 [main] TRACE o.s.c.interceptor.CacheInterceptor - Computed cache key 'all' for operation Builder[public java.util.List guru.springframework.ghd.services.impl.CategoryServiceImpl.getAll()] caches=[categories] | key=''all'' | keyGenerator='' | cacheManager='' | cacheResolver='' | condition='' | unless='' | sync='false'
2026-07-30 15:03:49 [main] TRACE o.s.c.interceptor.CacheInterceptor - No cache entry for key 'all' in cache(s) [categories]
2026-07-30 15:03:49 [main] TRACE o.s.c.interceptor.CacheInterceptor - Creating cache entry for key 'all' in cache(s) [categories]
2026-07-30 15:03:49 [main] TRACE o.s.c.interceptor.CacheInterceptor - Computed cache key 'all' for operation Builder[public java.util.List guru.springframework.ghd.services.impl.CategoryServiceImpl.getAll()] caches=[categories] | key=''all'' | keyGenerator='' | cacheManager='' | cacheResolver='' | condition='' | unless='' | sync='false'
2026-07-30 15:03:49 [main] TRACE o.s.c.interceptor.CacheInterceptor - Cache entry for key 'all' found in cache(s) [categories]
2026-07-30 15:03:49 [main] TRACE o.s.c.interceptor.CacheInterceptor - Computed cache key 'all' for operation Builder[public java.util.List guru.springframework.ghd.services.impl.CategoryServiceImpl.getAll()] caches=[categories] | key=''all'' | keyGenerator='' | cacheManager='' | cacheResolver='' | condition='' | unless='' | sync='false'
2026-07-30 15:03:49 [main] TRACE o.s.c.interceptor.CacheInterceptor - Cache entry for key 'all' found in cache(s) [categories]
2026-07-30 15:08:15 [main] TRACE o.s.c.a.AnnotationCacheOperationSource - Adding cacheable method 'getAll' with operations: [Builder[public java.util.List guru.springframework.ghd.services.impl.BannerServiceImpl.getAll()] caches=[banners] | key=''all'' | keyGenerator='' | cacheManager='' | cacheResolver='' | condition='' | unless='' | sync='false']
2026-07-30 15:08:15 [main] TRACE o.s.c.a.AnnotationCacheOperationSource - Adding cacheable method 'deleteById' with operations: [Builder[public void guru.springframework.ghd.services.impl.BannerServiceImpl.deleteById(java.util.UUID)] caches=[banners] | key='' | keyGenerator='' | cacheManager='' | cacheResolver='' | condition='',true,false]
2026-07-30 15:08:15 [main] TRACE o.s.c.a.AnnotationCacheOperationSource - Adding cacheable method 'updateById' with operations: [Builder[public java.util.Optional guru.springframework.ghd.services.impl.BannerServiceImpl.updateById(java.util.UUID,guru.springframework.ghd.dto.banner.BannerRequest)] caches=[banners] | key='' | keyGenerator='' | cacheManager='' | cacheResolver='' | condition='',true,false]
2026-07-30 15:08:15 [main] TRACE o.s.c.a.AnnotationCacheOperationSource - Adding cacheable method 'getBannerByPosition' with operations: [Builder[public guru.springframework.ghd.dto.banner.BannerResponse guru.springframework.ghd.services.impl.BannerServiceImpl.getBannerByPosition(java.lang.String)] caches=[banners] | key=''position:' + #position' | keyGenerator='' | cacheManager='' | cacheResolver='' | condition='' | unless='' | sync='false']
2026-07-30 15:08:15 [main] TRACE o.s.c.a.AnnotationCacheOperationSource - Adding cacheable method 'addBanner' with operations: [Builder[public guru.springframework.ghd.dto.banner.BannerResponse guru.springframework.ghd.services.impl.BannerServiceImpl.addBanner(guru.springframework.ghd.dto.banner.BannerRequest)] caches=[banners] | key='' | keyGenerator='' | cacheManager='' | cacheResolver='' | condition='',true,false]
2026-07-30 15:08:15 [main] TRACE o.s.c.a.AnnotationCacheOperationSource - Adding cacheable method 'getAll' with operations: [Builder[public java.util.List guru.springframework.ghd.services.impl.BrandServiceImpl.getAll()] caches=[brands] | key=''all'' | keyGenerator='' | cacheManager='' | cacheResolver='' | condition='' | unless='' | sync='false']
2026-07-30 15:08:15 [main] TRACE o.s.c.a.AnnotationCacheOperationSource - Adding cacheable method 'deleteById' with operations: [Builder[public void guru.springframework.ghd.services.impl.BrandServiceImpl.deleteById(java.lang.String)] caches=[brands] | key='' | keyGenerator='' | cacheManager='' | cacheResolver='' | condition='',true,false, Builder[public void guru.springframework.ghd.services.impl.BrandServiceImpl.deleteById(java.lang.String)] caches=[products] | key='' | keyGenerator='' | cacheManager='' | cacheResolver='' | condition='',true,false, Builder[public void guru.springframework.ghd.services.impl.BrandServiceImpl.deleteById(java.lang.String)] caches=[products-latest] | key='' | keyGenerator='' | cacheManager='' | cacheResolver='' | condition='',true,false, Builder[public void guru.springframework.ghd.services.impl.BrandServiceImpl.deleteById(java.lang.String)] caches=[products-related] | key='' | keyGenerator='' | cacheManager='' | cacheResolver='' | condition='',true,false, Builder[public void guru.springframework.ghd.services.impl.BrandServiceImpl.deleteById(java.lang.String)] caches=[news] | key='' | keyGenerator='' | cacheManager='' | cacheResolver='' | condition='',true,false]
2026-07-30 15:08:15 [main] TRACE o.s.c.a.AnnotationCacheOperationSource - Adding cacheable method 'updateById' with operations: [Builder[public java.util.Optional guru.springframework.ghd.services.impl.BrandServiceImpl.updateById(java.lang.String,guru.springframework.ghd.dto.brand.BrandRequest)] caches=[brands] | key='' | keyGenerator='' | cacheManager='' | cacheResolver='' | condition='',true,false, Builder[public java.util.Optional guru.springframework.ghd.services.impl.BrandServiceImpl.updateById(java.lang.String,guru.springframework.ghd.dto.brand.BrandRequest)] caches=[products] | key='' | keyGenerator='' | cacheManager='' | cacheResolver='' | condition='',true,false, Builder[public java.util.Optional guru.springframework.ghd.services.impl.BrandServiceImpl.updateById(java.lang.String,guru.springframework.ghd.dto.brand.BrandRequest)] caches=[products-latest] | key='' | keyGenerator='' | cacheManager='' | cacheResolver='' | condition='',true,false, Builder[public java.util.Optional guru.springframework.ghd.services.impl.BrandServiceImpl.updateById(java.lang.String,guru.springframework.ghd.dto.brand.BrandRequest)] caches=[products-related] | key='' | keyGenerator='' | cacheManager='' | cacheResolver='' | condition='',true,false, Builder[public java.util.Optional guru.springframework.ghd.services.impl.BrandServiceImpl.updateById(java.lang.String,guru.springframework.ghd.dto.brand.BrandRequest)] caches=[news] | key='' | keyGenerator='' | cacheManager='' | cacheResolver='' | condition='',true,false]
2026-07-30 15:08:15 [main] TRACE o.s.c.a.AnnotationCacheOperationSource - Adding cacheable method 'getAllNotNullLogo' with operations: [Builder[public java.util.List guru.springframework.ghd.services.impl.BrandServiceImpl.getAllNotNullLogo()] caches=[brands] | key=''notNullLogo'' | keyGenerator='' | cacheManager='' | cacheResolver='' | condition='' | unless='' | sync='false']
2026-07-30 15:08:15 [main] TRACE o.s.c.a.AnnotationCacheOperationSource - Adding cacheable method 'addBrand' with operations: [Builder[public guru.springframework.ghd.dto.brand.BrandResponse guru.springframework.ghd.services.impl.BrandServiceImpl.addBrand(guru.springframework.ghd.dto.brand.BrandRequest)] caches=[brands] | key='' | keyGenerator='' | cacheManager='' | cacheResolver='' | condition='',true,false, Builder[public guru.springframework.ghd.dto.brand.BrandResponse guru.springframework.ghd.services.impl.BrandServiceImpl.addBrand(guru.springframework.ghd.dto.brand.BrandRequest)] caches=[products] | key='' | keyGenerator='' | cacheManager='' | cacheResolver='' | condition='',true,false, Builder[public guru.springframework.ghd.dto.brand.BrandResponse guru.springframework.ghd.services.impl.BrandServiceImpl.addBrand(guru.springframework.ghd.dto.brand.BrandRequest)] caches=[products-latest] | key='' | keyGenerator='' | cacheManager='' | cacheResolver='' | condition='',true,false, Builder[public guru.springframework.ghd.dto.brand.BrandResponse guru.springframework.ghd.services.impl.BrandServiceImpl.addBrand(guru.springframework.ghd.dto.brand.BrandRequest)] caches=[products-related] | key='' | keyGenerator='' | cacheManager='' | cacheResolver='' | condition='',true,false, Builder[public guru.springframework.ghd.dto.brand.BrandResponse guru.springframework.ghd.services.impl.BrandServiceImpl.addBrand(guru.springframework.ghd.dto.brand.BrandRequest)] caches=[news] | key='' | keyGenerator='' | cacheManager='' | cacheResolver='' | condition='',true,false]
2026-07-30 15:08:15 [main] TRACE o.s.c.a.AnnotationCacheOperationSource - Adding cacheable method 'getAll' with operations: [Builder[public java.util.List guru.springframework.ghd.services.impl.CategoryServiceImpl.getAll()] caches=[categories] | key=''all'' | keyGenerator='' | cacheManager='' | cacheResolver='' | condition='' | unless='' | sync='false']
2026-07-30 15:08:15 [main] TRACE o.s.c.a.AnnotationCacheOperationSource - Adding cacheable method 'deleteById' with operations: [Builder[public void guru.springframework.ghd.services.impl.CategoryServiceImpl.deleteById(java.lang.String)] caches=[categories] | key='' | keyGenerator='' | cacheManager='' | cacheResolver='' | condition='',true,false, Builder[public void guru.springframework.ghd.services.impl.CategoryServiceImpl.deleteById(java.lang.String)] caches=[products] | key='' | keyGenerator='' | cacheManager='' | cacheResolver='' | condition='',true,false, Builder[public void guru.springframework.ghd.services.impl.CategoryServiceImpl.deleteById(java.lang.String)] caches=[products-latest] | key='' | keyGenerator='' | cacheManager='' | cacheResolver='' | condition='',true,false, Builder[public void guru.springframework.ghd.services.impl.CategoryServiceImpl.deleteById(java.lang.String)] caches=[products-related] | key='' | keyGenerator='' | cacheManager='' | cacheResolver='' | condition='',true,false, Builder[public void guru.springframework.ghd.services.impl.CategoryServiceImpl.deleteById(java.lang.String)] caches=[news] | key='' | keyGenerator='' | cacheManager='' | cacheResolver='' | condition='',true,false]
2026-07-30 15:08:15 [main] TRACE o.s.c.a.AnnotationCacheOperationSource - Adding cacheable method 'updateById' with operations: [Builder[public java.util.Optional guru.springframework.ghd.services.impl.CategoryServiceImpl.updateById(java.lang.String,guru.springframework.ghd.dto.category.CategoryRequest)] caches=[categories] | key='' | keyGenerator='' | cacheManager='' | cacheResolver='' | condition='',true,false, Builder[public java.util.Optional guru.springframework.ghd.services.impl.CategoryServiceImpl.updateById(java.lang.String,guru.springframework.ghd.dto.category.CategoryRequest)] caches=[products] | key='' | keyGenerator='' | cacheManager='' | cacheResolver='' | condition='',true,false, Builder[public java.util.Optional guru.springframework.ghd.services.impl.CategoryServiceImpl.updateById(java.lang.String,guru.springframework.ghd.dto.category.CategoryRequest)] caches=[products-latest] | key='' | keyGenerator='' | cacheManager='' | cacheResolver='' | condition='',true,false, Builder[public java.util.Optional guru.springframework.ghd.services.impl.CategoryServiceImpl.updateById(java.lang.String,guru.springframework.ghd.dto.category.CategoryRequest)] caches=[products-related] | key='' | keyGenerator='' | cacheManager='' | cacheResolver='' | condition='',true,false, Builder[public java.util.Optional guru.springframework.ghd.services.impl.CategoryServiceImpl.updateById(java.lang.String,guru.springframework.ghd.dto.category.CategoryRequest)] caches=[news] | key='' | keyGenerator='' | cacheManager='' | cacheResolver='' | condition='',true,false]
2026-07-30 15:08:15 [main] TRACE o.s.c.a.AnnotationCacheOperationSource - Adding cacheable method 'addCategory' with operations: [Builder[public guru.springframework.ghd.dto.category.CategoryResponse guru.springframework.ghd.services.impl.CategoryServiceImpl.addCategory(guru.springframework.ghd.dto.category.CategoryRequest)] caches=[categories] | key='' | keyGenerator='' | cacheManager='' | cacheResolver='' | condition='',true,false, Builder[public guru.springframework.ghd.dto.category.CategoryResponse guru.springframework.ghd.services.impl.CategoryServiceImpl.addCategory(guru.springframework.ghd.dto.category.CategoryRequest)] caches=[products] | key='' | keyGenerator='' | cacheManager='' | cacheResolver='' | condition='',true,false, Builder[public guru.springframework.ghd.dto.category.CategoryResponse guru.springframework.ghd.services.impl.CategoryServiceImpl.addCategory(guru.springframework.ghd.dto.category.CategoryRequest)] caches=[products-latest] | key='' | keyGenerator='' | cacheManager='' | cacheResolver='' | condition='',true,false, Builder[public guru.springframework.ghd.dto.category.CategoryResponse guru.springframework.ghd.services.impl.CategoryServiceImpl.addCategory(guru.springframework.ghd.dto.category.CategoryRequest)] caches=[products-related] | key='' | keyGenerator='' | cacheManager='' | cacheResolver='' | condition='',true,false, Builder[public guru.springframework.ghd.dto.category.CategoryResponse guru.springframework.ghd.services.impl.CategoryServiceImpl.addCategory(guru.springframework.ghd.dto.category.CategoryRequest)] caches=[news] | key='' | keyGenerator='' | cacheManager='' | cacheResolver='' | condition='',true,false]
2026-07-30 15:08:15 [main] TRACE o.s.c.a.AnnotationCacheOperationSource - Adding cacheable method 'getAllNotNullLogo' with operations: [Builder[public java.util.List guru.springframework.ghd.services.impl.CategoryServiceImpl.getAllNotNullLogo()] caches=[categories] | key=''notNullLogo'' | keyGenerator='' | cacheManager='' | cacheResolver='' | condition='' | unless='' | sync='false']
2026-07-30 15:08:15 [main] TRACE o.s.c.a.AnnotationCacheOperationSource - Adding cacheable method 'deleteNewsById' with operations: [Builder[public void guru.springframework.ghd.services.impl.NewsServiceImpl.deleteNewsById(java.lang.String)] caches=[news] | key='' | keyGenerator='' | cacheManager='' | cacheResolver='' | condition='',true,false]
2026-07-30 15:08:15 [main] TRACE o.s.c.a.AnnotationCacheOperationSource - Adding cacheable method 'getRelatedNews' with operations: [Builder[public guru.springframework.ghd.dto.news.NewsResponse guru.springframework.ghd.services.impl.NewsServiceImpl.getRelatedNews(java.lang.String,java.lang.String)] caches=[news] | key=''related:' + #categoryTitle + ':' + #brandTitle' | keyGenerator='' | cacheManager='' | cacheResolver='' | condition='' | unless='' | sync='false']
2026-07-30 15:08:15 [main] TRACE o.s.c.a.AnnotationCacheOperationSource - Adding cacheable method 'getListFeatured' with operations: [Builder[public java.util.List guru.springframework.ghd.services.impl.NewsServiceImpl.getListFeatured()] caches=[news] | key=''featured'' | keyGenerator='' | cacheManager='' | cacheResolver='' | condition='' | unless='' | sync='false']
2026-07-30 15:08:15 [main] TRACE o.s.c.a.AnnotationCacheOperationSource - Adding cacheable method 'updateNews' with operations: [Builder[public guru.springframework.ghd.dto.news.NewsResponse guru.springframework.ghd.services.impl.NewsServiceImpl.updateNews(java.lang.String,guru.springframework.ghd.dto.news.NewsRequest,org.springframework.web.multipart.MultipartFile)] caches=[news] | key='' | keyGenerator='' | cacheManager='' | cacheResolver='' | condition='',true,false]
2026-07-30 15:08:15 [main] TRACE o.s.c.a.AnnotationCacheOperationSource - Adding cacheable method 'addNews' with operations: [Builder[public guru.springframework.ghd.dto.news.NewsResponse guru.springframework.ghd.services.impl.NewsServiceImpl.addNews(guru.springframework.ghd.dto.news.NewsRequest,org.springframework.web.multipart.MultipartFile)] caches=[news] | key='' | keyGenerator='' | cacheManager='' | cacheResolver='' | condition='',true,false]
2026-07-30 15:08:15 [main] TRACE o.s.c.a.AnnotationCacheOperationSource - Adding cacheable method 'getBySlug' with operations: [Builder[public guru.springframework.ghd.dto.news.NewsResponse guru.springframework.ghd.services.impl.NewsServiceImpl.getBySlug(java.lang.String)] caches=[news] | key=''slug:' + #slug' | keyGenerator='' | cacheManager='' | cacheResolver='' | condition='' | unless='' | sync='false']
2026-07-30 15:08:16 [main] TRACE o.s.c.a.AnnotationCacheOperationSource - Adding cacheable method 'getAll' with operations: [Builder[public java.util.List guru.springframework.ghd.services.impl.PolicyServiceImpl.getAll()] caches=[policies] | key=''all'' | keyGenerator='' | cacheManager='' | cacheResolver='' | condition='' | unless='' | sync='false']
2026-07-30 15:08:16 [main] TRACE o.s.c.a.AnnotationCacheOperationSource - Adding cacheable method 'deletePolicy' with operations: [Builder[public void guru.springframework.ghd.services.impl.PolicyServiceImpl.deletePolicy(java.lang.String)] caches=[policies] | key='' | keyGenerator='' | cacheManager='' | cacheResolver='' | condition='',true,false, Builder[public void guru.springframework.ghd.services.impl.PolicyServiceImpl.deletePolicy(java.lang.String)] caches=[products] | key='' | keyGenerator='' | cacheManager='' | cacheResolver='' | condition='',true,false, Builder[public void guru.springframework.ghd.services.impl.PolicyServiceImpl.deletePolicy(java.lang.String)] caches=[products-latest] | key='' | keyGenerator='' | cacheManager='' | cacheResolver='' | condition='',true,false, Builder[public void guru.springframework.ghd.services.impl.PolicyServiceImpl.deletePolicy(java.lang.String)] caches=[products-related] | key='' | keyGenerator='' | cacheManager='' | cacheResolver='' | condition='',true,false]
2026-07-30 15:08:16 [main] TRACE o.s.c.a.AnnotationCacheOperationSource - Adding cacheable method 'updatePolicy' with operations: [Builder[public void guru.springframework.ghd.services.impl.PolicyServiceImpl.updatePolicy(java.lang.String,guru.springframework.ghd.dto.policy.PolicyRequest)] caches=[policies] | key='' | keyGenerator='' | cacheManager='' | cacheResolver='' | condition='',true,false, Builder[public void guru.springframework.ghd.services.impl.PolicyServiceImpl.updatePolicy(java.lang.String,guru.springframework.ghd.dto.policy.PolicyRequest)] caches=[products] | key='' | keyGenerator='' | cacheManager='' | cacheResolver='' | condition='',true,false, Builder[public void guru.springframework.ghd.services.impl.PolicyServiceImpl.updatePolicy(java.lang.String,guru.springframework.ghd.dto.policy.PolicyRequest)] caches=[products-latest] | key='' | keyGenerator='' | cacheManager='' | cacheResolver='' | condition='',true,false, Builder[public void guru.springframework.ghd.services.impl.PolicyServiceImpl.updatePolicy(java.lang.String,guru.springframework.ghd.dto.policy.PolicyRequest)] caches=[products-related] | key='' | keyGenerator='' | cacheManager='' | cacheResolver='' | condition='',true,false]
2026-07-30 15:08:16 [main] TRACE o.s.c.a.AnnotationCacheOperationSource - Adding cacheable method 'getPolicyById' with operations: [Builder[public guru.springframework.ghd.dto.policy.PolicyResponse guru.springframework.ghd.services.impl.PolicyServiceImpl.getPolicyById(java.lang.String)] caches=[policies] | key=''id:' + #id' | keyGenerator='' | cacheManager='' | cacheResolver='' | condition='' | unless='' | sync='false']
2026-07-30 15:08:16 [main] TRACE o.s.c.a.AnnotationCacheOperationSource - Adding cacheable method 'addPolicy' with operations: [Builder[public void guru.springframework.ghd.services.impl.PolicyServiceImpl.addPolicy(guru.springframework.ghd.dto.policy.PolicyRequest)] caches=[policies] | key='' | keyGenerator='' | cacheManager='' | cacheResolver='' | condition='',true,false, Builder[public void guru.springframework.ghd.services.impl.PolicyServiceImpl.addPolicy(guru.springframework.ghd.dto.policy.PolicyRequest)] caches=[products] | key='' | keyGenerator='' | cacheManager='' | cacheResolver='' | condition='',true,false, Builder[public void guru.springframework.ghd.services.impl.PolicyServiceImpl.addPolicy(guru.springframework.ghd.dto.policy.PolicyRequest)] caches=[products-latest] | key='' | keyGenerator='' | cacheManager='' | cacheResolver='' | condition='',true,false, Builder[public void guru.springframework.ghd.services.impl.PolicyServiceImpl.addPolicy(guru.springframework.ghd.dto.policy.PolicyRequest)] caches=[products-related] | key='' | keyGenerator='' | cacheManager='' | cacheResolver='' | condition='',true,false]
2026-07-30 15:08:16 [main] TRACE o.s.c.a.AnnotationCacheOperationSource - Adding cacheable method 'updateProduct' with operations: [Builder[public guru.springframework.ghd.dto.product.ProductResponse guru.springframework.ghd.services.impl.ProductServiceImpl.updateProduct(java.lang.String,guru.springframework.ghd.dto.product.ProductRequest,org.springframework.web.multipart.MultipartFile,java.util.List)] caches=[products] | key='' | keyGenerator='' | cacheManager='' | cacheResolver='' | condition='',true,false, Builder[public guru.springframework.ghd.dto.product.ProductResponse guru.springframework.ghd.services.impl.ProductServiceImpl.updateProduct(java.lang.String,guru.springframework.ghd.dto.product.ProductRequest,org.springframework.web.multipart.MultipartFile,java.util.List)] caches=[products-latest] | key='' | keyGenerator='' | cacheManager='' | cacheResolver='' | condition='',true,false, Builder[public guru.springframework.ghd.dto.product.ProductResponse guru.springframework.ghd.services.impl.ProductServiceImpl.updateProduct(java.lang.String,guru.springframework.ghd.dto.product.ProductRequest,org.springframework.web.multipart.MultipartFile,java.util.List)] caches=[products-related] | key='' | keyGenerator='' | cacheManager='' | cacheResolver='' | condition='',true,false]
2026-07-30 15:08:16 [main] TRACE o.s.c.a.AnnotationCacheOperationSource - Adding cacheable method 'getByIdProduct' with operations: [Builder[public guru.springframework.ghd.dto.product.ProductDetailClientResponse guru.springframework.ghd.services.impl.ProductServiceImpl.getByIdProduct(java.lang.String)] caches=[products] | key=''idProduct:' + #idProduct' | keyGenerator='' | cacheManager='' | cacheResolver='' | condition='' | unless='' | sync='false']
2026-07-30 15:08:16 [main] TRACE o.s.c.a.AnnotationCacheOperationSource - Adding cacheable method 'getRelatedProducts' with operations: [Builder[public java.util.List guru.springframework.ghd.services.impl.ProductServiceImpl.getRelatedProducts()] caches=[products-related] | key=''all'' | keyGenerator='' | cacheManager='' | cacheResolver='' | condition='' | unless='' | sync='false']
2026-07-30 15:08:16 [main] TRACE o.s.c.a.AnnotationCacheOperationSource - Adding cacheable method 'getLatestProducts' with operations: [Builder[public org.springframework.data.domain.Page guru.springframework.ghd.services.impl.ProductServiceImpl.getLatestProducts(int)] caches=[products-latest] | key=''limit:' + #limit' | keyGenerator='' | cacheManager='' | cacheResolver='' | condition='' | unless='' | sync='false']
2026-07-30 15:08:16 [main] TRACE o.s.c.a.AnnotationCacheOperationSource - Adding cacheable method 'addProduct' with operations: [Builder[public guru.springframework.ghd.dto.product.ProductResponse guru.springframework.ghd.services.impl.ProductServiceImpl.addProduct(guru.springframework.ghd.dto.product.ProductRequest,org.springframework.web.multipart.MultipartFile,java.util.List)] caches=[products] | key='' | keyGenerator='' | cacheManager='' | cacheResolver='' | condition='',true,false, Builder[public guru.springframework.ghd.dto.product.ProductResponse guru.springframework.ghd.services.impl.ProductServiceImpl.addProduct(guru.springframework.ghd.dto.product.ProductRequest,org.springframework.web.multipart.MultipartFile,java.util.List)] caches=[products-latest] | key='' | keyGenerator='' | cacheManager='' | cacheResolver='' | condition='',true,false, Builder[public guru.springframework.ghd.dto.product.ProductResponse guru.springframework.ghd.services.impl.ProductServiceImpl.addProduct(guru.springframework.ghd.dto.product.ProductRequest,org.springframework.web.multipart.MultipartFile,java.util.List)] caches=[products-related] | key='' | keyGenerator='' | cacheManager='' | cacheResolver='' | condition='',true,false]
2026-07-30 15:08:16 [main] TRACE o.s.c.a.AnnotationCacheOperationSource - Adding cacheable method 'getBySlug' with operations: [Builder[public guru.springframework.ghd.dto.product.ProductDetailClientResponse guru.springframework.ghd.services.impl.ProductServiceImpl.getBySlug(java.lang.String)] caches=[products] | key=''slug:' + #slug' | keyGenerator='' | cacheManager='' | cacheResolver='' | condition='' | unless='' | sync='false']
2026-07-30 15:08:16 [main] TRACE o.s.c.a.AnnotationCacheOperationSource - Adding cacheable method 'getLatestProductsByCategory' with operations: [Builder[public org.springframework.data.domain.Page guru.springframework.ghd.services.impl.ProductServiceImpl.getLatestProductsByCategory(java.lang.String,int)] caches=[products-latest] | key=''cat:' + #categoryId + ':limit:' + #limit' | keyGenerator='' | cacheManager='' | cacheResolver='' | condition='' | unless='' | sync='false']
2026-07-30 15:08:16 [main] TRACE o.s.c.a.AnnotationCacheOperationSource - Adding cacheable method 'getAll' with operations: [Builder[public java.util.List guru.springframework.ghd.services.impl.SliderServiceImpl.getAll()] caches=[sliders] | key=''all'' | keyGenerator='' | cacheManager='' | cacheResolver='' | condition='' | unless='' | sync='false']
2026-07-30 15:08:16 [main] TRACE o.s.c.a.AnnotationCacheOperationSource - Adding cacheable method 'deleteById' with operations: [Builder[public void guru.springframework.ghd.services.impl.SliderServiceImpl.deleteById(java.lang.String)] caches=[sliders] | key='' | keyGenerator='' | cacheManager='' | cacheResolver='' | condition='',true,false]
2026-07-30 15:08:16 [main] TRACE o.s.c.a.AnnotationCacheOperationSource - Adding cacheable method 'updateById' with operations: [Builder[public java.util.Optional guru.springframework.ghd.services.impl.SliderServiceImpl.updateById(java.lang.String,guru.springframework.ghd.dto.slider.SliderRequest)] caches=[sliders] | key='' | keyGenerator='' | cacheManager='' | cacheResolver='' | condition='',true,false]
2026-07-30 15:08:16 [main] TRACE o.s.c.a.AnnotationCacheOperationSource - Adding cacheable method 'addSlider' with operations: [Builder[public guru.springframework.ghd.dto.slider.SliderResponse guru.springframework.ghd.services.impl.SliderServiceImpl.addSlider(guru.springframework.ghd.dto.slider.SliderRequest)] caches=[sliders] | key='' | keyGenerator='' | cacheManager='' | cacheResolver='' | condition='',true,false]
2026-07-30 15:08:16 [main] TRACE o.s.c.a.AnnotationCacheOperationSource - Adding cacheable method 'getAll' with operations: [Builder[public java.util.List guru.springframework.ghd.services.impl.SysParamServiceImpl.getAll()] caches=[sys-params] | key=''all'' | keyGenerator='' | cacheManager='' | cacheResolver='' | condition='' | unless='' | sync='false']
2026-07-30 15:08:16 [main] TRACE o.s.c.a.AnnotationCacheOperationSource - Adding cacheable method 'updateSysParam' with operations: [Builder[public void guru.springframework.ghd.services.impl.SysParamServiceImpl.updateSysParam(java.util.List)] caches=[sys-params] | key='' | keyGenerator='' | cacheManager='' | cacheResolver='' | condition='',true,false]
2026-07-30 15:08:16 [main] TRACE o.s.c.a.AnnotationCacheOperationSource - Adding cacheable method 'getByKey' with operations: [Builder[public java.util.Optional guru.springframework.ghd.services.impl.SysParamServiceImpl.getByKey(java.lang.String)] caches=[sys-params] | key=''key:' + #key' | keyGenerator='' | cacheManager='' | cacheResolver='' | condition='' | unless='' | sync='false']
2026-07-30 15:08:25 [main] TRACE o.s.c.interceptor.CacheInterceptor - Computed cache key 'all' for operation Builder[public java.util.List guru.springframework.ghd.services.impl.CategoryServiceImpl.getAll()] caches=[categories] | key=''all'' | keyGenerator='' | cacheManager='' | cacheResolver='' | condition='' | unless='' | sync='false'
2026-07-30 15:08:25 [main] TRACE o.s.c.interceptor.CacheInterceptor - No cache entry for key 'all' in cache(s) [categories]
2026-07-30 15:08:25 [main] TRACE o.s.c.interceptor.CacheInterceptor - Creating cache entry for key 'all' in cache(s) [categories]
2026-07-30 15:08:25 [main] TRACE o.s.c.interceptor.CacheInterceptor - Computed cache key 'all' for operation Builder[public java.util.List guru.springframework.ghd.services.impl.CategoryServiceImpl.getAll()] caches=[categories] | key=''all'' | keyGenerator='' | cacheManager='' | cacheResolver='' | condition='' | unless='' | sync='false'
2026-07-30 15:08:25 [main] TRACE o.s.c.interceptor.CacheInterceptor - Cache entry for key 'all' found in cache(s) [categories]
2026-07-30 15:08:25 [main] TRACE o.s.c.interceptor.CacheInterceptor - Computed cache key 'all' for operation Builder[public java.util.List guru.springframework.ghd.services.impl.CategoryServiceImpl.getAll()] caches=[categories] | key=''all'' | keyGenerator='' | cacheManager='' | cacheResolver='' | condition='' | unless='' | sync='false'
2026-07-30 15:08:25 [main] TRACE o.s.c.interceptor.CacheInterceptor - Cache entry for key 'all' found in cache(s) [categories]
2026-07-30 15:08:26 [main] TRACE o.s.c.interceptor.CacheInterceptor - Computed cache key 'all' for operation Builder[public java.util.List guru.springframework.ghd.services.impl.CategoryServiceImpl.getAll()] caches=[categories] | key=''all'' | keyGenerator='' | cacheManager='' | cacheResolver='' | condition='' | unless='' | sync='false'
2026-07-30 15:08:26 [main] TRACE o.s.c.interceptor.CacheInterceptor - Cache entry for key 'all' found in cache(s) [categories]
2026-07-30 15:08:26 [main] TRACE o.s.c.interceptor.CacheInterceptor - Computed cache key 'notNullLogo' for operation Builder[public java.util.List guru.springframework.ghd.services.impl.CategoryServiceImpl.getAllNotNullLogo()] caches=[categories] | key=''notNullLogo'' | keyGenerator='' | cacheManager='' | cacheResolver='' | condition='' | unless='' | sync='false'
2026-07-30 15:08:26 [main] TRACE o.s.c.interceptor.CacheInterceptor - No cache entry for key 'notNullLogo' in cache(s) [categories]
2026-07-30 15:08:26 [main] TRACE o.s.c.interceptor.CacheInterceptor - Creating cache entry for key 'notNullLogo' in cache(s) [categories]
2026-07-30 15:08:26 [main] TRACE o.s.c.interceptor.CacheInterceptor - Computed cache key 'all' for operation Builder[public java.util.List guru.springframework.ghd.services.impl.CategoryServiceImpl.getAll()] caches=[categories] | key=''all'' | keyGenerator='' | cacheManager='' | cacheResolver='' | condition='' | unless='' | sync='false'
2026-07-30 15:08:26 [main] TRACE o.s.c.interceptor.CacheInterceptor - No cache entry for key 'all' in cache(s) [categories]
2026-07-30 15:08:26 [main] TRACE o.s.c.interceptor.CacheInterceptor - Creating cache entry for key 'all' in cache(s) [categories]
2026-07-30 15:08:26 [main] TRACE o.s.c.interceptor.CacheInterceptor - Computed cache key 'notNullLogo' for operation Builder[public java.util.List guru.springframework.ghd.services.impl.CategoryServiceImpl.getAllNotNullLogo()] caches=[categories] | key=''notNullLogo'' | keyGenerator='' | cacheManager='' | cacheResolver='' | condition='' | unless='' | sync='false'
2026-07-30 15:08:26 [main] TRACE o.s.c.interceptor.CacheInterceptor - Cache entry for key 'notNullLogo' found in cache(s) [categories]
2026-07-30 15:08:26 [main] TRACE o.s.c.interceptor.CacheInterceptor - Computed cache key 'all' for operation Builder[public java.util.List guru.springframework.ghd.services.impl.CategoryServiceImpl.getAll()] caches=[categories] | key=''all'' | keyGenerator='' | cacheManager='' | cacheResolver='' | condition='' | unless='' | sync='false'
2026-07-30 15:08:26 [main] TRACE o.s.c.interceptor.CacheInterceptor - No cache entry for key 'all' in cache(s) [categories]
2026-07-30 15:08:26 [main] TRACE o.s.c.interceptor.CacheInterceptor - Creating cache entry for key 'all' in cache(s) [categories]
2026-07-30 15:08:26 [main] TRACE o.s.c.interceptor.CacheInterceptor - Computed cache key 'all' for operation Builder[public java.util.List guru.springframework.ghd.services.impl.CategoryServiceImpl.getAll()] caches=[categories] | key=''all'' | keyGenerator='' | cacheManager='' | cacheResolver='' | condition='' | unless='' | sync='false'
2026-07-30 15:08:26 [main] TRACE o.s.c.interceptor.CacheInterceptor - No cache entry for key 'all' in cache(s) [categories]
2026-07-30 15:08:26 [main] TRACE o.s.c.interceptor.CacheInterceptor - Creating cache entry for key 'all' in cache(s) [categories]
2026-07-30 15:15:05 [main] TRACE o.s.c.a.AnnotationCacheOperationSource - Adding cacheable method 'getAll' with operations: [Builder[public java.util.List guru.springframework.ghd.services.impl.BannerServiceImpl.getAll()] caches=[banners] | key=''all'' | keyGenerator='' | cacheManager='' | cacheResolver='' | condition='' | unless='' | sync='false']
2026-07-30 15:15:05 [main] TRACE o.s.c.a.AnnotationCacheOperationSource - Adding cacheable method 'deleteById' with operations: [Builder[public void guru.springframework.ghd.services.impl.BannerServiceImpl.deleteById(java.util.UUID)] caches=[banners] | key='' | keyGenerator='' | cacheManager='' | cacheResolver='' | condition='',true,false]
2026-07-30 15:15:05 [main] TRACE o.s.c.a.AnnotationCacheOperationSource - Adding cacheable method 'updateById' with operations: [Builder[public java.util.Optional guru.springframework.ghd.services.impl.BannerServiceImpl.updateById(java.util.UUID,guru.springframework.ghd.dto.banner.BannerRequest)] caches=[banners] | key='' | keyGenerator='' | cacheManager='' | cacheResolver='' | condition='',true,false]
2026-07-30 15:15:05 [main] TRACE o.s.c.a.AnnotationCacheOperationSource - Adding cacheable method 'getBannerByPosition' with operations: [Builder[public guru.springframework.ghd.dto.banner.BannerResponse guru.springframework.ghd.services.impl.BannerServiceImpl.getBannerByPosition(java.lang.String)] caches=[banners] | key=''position:' + #position' | keyGenerator='' | cacheManager='' | cacheResolver='' | condition='' | unless='' | sync='false']
2026-07-30 15:15:05 [main] TRACE o.s.c.a.AnnotationCacheOperationSource - Adding cacheable method 'addBanner' with operations: [Builder[public guru.springframework.ghd.dto.banner.BannerResponse guru.springframework.ghd.services.impl.BannerServiceImpl.addBanner(guru.springframework.ghd.dto.banner.BannerRequest)] caches=[banners] | key='' | keyGenerator='' | cacheManager='' | cacheResolver='' | condition='',true,false]
2026-07-30 15:15:05 [main] TRACE o.s.c.a.AnnotationCacheOperationSource - Adding cacheable method 'getAll' with operations: [Builder[public java.util.List guru.springframework.ghd.services.impl.BrandServiceImpl.getAll()] caches=[brands] | key=''all'' | keyGenerator='' | cacheManager='' | cacheResolver='' | condition='' | unless='' | sync='false']
2026-07-30 15:15:05 [main] TRACE o.s.c.a.AnnotationCacheOperationSource - Adding cacheable method 'getAllNotNullLogo' with operations: [Builder[public java.util.List guru.springframework.ghd.services.impl.BrandServiceImpl.getAllNotNullLogo()] caches=[brands] | key=''notNullLogo'' | keyGenerator='' | cacheManager='' | cacheResolver='' | condition='' | unless='' | sync='false']
2026-07-30 15:15:05 [main] TRACE o.s.c.a.AnnotationCacheOperationSource - Adding cacheable method 'deleteById' with operations: [Builder[public void guru.springframework.ghd.services.impl.BrandServiceImpl.deleteById(java.lang.String)] caches=[brands] | key='' | keyGenerator='' | cacheManager='' | cacheResolver='' | condition='',true,false, Builder[public void guru.springframework.ghd.services.impl.BrandServiceImpl.deleteById(java.lang.String)] caches=[products] | key='' | keyGenerator='' | cacheManager='' | cacheResolver='' | condition='',true,false, Builder[public void guru.springframework.ghd.services.impl.BrandServiceImpl.deleteById(java.lang.String)] caches=[products-latest] | key='' | keyGenerator='' | cacheManager='' | cacheResolver='' | condition='',true,false, Builder[public void guru.springframework.ghd.services.impl.BrandServiceImpl.deleteById(java.lang.String)] caches=[products-related] | key='' | keyGenerator='' | cacheManager='' | cacheResolver='' | condition='',true,false, Builder[public void guru.springframework.ghd.services.impl.BrandServiceImpl.deleteById(java.lang.String)] caches=[news] | key='' | keyGenerator='' | cacheManager='' | cacheResolver='' | condition='',true,false]
2026-07-30 15:15:05 [main] TRACE o.s.c.a.AnnotationCacheOperationSource - Adding cacheable method 'updateById' with operations: [Builder[public java.util.Optional guru.springframework.ghd.services.impl.BrandServiceImpl.updateById(java.lang.String,guru.springframework.ghd.dto.brand.BrandRequest)] caches=[brands] | key='' | keyGenerator='' | cacheManager='' | cacheResolver='' | condition='',true,false, Builder[public java.util.Optional guru.springframework.ghd.services.impl.BrandServiceImpl.updateById(java.lang.String,guru.springframework.ghd.dto.brand.BrandRequest)] caches=[products] | key='' | keyGenerator='' | cacheManager='' | cacheResolver='' | condition='',true,false, Builder[public java.util.Optional guru.springframework.ghd.services.impl.BrandServiceImpl.updateById(java.lang.String,guru.springframework.ghd.dto.brand.BrandRequest)] caches=[products-latest] | key='' | keyGenerator='' | cacheManager='' | cacheResolver='' | condition='',true,false, Builder[public java.util.Optional guru.springframework.ghd.services.impl.BrandServiceImpl.updateById(java.lang.String,guru.springframework.ghd.dto.brand.BrandRequest)] caches=[products-related] | key='' | keyGenerator='' | cacheManager='' | cacheResolver='' | condition='',true,false, Builder[public java.util.Optional guru.springframework.ghd.services.impl.BrandServiceImpl.updateById(java.lang.String,guru.springframework.ghd.dto.brand.BrandRequest)] caches=[news] | key='' | keyGenerator='' | cacheManager='' | cacheResolver='' | condition='',true,false]
2026-07-30 15:15:05 [main] TRACE o.s.c.a.AnnotationCacheOperationSource - Adding cacheable method 'addBrand' with operations: [Builder[public guru.springframework.ghd.dto.brand.BrandResponse guru.springframework.ghd.services.impl.BrandServiceImpl.addBrand(guru.springframework.ghd.dto.brand.BrandRequest)] caches=[brands] | key='' | keyGenerator='' | cacheManager='' | cacheResolver='' | condition='',true,false, Builder[public guru.springframework.ghd.dto.brand.BrandResponse guru.springframework.ghd.services.impl.BrandServiceImpl.addBrand(guru.springframework.ghd.dto.brand.BrandRequest)] caches=[products] | key='' | keyGenerator='' | cacheManager='' | cacheResolver='' | condition='',true,false, Builder[public guru.springframework.ghd.dto.brand.BrandResponse guru.springframework.ghd.services.impl.BrandServiceImpl.addBrand(guru.springframework.ghd.dto.brand.BrandRequest)] caches=[products-latest] | key='' | keyGenerator='' | cacheManager='' | cacheResolver='' | condition='',true,false, Builder[public guru.springframework.ghd.dto.brand.BrandResponse guru.springframework.ghd.services.impl.BrandServiceImpl.addBrand(guru.springframework.ghd.dto.brand.BrandRequest)] caches=[products-related] | key='' | keyGenerator='' | cacheManager='' | cacheResolver='' | condition='',true,false, Builder[public guru.springframework.ghd.dto.brand.BrandResponse guru.springframework.ghd.services.impl.BrandServiceImpl.addBrand(guru.springframework.ghd.dto.brand.BrandRequest)] caches=[news] | key='' | keyGenerator='' | cacheManager='' | cacheResolver='' | condition='',true,false]
2026-07-30 15:15:05 [main] TRACE o.s.c.a.AnnotationCacheOperationSource - Adding cacheable method 'getAll' with operations: [Builder[public java.util.List guru.springframework.ghd.services.impl.CategoryServiceImpl.getAll()] caches=[categories] | key=''all'' | keyGenerator='' | cacheManager='' | cacheResolver='' | condition='' | unless='' | sync='false']
2026-07-30 15:15:05 [main] TRACE o.s.c.a.AnnotationCacheOperationSource - Adding cacheable method 'getAllNotNullLogo' with operations: [Builder[public java.util.List guru.springframework.ghd.services.impl.CategoryServiceImpl.getAllNotNullLogo()] caches=[categories] | key=''notNullLogo'' | keyGenerator='' | cacheManager='' | cacheResolver='' | condition='' | unless='' | sync='false']
2026-07-30 15:15:05 [main] TRACE o.s.c.a.AnnotationCacheOperationSource - Adding cacheable method 'addCategory' with operations: [Builder[public guru.springframework.ghd.dto.category.CategoryResponse guru.springframework.ghd.services.impl.CategoryServiceImpl.addCategory(guru.springframework.ghd.dto.category.CategoryRequest)] caches=[categories] | key='' | keyGenerator='' | cacheManager='' | cacheResolver='' | condition='',true,false, Builder[public guru.springframework.ghd.dto.category.CategoryResponse guru.springframework.ghd.services.impl.CategoryServiceImpl.addCategory(guru.springframework.ghd.dto.category.CategoryRequest)] caches=[products] | key='' | keyGenerator='' | cacheManager='' | cacheResolver='' | condition='',true,false, Builder[public guru.springframework.ghd.dto.category.CategoryResponse guru.springframework.ghd.services.impl.CategoryServiceImpl.addCategory(guru.springframework.ghd.dto.category.CategoryRequest)] caches=[products-latest] | key='' | keyGenerator='' | cacheManager='' | cacheResolver='' | condition='',true,false, Builder[public guru.springframework.ghd.dto.category.CategoryResponse guru.springframework.ghd.services.impl.CategoryServiceImpl.addCategory(guru.springframework.ghd.dto.category.CategoryRequest)] caches=[products-related] | key='' | keyGenerator='' | cacheManager='' | cacheResolver='' | condition='',true,false, Builder[public guru.springframework.ghd.dto.category.CategoryResponse guru.springframework.ghd.services.impl.CategoryServiceImpl.addCategory(guru.springframework.ghd.dto.category.CategoryRequest)] caches=[news] | key='' | keyGenerator='' | cacheManager='' | cacheResolver='' | condition='',true,false]
2026-07-30 15:15:05 [main] TRACE o.s.c.a.AnnotationCacheOperationSource - Adding cacheable method 'deleteById' with operations: [Builder[public void guru.springframework.ghd.services.impl.CategoryServiceImpl.deleteById(java.lang.String)] caches=[categories] | key='' | keyGenerator='' | cacheManager='' | cacheResolver='' | condition='',true,false, Builder[public void guru.springframework.ghd.services.impl.CategoryServiceImpl.deleteById(java.lang.String)] caches=[products] | key='' | keyGenerator='' | cacheManager='' | cacheResolver='' | condition='',true,false, Builder[public void guru.springframework.ghd.services.impl.CategoryServiceImpl.deleteById(java.lang.String)] caches=[products-latest] | key='' | keyGenerator='' | cacheManager='' | cacheResolver='' | condition='',true,false, Builder[public void guru.springframework.ghd.services.impl.CategoryServiceImpl.deleteById(java.lang.String)] caches=[products-related] | key='' | keyGenerator='' | cacheManager='' | cacheResolver='' | condition='',true,false, Builder[public void guru.springframework.ghd.services.impl.CategoryServiceImpl.deleteById(java.lang.String)] caches=[news] | key='' | keyGenerator='' | cacheManager='' | cacheResolver='' | condition='',true,false]
2026-07-30 15:15:05 [main] TRACE o.s.c.a.AnnotationCacheOperationSource - Adding cacheable method 'updateById' with operations: [Builder[public java.util.Optional guru.springframework.ghd.services.impl.CategoryServiceImpl.updateById(java.lang.String,guru.springframework.ghd.dto.category.CategoryRequest)] caches=[categories] | key='' | keyGenerator='' | cacheManager='' | cacheResolver='' | condition='',true,false, Builder[public java.util.Optional guru.springframework.ghd.services.impl.CategoryServiceImpl.updateById(java.lang.String,guru.springframework.ghd.dto.category.CategoryRequest)] caches=[products] | key='' | keyGenerator='' | cacheManager='' | cacheResolver='' | condition='',true,false, Builder[public java.util.Optional guru.springframework.ghd.services.impl.CategoryServiceImpl.updateById(java.lang.String,guru.springframework.ghd.dto.category.CategoryRequest)] caches=[products-latest] | key='' | keyGenerator='' | cacheManager='' | cacheResolver='' | condition='',true,false, Builder[public java.util.Optional guru.springframework.ghd.services.impl.CategoryServiceImpl.updateById(java.lang.String,guru.springframework.ghd.dto.category.CategoryRequest)] caches=[products-related] | key='' | keyGenerator='' | cacheManager='' | cacheResolver='' | condition='',true,false, Builder[public java.util.Optional guru.springframework.ghd.services.impl.CategoryServiceImpl.updateById(java.lang.String,guru.springframework.ghd.dto.category.CategoryRequest)] caches=[news] | key='' | keyGenerator='' | cacheManager='' | cacheResolver='' | condition='',true,false]
2026-07-30 15:15:05 [main] TRACE o.s.c.a.AnnotationCacheOperationSource - Adding cacheable method 'deleteNewsById' with operations: [Builder[public void guru.springframework.ghd.services.impl.NewsServiceImpl.deleteNewsById(java.lang.String)] caches=[news] | key='' | keyGenerator='' | cacheManager='' | cacheResolver='' | condition='',true,false]
2026-07-30 15:15:05 [main] TRACE o.s.c.a.AnnotationCacheOperationSource - Adding cacheable method 'getListFeatured' with operations: [Builder[public java.util.List guru.springframework.ghd.services.impl.NewsServiceImpl.getListFeatured()] caches=[news] | key=''featured'' | keyGenerator='' | cacheManager='' | cacheResolver='' | condition='' | unless='' | sync='false']
2026-07-30 15:15:05 [main] TRACE o.s.c.a.AnnotationCacheOperationSource - Adding cacheable method 'getRelatedNews' with operations: [Builder[public guru.springframework.ghd.dto.news.NewsResponse guru.springframework.ghd.services.impl.NewsServiceImpl.getRelatedNews(java.lang.String,java.lang.String)] caches=[news] | key=''related:' + #categoryTitle + ':' + #brandTitle' | keyGenerator='' | cacheManager='' | cacheResolver='' | condition='' | unless='' | sync='false']
2026-07-30 15:15:05 [main] TRACE o.s.c.a.AnnotationCacheOperationSource - Adding cacheable method 'addNews' with operations: [Builder[public guru.springframework.ghd.dto.news.NewsResponse guru.springframework.ghd.services.impl.NewsServiceImpl.addNews(guru.springframework.ghd.dto.news.NewsRequest,org.springframework.web.multipart.MultipartFile)] caches=[news] | key='' | keyGenerator='' | cacheManager='' | cacheResolver='' | condition='',true,false]
2026-07-30 15:15:05 [main] TRACE o.s.c.a.AnnotationCacheOperationSource - Adding cacheable method 'updateNews' with operations: [Builder[public guru.springframework.ghd.dto.news.NewsResponse guru.springframework.ghd.services.impl.NewsServiceImpl.updateNews(java.lang.String,guru.springframework.ghd.dto.news.NewsRequest,org.springframework.web.multipart.MultipartFile)] caches=[news] | key='' | keyGenerator='' | cacheManager='' | cacheResolver='' | condition='',true,false]
2026-07-30 15:15:05 [main] TRACE o.s.c.a.AnnotationCacheOperationSource - Adding cacheable method 'getBySlug' with operations: [Builder[public guru.springframework.ghd.dto.news.NewsResponse guru.springframework.ghd.services.impl.NewsServiceImpl.getBySlug(java.lang.String)] caches=[news] | key=''slug:' + #slug' | keyGenerator='' | cacheManager='' | cacheResolver='' | condition='' | unless='' | sync='false']
2026-07-30 15:15:06 [main] TRACE o.s.c.a.AnnotationCacheOperationSource - Adding cacheable method 'getAll' with operations: [Builder[public java.util.List guru.springframework.ghd.services.impl.PolicyServiceImpl.getAll()] caches=[policies] | key=''all'' | keyGenerator='' | cacheManager='' | cacheResolver='' | condition='' | unless='' | sync='false']
2026-07-30 15:15:06 [main] TRACE o.s.c.a.AnnotationCacheOperationSource - Adding cacheable method 'deletePolicy' with operations: [Builder[public void guru.springframework.ghd.services.impl.PolicyServiceImpl.deletePolicy(java.lang.String)] caches=[policies] | key='' | keyGenerator='' | cacheManager='' | cacheResolver='' | condition='',true,false, Builder[public void guru.springframework.ghd.services.impl.PolicyServiceImpl.deletePolicy(java.lang.String)] caches=[products] | key='' | keyGenerator='' | cacheManager='' | cacheResolver='' | condition='',true,false, Builder[public void guru.springframework.ghd.services.impl.PolicyServiceImpl.deletePolicy(java.lang.String)] caches=[products-latest] | key='' | keyGenerator='' | cacheManager='' | cacheResolver='' | condition='',true,false, Builder[public void guru.springframework.ghd.services.impl.PolicyServiceImpl.deletePolicy(java.lang.String)] caches=[products-related] | key='' | keyGenerator='' | cacheManager='' | cacheResolver='' | condition='',true,false]
2026-07-30 15:15:06 [main] TRACE o.s.c.a.AnnotationCacheOperationSource - Adding cacheable method 'updatePolicy' with operations: [Builder[public void guru.springframework.ghd.services.impl.PolicyServiceImpl.updatePolicy(java.lang.String,guru.springframework.ghd.dto.policy.PolicyRequest)] caches=[policies] | key='' | keyGenerator='' | cacheManager='' | cacheResolver='' | condition='',true,false, Builder[public void guru.springframework.ghd.services.impl.PolicyServiceImpl.updatePolicy(java.lang.String,guru.springframework.ghd.dto.policy.PolicyRequest)] caches=[products] | key='' | keyGenerator='' | cacheManager='' | cacheResolver='' | condition='',true,false, Builder[public void guru.springframework.ghd.services.impl.PolicyServiceImpl.updatePolicy(java.lang.String,guru.springframework.ghd.dto.policy.PolicyRequest)] caches=[products-latest] | key='' | keyGenerator='' | cacheManager='' | cacheResolver='' | condition='',true,false, Builder[public void guru.springframework.ghd.services.impl.PolicyServiceImpl.updatePolicy(java.lang.String,guru.springframework.ghd.dto.policy.PolicyRequest)] caches=[products-related] | key='' | keyGenerator='' | cacheManager='' | cacheResolver='' | condition='',true,false]
2026-07-30 15:15:06 [main] TRACE o.s.c.a.AnnotationCacheOperationSource - Adding cacheable method 'getPolicyById' with operations: [Builder[public guru.springframework.ghd.dto.policy.PolicyResponse guru.springframework.ghd.services.impl.PolicyServiceImpl.getPolicyById(java.lang.String)] caches=[policies] | key=''id:' + #id' | keyGenerator='' | cacheManager='' | cacheResolver='' | condition='' | unless='' | sync='false']
2026-07-30 15:15:06 [main] TRACE o.s.c.a.AnnotationCacheOperationSource - Adding cacheable method 'addPolicy' with operations: [Builder[public void guru.springframework.ghd.services.impl.PolicyServiceImpl.addPolicy(guru.springframework.ghd.dto.policy.PolicyRequest)] caches=[policies] | key='' | keyGenerator='' | cacheManager='' | cacheResolver='' | condition='',true,false, Builder[public void guru.springframework.ghd.services.impl.PolicyServiceImpl.addPolicy(guru.springframework.ghd.dto.policy.PolicyRequest)] caches=[products] | key='' | keyGenerator='' | cacheManager='' | cacheResolver='' | condition='',true,false, Builder[public void guru.springframework.ghd.services.impl.PolicyServiceImpl.addPolicy(guru.springframework.ghd.dto.policy.PolicyRequest)] caches=[products-latest] | key='' | keyGenerator='' | cacheManager='' | cacheResolver='' | condition='',true,false, Builder[public void guru.springframework.ghd.services.impl.PolicyServiceImpl.addPolicy(guru.springframework.ghd.dto.policy.PolicyRequest)] caches=[products-related] | key='' | keyGenerator='' | cacheManager='' | cacheResolver='' | condition='',true,false]
2026-07-30 15:15:06 [main] TRACE o.s.c.a.AnnotationCacheOperationSource - Adding cacheable method 'getLatestProductsByCategory' with operations: [Builder[public org.springframework.data.domain.Page guru.springframework.ghd.services.impl.ProductServiceImpl.getLatestProductsByCategory(java.lang.String,int)] caches=[products-latest] | key=''cat:' + #categoryId + ':limit:' + #limit' | keyGenerator='' | cacheManager='' | cacheResolver='' | condition='' | unless='' | sync='false']
2026-07-30 15:15:06 [main] TRACE o.s.c.a.AnnotationCacheOperationSource - Adding cacheable method 'updateProduct' with operations: [Builder[public guru.springframework.ghd.dto.product.ProductResponse guru.springframework.ghd.services.impl.ProductServiceImpl.updateProduct(java.lang.String,guru.springframework.ghd.dto.product.ProductRequest,org.springframework.web.multipart.MultipartFile,java.util.List)] caches=[products] | key='' | keyGenerator='' | cacheManager='' | cacheResolver='' | condition='',true,false, Builder[public guru.springframework.ghd.dto.product.ProductResponse guru.springframework.ghd.services.impl.ProductServiceImpl.updateProduct(java.lang.String,guru.springframework.ghd.dto.product.ProductRequest,org.springframework.web.multipart.MultipartFile,java.util.List)] caches=[products-latest] | key='' | keyGenerator='' | cacheManager='' | cacheResolver='' | condition='',true,false, Builder[public guru.springframework.ghd.dto.product.ProductResponse guru.springframework.ghd.services.impl.ProductServiceImpl.updateProduct(java.lang.String,guru.springframework.ghd.dto.product.ProductRequest,org.springframework.web.multipart.MultipartFile,java.util.List)] caches=[products-related] | key='' | keyGenerator='' | cacheManager='' | cacheResolver='' | condition='',true,false]
2026-07-30 15:15:06 [main] TRACE o.s.c.a.AnnotationCacheOperationSource - Adding cacheable method 'getLatestProducts' with operations: [Builder[public org.springframework.data.domain.Page guru.springframework.ghd.services.impl.ProductServiceImpl.getLatestProducts(int)] caches=[products-latest] | key=''limit:' + #limit' | keyGenerator='' | cacheManager='' | cacheResolver='' | condition='' | unless='' | sync='false']
2026-07-30 15:15:06 [main] TRACE o.s.c.a.AnnotationCacheOperationSource - Adding cacheable method 'getByIdProduct' with operations: [Builder[public guru.springframework.ghd.dto.product.ProductDetailClientResponse guru.springframework.ghd.services.impl.ProductServiceImpl.getByIdProduct(java.lang.String)] caches=[products] | key=''idProduct:' + #idProduct' | keyGenerator='' | cacheManager='' | cacheResolver='' | condition='' | unless='' | sync='false']
2026-07-30 15:15:06 [main] TRACE o.s.c.a.AnnotationCacheOperationSource - Adding cacheable method 'getRelatedProducts' with operations: [Builder[public java.util.List guru.springframework.ghd.services.impl.ProductServiceImpl.getRelatedProducts()] caches=[products-related] | key=''all'' | keyGenerator='' | cacheManager='' | cacheResolver='' | condition='' | unless='' | sync='false']
2026-07-30 15:15:06 [main] TRACE o.s.c.a.AnnotationCacheOperationSource - Adding cacheable method 'addProduct' with operations: [Builder[public guru.springframework.ghd.dto.product.ProductResponse guru.springframework.ghd.services.impl.ProductServiceImpl.addProduct(guru.springframework.ghd.dto.product.ProductRequest,org.springframework.web.multipart.MultipartFile,java.util.List)] caches=[products] | key='' | keyGenerator='' | cacheManager='' | cacheResolver='' | condition='',true,false, Builder[public guru.springframework.ghd.dto.product.ProductResponse guru.springframework.ghd.services.impl.ProductServiceImpl.addProduct(guru.springframework.ghd.dto.product.ProductRequest,org.springframework.web.multipart.MultipartFile,java.util.List)] caches=[products-latest] | key='' | keyGenerator='' | cacheManager='' | cacheResolver='' | condition='',true,false, Builder[public guru.springframework.ghd.dto.product.ProductResponse guru.springframework.ghd.services.impl.ProductServiceImpl.addProduct(guru.springframework.ghd.dto.product.ProductRequest,org.springframework.web.multipart.MultipartFile,java.util.List)] caches=[products-related] | key='' | keyGenerator='' | cacheManager='' | cacheResolver='' | condition='',true,false]
2026-07-30 15:15:06 [main] TRACE o.s.c.a.AnnotationCacheOperationSource - Adding cacheable method 'getBySlug' with operations: [Builder[public guru.springframework.ghd.dto.product.ProductDetailClientResponse guru.springframework.ghd.services.impl.ProductServiceImpl.getBySlug(java.lang.String)] caches=[products] | key=''slug:' + #slug' | keyGenerator='' | cacheManager='' | cacheResolver='' | condition='' | unless='' | sync='false']
2026-07-30 15:15:06 [main] TRACE o.s.c.a.AnnotationCacheOperationSource - Adding cacheable method 'getAll' with operations: [Builder[public java.util.List guru.springframework.ghd.services.impl.SliderServiceImpl.getAll()] caches=[sliders] | key=''all'' | keyGenerator='' | cacheManager='' | cacheResolver='' | condition='' | unless='' | sync='false']
2026-07-30 15:15:06 [main] TRACE o.s.c.a.AnnotationCacheOperationSource - Adding cacheable method 'deleteById' with operations: [Builder[public void guru.springframework.ghd.services.impl.SliderServiceImpl.deleteById(java.lang.String)] caches=[sliders] | key='' | keyGenerator='' | cacheManager='' | cacheResolver='' | condition='',true,false]
2026-07-30 15:15:06 [main] TRACE o.s.c.a.AnnotationCacheOperationSource - Adding cacheable method 'updateById' with operations: [Builder[public java.util.Optional guru.springframework.ghd.services.impl.SliderServiceImpl.updateById(java.lang.String,guru.springframework.ghd.dto.slider.SliderRequest)] caches=[sliders] | key='' | keyGenerator='' | cacheManager='' | cacheResolver='' | condition='',true,false]
2026-07-30 15:15:06 [main] TRACE o.s.c.a.AnnotationCacheOperationSource - Adding cacheable method 'addSlider' with operations: [Builder[public guru.springframework.ghd.dto.slider.SliderResponse guru.springframework.ghd.services.impl.SliderServiceImpl.addSlider(guru.springframework.ghd.dto.slider.SliderRequest)] caches=[sliders] | key='' | keyGenerator='' | cacheManager='' | cacheResolver='' | condition='',true,false]
2026-07-30 15:15:07 [main] TRACE o.s.c.a.AnnotationCacheOperationSource - Adding cacheable method 'getAll' with operations: [Builder[public java.util.List guru.springframework.ghd.services.impl.SysParamServiceImpl.getAll()] caches=[sys-params] | key=''all'' | keyGenerator='' | cacheManager='' | cacheResolver='' | condition='' | unless='' | sync='false']
2026-07-30 15:15:07 [main] TRACE o.s.c.a.AnnotationCacheOperationSource - Adding cacheable method 'updateSysParam' with operations: [Builder[public void guru.springframework.ghd.services.impl.SysParamServiceImpl.updateSysParam(java.util.List)] caches=[sys-params] | key='' | keyGenerator='' | cacheManager='' | cacheResolver='' | condition='',true,false]
2026-07-30 15:15:07 [main] TRACE o.s.c.a.AnnotationCacheOperationSource - Adding cacheable method 'getByKey' with operations: [Builder[public java.util.Optional guru.springframework.ghd.services.impl.SysParamServiceImpl.getByKey(java.lang.String)] caches=[sys-params] | key=''key:' + #key' | keyGenerator='' | cacheManager='' | cacheResolver='' | condition='' | unless='' | sync='false']
2026-07-30 15:15:16 [main] TRACE o.s.c.interceptor.CacheInterceptor - Computed cache key 'all' for operation Builder[public java.util.List guru.springframework.ghd.services.impl.CategoryServiceImpl.getAll()] caches=[categories] | key=''all'' | keyGenerator='' | cacheManager='' | cacheResolver='' | condition='' | unless='' | sync='false'
2026-07-30 15:15:16 [main] TRACE o.s.c.interceptor.CacheInterceptor - No cache entry for key 'all' in cache(s) [categories]
2026-07-30 15:15:16 [main] TRACE o.s.c.interceptor.CacheInterceptor - Creating cache entry for key 'all' in cache(s) [categories]
2026-07-30 15:15:16 [main] TRACE o.s.c.interceptor.CacheInterceptor - Computed cache key 'all' for operation Builder[public java.util.List guru.springframework.ghd.services.impl.CategoryServiceImpl.getAll()] caches=[categories] | key=''all'' | keyGenerator='' | cacheManager='' | cacheResolver='' | condition='' | unless='' | sync='false'
2026-07-30 15:15:16 [main] TRACE o.s.c.interceptor.CacheInterceptor - Cache entry for key 'all' found in cache(s) [categories]
2026-07-30 15:15:16 [main] TRACE o.s.c.interceptor.CacheInterceptor - Invalidating entire cache for operation Builder[public guru.springframework.ghd.dto.category.CategoryResponse guru.springframework.ghd.services.impl.CategoryServiceImpl.addCategory(guru.springframework.ghd.dto.category.CategoryRequest)] caches=[categories] | key='' | keyGenerator='' | cacheManager='' | cacheResolver='' | condition='',true,false on method public guru.springframework.ghd.dto.category.CategoryResponse guru.springframework.ghd.services.impl.CategoryServiceImpl.addCategory(guru.springframework.ghd.dto.category.CategoryRequest)
2026-07-30 15:15:16 [main] TRACE o.s.c.interceptor.CacheInterceptor - Invalidating entire cache for operation Builder[public guru.springframework.ghd.dto.category.CategoryResponse guru.springframework.ghd.services.impl.CategoryServiceImpl.addCategory(guru.springframework.ghd.dto.category.CategoryRequest)] caches=[products] | key='' | keyGenerator='' | cacheManager='' | cacheResolver='' | condition='',true,false on method public guru.springframework.ghd.dto.category.CategoryResponse guru.springframework.ghd.services.impl.CategoryServiceImpl.addCategory(guru.springframework.ghd.dto.category.CategoryRequest)
2026-07-30 15:15:16 [main] TRACE o.s.c.interceptor.CacheInterceptor - Invalidating entire cache for operation Builder[public guru.springframework.ghd.dto.category.CategoryResponse guru.springframework.ghd.services.impl.CategoryServiceImpl.addCategory(guru.springframework.ghd.dto.category.CategoryRequest)] caches=[products-latest] | key='' | keyGenerator='' | cacheManager='' | cacheResolver='' | condition='',true,false on method public guru.springframework.ghd.dto.category.CategoryResponse guru.springframework.ghd.services.impl.CategoryServiceImpl.addCategory(guru.springframework.ghd.dto.category.CategoryRequest)
2026-07-30 15:15:16 [main] TRACE o.s.c.interceptor.CacheInterceptor - Invalidating entire cache for operation Builder[public guru.springframework.ghd.dto.category.CategoryResponse guru.springframework.ghd.services.impl.CategoryServiceImpl.addCategory(guru.springframework.ghd.dto.category.CategoryRequest)] caches=[products-related] | key='' | keyGenerator='' | cacheManager='' | cacheResolver='' | condition='',true,false on method public guru.springframework.ghd.dto.category.CategoryResponse guru.springframework.ghd.services.impl.CategoryServiceImpl.addCategory(guru.springframework.ghd.dto.category.CategoryRequest)
2026-07-30 15:15:16 [main] TRACE o.s.c.interceptor.CacheInterceptor - Invalidating entire cache for operation Builder[public guru.springframework.ghd.dto.category.CategoryResponse guru.springframework.ghd.services.impl.CategoryServiceImpl.addCategory(guru.springframework.ghd.dto.category.CategoryRequest)] caches=[news] | key='' | keyGenerator='' | cacheManager='' | cacheResolver='' | condition='',true,false on method public guru.springframework.ghd.dto.category.CategoryResponse guru.springframework.ghd.services.impl.CategoryServiceImpl.addCategory(guru.springframework.ghd.dto.category.CategoryRequest)
2026-07-30 15:15:16 [main] TRACE o.s.c.interceptor.CacheInterceptor - Computed cache key 'all' for operation Builder[public java.util.List guru.springframework.ghd.services.impl.CategoryServiceImpl.getAll()] caches=[categories] | key=''all'' | keyGenerator='' | cacheManager='' | cacheResolver='' | condition='' | unless='' | sync='false'
2026-07-30 15:15:16 [main] TRACE o.s.c.interceptor.CacheInterceptor - Cache entry for key 'all' found in cache(s) [categories]
2026-07-30 15:22:13 [main] INFO  g.s.g.s.JwtAuthenticationFilter - 
[HTTP GET] /api/v1/sys-param -> Status: 500
[Res Body]: {"status":500,"message":"Unexpected error occurred","data":null}
2026-07-30 15:24:59 [main] TRACE o.s.w.c.s.GenericWebApplicationContext - Refreshing org.springframework.web.context.support.GenericWebApplicationContext@7ac48f05, started on Thu Jul 30 15:24:59 ICT 2026
2026-07-30 15:25:07 [main] TRACE o.s.w.c.s.GenericWebApplicationContext - No 'messageSource' bean, using [Empty MessageSource]
2026-07-30 15:25:07 [main] TRACE o.s.w.c.s.GenericWebApplicationContext - No 'applicationEventMulticaster' bean, using [SimpleApplicationEventMulticaster]
2026-07-30 15:25:35 [main] TRACE o.s.w.s.m.m.a.RequestMappingHandlerMapping - 
	g.s.g.c.a.AuthenticationController:
	{DELETE [/api/v1/auth/logout]}: logout(Authentication,HttpServletRequest,HttpServletResponse)
	{POST [/api/v1/auth/login]}: login(LoginRequest,HttpServletResponse)
2026-07-30 15:25:35 [main] TRACE o.s.w.s.m.m.a.RequestMappingHandlerMapping - 
	g.s.g.c.a.BannerController:
	{DELETE [/api/v1/banner/{bannerId}]}: deleteById(UUID)
	{GET [/api/v1/banner/{bannerId}]}: getById(UUID)
	{GET [/api/v1/banner]}: getBanners(String,Integer,Integer,String,String)
	{PUT [/api/v1/banner/{bannerId}], consumes [multipart/form-data]}: updateById(UUID,BannerRequest)
	{POST [/api/v1/banner], consumes [multipart/form-data]}: addBanner(BannerRequest)
2026-07-30 15:25:35 [main] TRACE o.s.w.s.m.m.a.RequestMappingHandlerMapping - 
	g.s.g.c.a.BrandController:
	{DELETE [/api/v1/brand/{brandId}]}: deleteById(String)
	{GET [/api/v1/brand/{brandId}]}: getById(String)
	{POST [/api/v1/brand], consumes [multipart/form-data]}: addBrand(BrandRequest)
	{PUT [/api/v1/brand/{brandId}], consumes [multipart/form-data]}: updateById(String,BrandRequest)
	{GET [/api/v1/brand]}: getCategories(String,Integer,Integer,String,String)
2026-07-30 15:25:35 [main] TRACE o.s.w.s.m.m.a.RequestMappingHandlerMapping - 
	g.s.g.c.a.CategoryController:
	{DELETE [/api/v1/category/{categoryId}]}: deleteById(String)
	{GET [/api/v1/category/{categoryId}]}: getById(String)
	{PUT [/api/v1/category/{categoryId}], consumes [multipart/form-data]}: updateById(String,CategoryRequest)
	{POST [/api/v1/category], consumes [multipart/form-data]}: addCategory(CategoryRequest)
	{GET [/api/v1/category]}: getCategories(String,Integer,Integer,String,String)
2026-07-30 15:25:35 [main] TRACE o.s.w.s.m.m.a.RequestMappingHandlerMapping - 
	g.s.g.c.a.ContactController:
	{PUT [/api/v1/contact/{contactId}]}: update(String,ContactUpdateRequest)
	{GET [/api/v1/contact/{contactId}]}: getById(String)
	{POST [/api/v1/contact]}: addContact(ContactRequest)
	{GET [/api/v1/contact]}: getContacts(String,Integer,Integer,String,String)
2026-07-30 15:25:35 [main] TRACE o.s.w.s.m.m.a.RequestMappingHandlerMapping - 
	g.s.g.c.a.ImageController:
	{POST [/api/v1/image/upload]}: uploadImage(Map)
2026-07-30 15:25:35 [main] TRACE o.s.w.s.m.m.a.RequestMappingHandlerMapping - 
	g.s.g.c.a.NewsController:
	{POST [/api/v1/news], consumes [multipart/form-data]}: addNews(NewsRequest,Optional)
	{PUT [/api/v1/news/{newsId}], consumes [multipart/form-data]}: updateNews(String,NewsRequest,MultipartFile)
	{DELETE [/api/v1/news/{newsId}]}: deleteNews(String)
	{GET [/api/v1/news/list]}: getNews(String,int,int,String,String)
	{GET [/api/v1/news]}: getNewsAdmin(String,String,int,int,String,String)
2026-07-30 15:25:35 [main] TRACE o.s.w.s.m.m.a.RequestMappingHandlerMapping - 
	g.s.g.c.a.OrderController:
	{GET [/api/v1/order/{orderId}]}: getOrderDetails(String)
	{POST [/api/v1/order]}: createOrder(OrderRequest)
	{GET [/api/v1/order]}: searchOrders(String,String,String,OrderStatus,LocalDate,LocalDate,int,int,String,String)
	{PUT [/api/v1/order/{orderId}]}: updateOrder(String,OrderUpdateRequest)
2026-07-30 15:25:36 [main] TRACE o.s.w.s.m.m.a.RequestMappingHandlerMapping - 
	g.s.g.c.a.PolicyController:
	{GET [/api/v1/policy/{id}]}: getById(String)
	{POST [/api/v1/policy]}: addPolicy(PolicyRequest)
	{GET [/api/v1/policy]}: getPolicies(String,String,String)
	{PUT [/api/v1/policy/{id}]}: updatePolicy(String,PolicyRequest)
	{DELETE [/api/v1/policy/{id}]}: deletePolicy(String)
2026-07-30 15:25:36 [main] TRACE o.s.w.s.m.m.a.RequestMappingHandlerMapping - 
	g.s.g.c.a.ProductController:
	{GET [/api/v1/product/find]}: find(String,String)
	{GET [/api/v1/product/{productId}]}: getById(String)
	{POST [/api/v1/product], consumes [multipart/form-data]}: addProduct(ProductRequest,MultipartFile,List)
	{GET [/api/v1/product/sync]}: syncCart(List)
	{GET [/api/v1/product]}: getProduct(String,String,String,Integer,String,String,Integer,Integer)
	{GET [/api/v1/product/search]}: searchProduct(String,String,String,Double,Double,Integer,int,int,String,String)
	{GET [/api/v1/product/search-suggestions]}: getSuggestions(String)
	{DELETE [/api/v1/product/{productId}]}: deleteProduct(String)
	{PUT [/api/v1/product/{productId}], consumes [multipart/form-data]}: updateProduct(String,ProductRequest,MultipartFile,List)
	{GET [/api/v1/product/export]}: exportProducts(String,String,String,HttpServletResponse)
2026-07-30 15:25:36 [main] TRACE o.s.w.s.m.m.a.RequestMappingHandlerMapping - 
	g.s.g.c.a.ReviewController:
	{POST [/api/v1/review], consumes [multipart/form-data]}: createReview(ReviewRequest,List)
	{GET [/api/v1/review/list]}: getReviews(String)
2026-07-30 15:25:36 [main] TRACE o.s.w.s.m.m.a.RequestMappingHandlerMapping - 
	g.s.g.c.a.SliderController:
	{DELETE [/api/v1/slider/{sliderId}]}: deleteById(String)
	{GET [/api/v1/slider/{sliderId}]}: getById(String)
	{PUT [/api/v1/slider/{sliderId}], consumes [multipart/form-data]}: updateById(String,SliderRequest)
	{POST [/api/v1/slider], consumes [multipart/form-data]}: addSlider(SliderRequest)
	{GET [/api/v1/slider]}: getSliders(String,Integer,Integer,String,String)
2026-07-30 15:25:36 [main] TRACE o.s.w.s.m.m.a.RequestMappingHandlerMapping - 
	g.s.g.c.a.SysParamController:
	{GET [/api/v1/sys-param]}: getAll()
	{POST [/api/v1/sys-param/seo-file/{type}]}: uploadSeoFile(String,MultipartFile)
	{PUT [/api/v1/sys-param]}: updateSysParam(List)
	{POST [/api/v1/sys-param/sitemap]}: uploadSitemap(MultipartFile)
	{GET [/api/v1/sys-param/key/{key}]}: getByKey(String)
2026-07-30 15:25:36 [main] TRACE o.s.w.s.m.m.a.RequestMappingHandlerMapping - 
	g.s.g.c.a.UserController:
	{POST [/api/v1/user], consumes [multipart/form-data]}: addUser(UserRequest)
	{GET [/api/v1/user/{userId}]}: getById(String)
	{PUT [/api/v1/user/api/v1/user/{userId}], consumes [multipart/form-data]}: updateById(String,UserRequest)
	{PUT [/api/v1/user/change-pw]}: changePassword(Principal,PasswordRequest)
	{PUT [/api/v1/user/update]}: updateProfile(UpdateProfileRequest)
	{GET [/api/v1/user/me]}: getMyProfile(UserDetails)
	{GET [/api/v1/user]}: getUsers(String,Integer,Integer)
2026-07-30 15:25:36 [main] TRACE o.s.w.s.m.m.a.RequestMappingHandlerMapping - 
	g.s.g.c.v.ViewAdminController:
	{GET [/admin/v1/settings]}: settings(Model)
	{GET [/admin/v1/profile]}: profile(Model)
	{GET [/admin/v1/policy]}: policy(Model)
	{GET [/admin/v1/product]}: product(Model)
	{GET [/admin/v1/order]}: order(Model)
	{GET [/admin/v1/]}: home(Model)
	{GET [/admin/v1/user]}: user(Model)
	{GET [/admin/v1/category]}: category(Model)
	{GET [/admin/v1/news]}: news(Model)
	{GET [/admin/v1/brand]}: brand(Model)
	{GET [/admin/v1/banner]}: banner(Model)
	{GET [/admin/v1/news/add || /admin/v1/news/edit/{id}]}: addOrUpdateNews(String,Model)
	{GET [/admin/v1/product/add || /admin/v1/product/edit/{id}]}: addOrUpdateProduct(String,Model)
	{GET [/admin/v1/news/preview]}: previewNews(Model)
	{GET [/admin/v1/product/duplicate/{id}]}: duplicateProduct(String,Model)
	{GET [/admin/v1/product/preview]}: previewProduct(Model)
	{GET [/admin/v1/slider]}: slide(Model)
	{GET [/admin/v1/contact]}: contact(Model)
	{GET [/admin/v1/sign-in]}: signIn(HttpServletRequest,Model)
2026-07-30 15:25:36 [main] TRACE o.s.w.s.m.m.a.RequestMappingHandlerMapping - 
	g.s.g.c.v.ViewClientController:
	{GET [/san-pham]}: product(String,String,String,Double,Double,Integer,int,int,String,String,Model)
	{GET [/]}: home(Model)
	{GET [/tin-tuc]}: news(String,int,int,String,String,Model)
	{GET [/chinh-sach/dieu-khoan-su-dung-va-bao-mat]}: termsOfUseAndPrivacy(Model)
	{GET [/chinh-sach/doi-tra]}: returnExchange(Model)
	{GET [/chinh-sach/quy-dinh-chung]}: generalRegulations(Model)
	{GET [/product/{idProduct}]}: productDetailById(String)
	{GET [/san-pham/{slug}]}: productDetail(String,Model)
	{GET [/chinh-sach/van-chuyen]}: shipping(Model)
	{GET [/lien-he]}: contact(Model)
	{GET [/chinh-sach/thanh-toan]}: payment(Model)
	{GET [/gio-hang]}: cart(Model)
	{GET [/ve-chung-toi]}: about(Model)
	{GET [/chinh-sach/bao-hanh]}: warranty(Model)
	{GET [/tin-tuc/{slug}]}: newsDetail(String,Model,HttpServletRequest)
2026-07-30 15:25:36 [main] TRACE o.s.w.s.m.m.a.RequestMappingHandlerMapping - 
	o.s.b.w.a.e.BasicErrorController:
	{ [/error]}: error(HttpServletRequest)
	{ [/error], produces [text/html]}: errorHtml(HttpServletRequest,HttpServletResponse)
2026-07-30 15:25:36 [main] DEBUG o.s.w.s.m.m.a.RequestMappingHandlerMapping - 101 mappings in 'requestMappingHandlerMapping'
2026-07-30 15:25:36 [main] DEBUG o.s.w.s.h.BeanNameUrlHandlerMapping - Detected 0 mappings in 'beanNameHandlerMapping'
2026-07-30 15:25:36 [main] TRACE o.s.w.s.f.s.RouterFunctionMapping - 0 RouterFunction(s) in 'routerFunctionMapping'
2026-07-30 15:25:36 [main] TRACE o.s.w.s.h.SimpleUrlHandlerMapping - Mapped [/webjars/**] onto ResourceHttpRequestHandler [classpath [META-INF/resources/webjars/]]
2026-07-30 15:25:36 [main] TRACE o.s.w.s.h.SimpleUrlHandlerMapping - Mapped [/**] onto ResourceHttpRequestHandler [classpath [META-INF/resources/], classpath [resources/], classpath [static/], classpath [public/], ServletContext [/]]
2026-07-30 15:25:36 [main] TRACE o.s.w.s.h.SimpleUrlHandlerMapping - Mapped [/uploads/**] onto ResourceHttpRequestHandler [URL [file:/C:/Users/buitu/OneDrive/Máy%20tính/project-ghd/ghd/uploads/]]
2026-07-30 15:25:36 [main] TRACE o.s.w.s.h.SimpleUrlHandlerMapping - Mapped [/common/**] onto ResourceHttpRequestHandler [classpath [static/common/]]
2026-07-30 15:25:36 [main] TRACE o.s.w.s.h.SimpleUrlHandlerMapping - Mapped [/client/**] onto ResourceHttpRequestHandler [classpath [static/client/]]
2026-07-30 15:25:36 [main] TRACE o.s.w.s.h.SimpleUrlHandlerMapping - Mapped [/admin/**] onto ResourceHttpRequestHandler [classpath [static/admin/]]
2026-07-30 15:25:36 [main] TRACE o.s.w.s.h.SimpleUrlHandlerMapping - Mapped [/sitemap.xml] onto ResourceHttpRequestHandler [URL [file:/C:/Users/buitu/OneDrive/Máy%20tính/project-ghd/ghd/seo/], classpath [static/]]
2026-07-30 15:25:36 [main] TRACE o.s.w.s.h.SimpleUrlHandlerMapping - Mapped [/robots.txt] onto ResourceHttpRequestHandler [URL [file:/C:/Users/buitu/OneDrive/Máy%20tính/project-ghd/ghd/seo/], classpath [static/]]
2026-07-30 15:25:36 [main] DEBUG o.s.w.s.h.SimpleUrlHandlerMapping - Patterns [/webjars/**, /**, /uploads/**, /common/**, /client/**, /admin/**, /sitemap.xml, /robots.txt] in 'resourceHandlerMapping'
2026-07-30 15:25:36 [main] DEBUG o.s.w.s.m.m.a.RequestMappingHandlerAdapter - ControllerAdvice beans: 1 @ModelAttribute, 0 @InitBinder, 1 RequestBodyAdvice, 1 ResponseBodyAdvice
2026-07-30 15:25:36 [main] DEBUG o.s.w.s.m.m.a.ExceptionHandlerExceptionResolver - ControllerAdvice beans: 2 @ExceptionHandler, 1 ResponseBodyAdvice
2026-07-30 15:25:38 [main] DEBUG o.s.web.filter.ForwardedHeaderFilter - Filter 'forwardedHeaderFilter' configured for use
2026-07-30 15:25:38 [main] DEBUG o.s.w.f.ServerHttpObservationFilter - Filter 'webMvcObservationFilter' configured for use
2026-07-30 15:25:38 [main] DEBUG o.s.w.s.r.ResourceUrlEncodingFilter - Filter 'resourceUrlEncodingFilter' configured for use
2026-07-30 15:25:38 [main] DEBUG o.s.w.f.CommonsRequestLoggingFilter - Filter 'logFilter' configured for use
2026-07-30 15:25:38 [main] TRACE o.s.w.c.s.GenericWebApplicationContext - Using LifecycleProcessor [org.springframework.context.support.DefaultLifecycleProcessor@1db5ad28]
2026-07-30 15:25:39 [main] DEBUG o.s.w.f.CommonsRequestLoggingFilter - Before request [GET /api/v1/sys-param]
2026-07-30 15:25:39 [main] TRACE o.s.w.s.m.m.a.RequestMappingHandlerMapping - Mapped to guru.springframework.ghd.controllers.api.SysParamController#getAll()
2026-07-30 15:25:39 [main] TRACE o.s.web.method.HandlerMethod - Arguments: []
2026-07-30 15:25:41 [main] TRACE o.s.web.method.HandlerMethod - Arguments: [SecurityContextHolderAwareRequestWrapper[ org.springframework.security.web.header.HeaderWriterFilter$HeaderWriterRequest@24b535c9]]
2026-07-30 15:25:41 [main] TRACE o.s.web.method.HandlerMethod - Arguments: []
2026-07-30 15:25:42 [main] TRACE o.s.web.method.HandlerMethod - Arguments: []
2026-07-30 15:25:42 [main] DEBUG o.s.w.s.m.m.a.ExceptionHandlerExceptionResolver - Using @ExceptionHandler guru.springframework.ghd.controllers.api.ApiExceptionHandler#handleException(Exception)
2026-07-30 15:25:42 [main] TRACE o.s.web.method.HandlerMethod - Arguments: [java.lang.IllegalArgumentException: Cache 'sys-params' does not allow 'null' values; Avoid storing null via '@Cacheable(unless="#result == null")' or configure RedisCache to allow 'null' via RedisCacheConfiguration]
2026-07-30 15:25:42 [main] DEBUG o.s.w.s.m.m.a.HttpEntityMethodProcessor - Using 'application/json', given [*/*] and supported [application/json, application/*+json]
2026-07-30 15:25:42 [main] TRACE o.s.w.s.m.m.a.HttpEntityMethodProcessor - Writing [guru.springframework.ghd.dto.ErrorResponse@cab0abd]
2026-07-30 15:25:42 [main] DEBUG o.s.w.s.m.m.a.ExceptionHandlerExceptionResolver - Resolved [java.lang.IllegalArgumentException: Cache 'sys-params' does not allow 'null' values; Avoid storing null via '@Cacheable(unless="#result == null")' or configure RedisCache to allow 'null' via RedisCacheConfiguration]
2026-07-30 15:25:42 [main] DEBUG o.s.w.f.CommonsRequestLoggingFilter - After request [GET /api/v1/sys-param]
2026-07-30 15:25:42 [main] INFO  g.s.g.s.JwtAuthenticationFilter - 
[HTTP GET] /api/v1/sys-param -> Status: 500
[Res Body]: {"status":500,"message":"Unexpected error occurred","data":null}
2026-07-30 15:25:43 [SpringApplicationShutdownHook] DEBUG o.s.w.c.s.GenericWebApplicationContext - Closing org.springframework.web.context.support.GenericWebApplicationContext@7ac48f05, started on Thu Jul 30 15:24:59 ICT 2026
2026-07-30 15:27:22 [main] TRACE o.s.w.c.s.GenericWebApplicationContext - Refreshing org.springframework.web.context.support.GenericWebApplicationContext@4662752a, started on Thu Jul 30 15:27:22 ICT 2026
2026-07-30 15:27:27 [main] TRACE o.s.w.c.s.GenericWebApplicationContext - No 'messageSource' bean, using [Empty MessageSource]
2026-07-30 15:27:27 [main] TRACE o.s.w.c.s.GenericWebApplicationContext - No 'applicationEventMulticaster' bean, using [SimpleApplicationEventMulticaster]
2026-07-30 15:27:41 [main] TRACE o.s.w.s.m.m.a.RequestMappingHandlerMapping - 
	g.s.g.c.a.AuthenticationController:
	{DELETE [/api/v1/auth/logout]}: logout(Authentication,HttpServletRequest,HttpServletResponse)
	{POST [/api/v1/auth/login]}: login(LoginRequest,HttpServletResponse)
2026-07-30 15:27:41 [main] TRACE o.s.w.s.m.m.a.RequestMappingHandlerMapping - 
	g.s.g.c.a.BannerController:
	{POST [/api/v1/banner], consumes [multipart/form-data]}: addBanner(BannerRequest)
	{PUT [/api/v1/banner/{bannerId}], consumes [multipart/form-data]}: updateById(UUID,BannerRequest)
	{GET [/api/v1/banner]}: getBanners(String,Integer,Integer,String,String)
	{GET [/api/v1/banner/{bannerId}]}: getById(UUID)
	{DELETE [/api/v1/banner/{bannerId}]}: deleteById(UUID)
2026-07-30 15:27:41 [main] TRACE o.s.w.s.m.m.a.RequestMappingHandlerMapping - 
	g.s.g.c.a.BrandController:
	{PUT [/api/v1/brand/{brandId}], consumes [multipart/form-data]}: updateById(String,BrandRequest)
	{POST [/api/v1/brand], consumes [multipart/form-data]}: addBrand(BrandRequest)
	{GET [/api/v1/brand]}: getCategories(String,Integer,Integer,String,String)
	{GET [/api/v1/brand/{brandId}]}: getById(String)
	{DELETE [/api/v1/brand/{brandId}]}: deleteById(String)
2026-07-30 15:27:41 [main] TRACE o.s.w.s.m.m.a.RequestMappingHandlerMapping - 
	g.s.g.c.a.CategoryController:
	{PUT [/api/v1/category/{categoryId}], consumes [multipart/form-data]}: updateById(String,CategoryRequest)
	{GET [/api/v1/category]}: getCategories(String,Integer,Integer,String,String)
	{POST [/api/v1/category], consumes [multipart/form-data]}: addCategory(CategoryRequest)
	{GET [/api/v1/category/{categoryId}]}: getById(String)
	{DELETE [/api/v1/category/{categoryId}]}: deleteById(String)
2026-07-30 15:27:41 [main] TRACE o.s.w.s.m.m.a.RequestMappingHandlerMapping - 
	g.s.g.c.a.ContactController:
	{PUT [/api/v1/contact/{contactId}]}: update(String,ContactUpdateRequest)
	{POST [/api/v1/contact]}: addContact(ContactRequest)
	{GET [/api/v1/contact]}: getContacts(String,Integer,Integer,String,String)
	{GET [/api/v1/contact/{contactId}]}: getById(String)
2026-07-30 15:27:41 [main] TRACE o.s.w.s.m.m.a.RequestMappingHandlerMapping - 
	g.s.g.c.a.ImageController:
	{POST [/api/v1/image/upload]}: uploadImage(Map)
2026-07-30 15:27:41 [main] TRACE o.s.w.s.m.m.a.RequestMappingHandlerMapping - 
	g.s.g.c.a.NewsController:
	{DELETE [/api/v1/news/{newsId}]}: deleteNews(String)
	{PUT [/api/v1/news/{newsId}], consumes [multipart/form-data]}: updateNews(String,NewsRequest,MultipartFile)
	{GET [/api/v1/news/list]}: getNews(String,int,int,String,String)
	{POST [/api/v1/news], consumes [multipart/form-data]}: addNews(NewsRequest,Optional)
	{GET [/api/v1/news]}: getNewsAdmin(String,String,int,int,String,String)
2026-07-30 15:27:41 [main] TRACE o.s.w.s.m.m.a.RequestMappingHandlerMapping - 
	g.s.g.c.a.OrderController:
	{GET [/api/v1/order]}: searchOrders(String,String,String,OrderStatus,LocalDate,LocalDate,int,int,String,String)
	{POST [/api/v1/order]}: createOrder(OrderRequest)
	{GET [/api/v1/order/{orderId}]}: getOrderDetails(String)
	{PUT [/api/v1/order/{orderId}]}: updateOrder(String,OrderUpdateRequest)
2026-07-30 15:27:41 [main] TRACE o.s.w.s.m.m.a.RequestMappingHandlerMapping - 
	g.s.g.c.a.PolicyController:
	{POST [/api/v1/policy]}: addPolicy(PolicyRequest)
	{PUT [/api/v1/policy/{id}]}: updatePolicy(String,PolicyRequest)
	{DELETE [/api/v1/policy/{id}]}: deletePolicy(String)
	{GET [/api/v1/policy]}: getPolicies(String,String,String)
	{GET [/api/v1/policy/{id}]}: getById(String)
2026-07-30 15:27:41 [main] TRACE o.s.w.s.m.m.a.RequestMappingHandlerMapping - 
	g.s.g.c.a.ProductController:
	{GET [/api/v1/product/find]}: find(String,String)
	{GET [/api/v1/product]}: getProduct(String,String,String,Integer,String,String,Integer,Integer)
	{GET [/api/v1/product/sync]}: syncCart(List)
	{POST [/api/v1/product], consumes [multipart/form-data]}: addProduct(ProductRequest,MultipartFile,List)
	{GET [/api/v1/product/search]}: searchProduct(String,String,String,Double,Double,Integer,int,int,String,String)
	{PUT [/api/v1/product/{productId}], consumes [multipart/form-data]}: updateProduct(String,ProductRequest,MultipartFile,List)
	{DELETE [/api/v1/product/{productId}]}: deleteProduct(String)
	{GET [/api/v1/product/export]}: exportProducts(String,String,String,HttpServletResponse)
	{GET [/api/v1/product/search-suggestions]}: getSuggestions(String)
	{GET [/api/v1/product/{productId}]}: getById(String)
2026-07-30 15:27:41 [main] TRACE o.s.w.s.m.m.a.RequestMappingHandlerMapping - 
	g.s.g.c.a.ReviewController:
	{POST [/api/v1/review], consumes [multipart/form-data]}: createReview(ReviewRequest,List)
	{GET [/api/v1/review/list]}: getReviews(String)
2026-07-30 15:27:41 [main] TRACE o.s.w.s.m.m.a.RequestMappingHandlerMapping - 
	g.s.g.c.a.SliderController:
	{PUT [/api/v1/slider/{sliderId}], consumes [multipart/form-data]}: updateById(String,SliderRequest)
	{POST [/api/v1/slider], consumes [multipart/form-data]}: addSlider(SliderRequest)
	{GET [/api/v1/slider]}: getSliders(String,Integer,Integer,String,String)
	{GET [/api/v1/slider/{sliderId}]}: getById(String)
	{DELETE [/api/v1/slider/{sliderId}]}: deleteById(String)
2026-07-30 15:27:41 [main] TRACE o.s.w.s.m.m.a.RequestMappingHandlerMapping - 
	g.s.g.c.a.SysParamController:
	{GET [/api/v1/sys-param]}: getAll()
	{PUT [/api/v1/sys-param]}: updateSysParam(List)
	{POST [/api/v1/sys-param/seo-file/{type}]}: uploadSeoFile(String,MultipartFile)
	{POST [/api/v1/sys-param/sitemap]}: uploadSitemap(MultipartFile)
	{GET [/api/v1/sys-param/key/{key}]}: getByKey(String)
2026-07-30 15:27:41 [main] TRACE o.s.w.s.m.m.a.RequestMappingHandlerMapping - 
	g.s.g.c.a.UserController:
	{PUT [/api/v1/user/api/v1/user/{userId}], consumes [multipart/form-data]}: updateById(String,UserRequest)
	{POST [/api/v1/user], consumes [multipart/form-data]}: addUser(UserRequest)
	{GET [/api/v1/user/me]}: getMyProfile(UserDetails)
	{PUT [/api/v1/user/update]}: updateProfile(UpdateProfileRequest)
	{PUT [/api/v1/user/change-pw]}: changePassword(Principal,PasswordRequest)
	{GET [/api/v1/user]}: getUsers(String,Integer,Integer)
	{GET [/api/v1/user/{userId}]}: getById(String)
2026-07-30 15:27:41 [main] TRACE o.s.w.s.m.m.a.RequestMappingHandlerMapping - 
	g.s.g.c.v.ViewAdminController:
	{GET [/admin/v1/settings]}: settings(Model)
	{GET [/admin/v1/profile]}: profile(Model)
	{GET [/admin/v1/policy]}: policy(Model)
	{GET [/admin/v1/product]}: product(Model)
	{GET [/admin/v1/order]}: order(Model)
	{GET [/admin/v1/]}: home(Model)
	{GET [/admin/v1/user]}: user(Model)
	{GET [/admin/v1/category]}: category(Model)
	{GET [/admin/v1/brand]}: brand(Model)
	{GET [/admin/v1/news]}: news(Model)
	{GET [/admin/v1/banner]}: banner(Model)
	{GET [/admin/v1/product/duplicate/{id}]}: duplicateProduct(String,Model)
	{GET [/admin/v1/news/add || /admin/v1/news/edit/{id}]}: addOrUpdateNews(String,Model)
	{GET [/admin/v1/product/preview]}: previewProduct(Model)
	{GET [/admin/v1/product/add || /admin/v1/product/edit/{id}]}: addOrUpdateProduct(String,Model)
	{GET [/admin/v1/news/preview]}: previewNews(Model)
	{GET [/admin/v1/slider]}: slide(Model)
	{GET [/admin/v1/sign-in]}: signIn(HttpServletRequest,Model)
	{GET [/admin/v1/contact]}: contact(Model)
2026-07-30 15:27:41 [main] TRACE o.s.w.s.m.m.a.RequestMappingHandlerMapping - 
	g.s.g.c.v.ViewClientController:
	{GET [/san-pham]}: product(String,String,String,Double,Double,Integer,int,int,String,String,Model)
	{GET [/]}: home(Model)
	{GET [/chinh-sach/van-chuyen]}: shipping(Model)
	{GET [/tin-tuc]}: news(String,int,int,String,String,Model)
	{GET [/chinh-sach/quy-dinh-chung]}: generalRegulations(Model)
	{GET [/chinh-sach/doi-tra]}: returnExchange(Model)
	{GET [/product/{idProduct}]}: productDetailById(String)
	{GET [/san-pham/{slug}]}: productDetail(String,Model)
	{GET [/chinh-sach/dieu-khoan-su-dung-va-bao-mat]}: termsOfUseAndPrivacy(Model)
	{GET [/lien-he]}: contact(Model)
	{GET [/chinh-sach/bao-hanh]}: warranty(Model)
	{GET [/chinh-sach/thanh-toan]}: payment(Model)
	{GET [/tin-tuc/{slug}]}: newsDetail(String,Model,HttpServletRequest)
	{GET [/gio-hang]}: cart(Model)
	{GET [/ve-chung-toi]}: about(Model)
2026-07-30 15:27:41 [main] TRACE o.s.w.s.m.m.a.RequestMappingHandlerMapping - 
	o.s.b.w.a.e.BasicErrorController:
	{ [/error]}: error(HttpServletRequest)
	{ [/error], produces [text/html]}: errorHtml(HttpServletRequest,HttpServletResponse)
2026-07-30 15:27:41 [main] DEBUG o.s.w.s.m.m.a.RequestMappingHandlerMapping - 101 mappings in 'requestMappingHandlerMapping'
2026-07-30 15:27:41 [main] DEBUG o.s.w.s.h.BeanNameUrlHandlerMapping - Detected 0 mappings in 'beanNameHandlerMapping'
2026-07-30 15:27:41 [main] TRACE o.s.w.s.f.s.RouterFunctionMapping - 0 RouterFunction(s) in 'routerFunctionMapping'
2026-07-30 15:27:41 [main] TRACE o.s.w.s.h.SimpleUrlHandlerMapping - Mapped [/webjars/**] onto ResourceHttpRequestHandler [classpath [META-INF/resources/webjars/]]
2026-07-30 15:27:41 [main] TRACE o.s.w.s.h.SimpleUrlHandlerMapping - Mapped [/**] onto ResourceHttpRequestHandler [classpath [META-INF/resources/], classpath [resources/], classpath [static/], classpath [public/], ServletContext [/]]
2026-07-30 15:27:41 [main] TRACE o.s.w.s.h.SimpleUrlHandlerMapping - Mapped [/uploads/**] onto ResourceHttpRequestHandler [URL [file:/C:/Users/buitu/OneDrive/Máy%20tính/project-ghd/ghd/uploads/]]
2026-07-30 15:27:41 [main] TRACE o.s.w.s.h.SimpleUrlHandlerMapping - Mapped [/common/**] onto ResourceHttpRequestHandler [classpath [static/common/]]
2026-07-30 15:27:41 [main] TRACE o.s.w.s.h.SimpleUrlHandlerMapping - Mapped [/client/**] onto ResourceHttpRequestHandler [classpath [static/client/]]
2026-07-30 15:27:41 [main] TRACE o.s.w.s.h.SimpleUrlHandlerMapping - Mapped [/admin/**] onto ResourceHttpRequestHandler [classpath [static/admin/]]
2026-07-30 15:27:41 [main] TRACE o.s.w.s.h.SimpleUrlHandlerMapping - Mapped [/sitemap.xml] onto ResourceHttpRequestHandler [URL [file:/C:/Users/buitu/OneDrive/Máy%20tính/project-ghd/ghd/seo/], classpath [static/]]
2026-07-30 15:27:41 [main] TRACE o.s.w.s.h.SimpleUrlHandlerMapping - Mapped [/robots.txt] onto ResourceHttpRequestHandler [URL [file:/C:/Users/buitu/OneDrive/Máy%20tính/project-ghd/ghd/seo/], classpath [static/]]
2026-07-30 15:27:41 [main] DEBUG o.s.w.s.h.SimpleUrlHandlerMapping - Patterns [/webjars/**, /**, /uploads/**, /common/**, /client/**, /admin/**, /sitemap.xml, /robots.txt] in 'resourceHandlerMapping'
2026-07-30 15:27:41 [main] DEBUG o.s.w.s.m.m.a.RequestMappingHandlerAdapter - ControllerAdvice beans: 1 @ModelAttribute, 0 @InitBinder, 1 RequestBodyAdvice, 1 ResponseBodyAdvice
2026-07-30 15:27:42 [main] DEBUG o.s.w.s.m.m.a.ExceptionHandlerExceptionResolver - ControllerAdvice beans: 2 @ExceptionHandler, 1 ResponseBodyAdvice
2026-07-30 15:27:43 [main] DEBUG o.s.web.filter.ForwardedHeaderFilter - Filter 'forwardedHeaderFilter' configured for use
2026-07-30 15:27:43 [main] DEBUG o.s.w.f.ServerHttpObservationFilter - Filter 'webMvcObservationFilter' configured for use
2026-07-30 15:27:43 [main] DEBUG o.s.w.s.r.ResourceUrlEncodingFilter - Filter 'resourceUrlEncodingFilter' configured for use
2026-07-30 15:27:43 [main] DEBUG o.s.w.f.CommonsRequestLoggingFilter - Filter 'logFilter' configured for use
2026-07-30 15:27:43 [main] TRACE o.s.w.c.s.GenericWebApplicationContext - Using LifecycleProcessor [org.springframework.context.support.DefaultLifecycleProcessor@130787b2]
2026-07-30 15:27:44 [main] DEBUG o.s.w.f.CommonsRequestLoggingFilter - Before request [GET /api/v1/sys-param]
2026-07-30 15:27:44 [main] TRACE o.s.w.s.m.m.a.RequestMappingHandlerMapping - Mapped to guru.springframework.ghd.controllers.api.SysParamController#getAll()
2026-07-30 15:27:44 [main] TRACE o.s.web.method.HandlerMethod - Arguments: []
2026-07-30 15:27:45 [main] TRACE o.s.web.method.HandlerMethod - Arguments: []
2026-07-30 15:27:45 [main] TRACE o.s.web.method.HandlerMethod - Arguments: [SecurityContextHolderAwareRequestWrapper[ org.springframework.security.web.header.HeaderWriterFilter$HeaderWriterRequest@78b5e9c7]]
2026-07-30 15:27:45 [main] TRACE o.s.web.method.HandlerMethod - Arguments: []
2026-07-30 15:27:45 [main] DEBUG o.s.w.s.m.m.a.ExceptionHandlerExceptionResolver - Using @ExceptionHandler guru.springframework.ghd.controllers.api.ApiExceptionHandler#handleException(Exception)
2026-07-30 15:27:45 [main] TRACE o.s.web.method.HandlerMethod - Arguments: [java.lang.IllegalArgumentException: Cache 'sys-params' does not allow 'null' values; Avoid storing null via '@Cacheable(unless="#result == null")' or configure RedisCache to allow 'null' via RedisCacheConfiguration]
2026-07-30 15:27:45 [main] DEBUG o.s.w.s.m.m.a.HttpEntityMethodProcessor - Using 'application/json', given [*/*] and supported [application/json, application/*+json]
2026-07-30 15:27:45 [main] TRACE o.s.w.s.m.m.a.HttpEntityMethodProcessor - Writing [guru.springframework.ghd.dto.ErrorResponse@45cceeeb]
2026-07-30 15:27:45 [main] DEBUG o.s.w.s.m.m.a.ExceptionHandlerExceptionResolver - Resolved [java.lang.IllegalArgumentException: Cache 'sys-params' does not allow 'null' values; Avoid storing null via '@Cacheable(unless="#result == null")' or configure RedisCache to allow 'null' via RedisCacheConfiguration]
2026-07-30 15:27:45 [main] DEBUG o.s.w.f.CommonsRequestLoggingFilter - After request [GET /api/v1/sys-param]
2026-07-30 15:27:45 [main] INFO  g.s.g.s.JwtAuthenticationFilter - 
[HTTP GET] /api/v1/sys-param -> Status: 500
[Res Body]: {"status":500,"message":"Unexpected error occurred","data":null}
2026-07-30 15:27:46 [SpringApplicationShutdownHook] DEBUG o.s.w.c.s.GenericWebApplicationContext - Closing org.springframework.web.context.support.GenericWebApplicationContext@4662752a, started on Thu Jul 30 15:27:22 ICT 2026
2026-07-30 15:37:13 [main] INFO  g.s.g.s.JwtAuthenticationFilter - 
[HTTP GET] /api/v1/sys-param -> Status: 500
[Res Body]: {"status":500,"message":"Unexpected error occurred","data":null}
2026-07-30 15:41:44 [main] INFO  g.s.g.s.JwtAuthenticationFilter - 
[HTTP GET] /api/v1/sys-param -> Status: 500
[Res Body]: {"status":500,"message":"Unexpected error occurred","data":null}
2026-07-30 15:43:35 [main] TRACE o.s.w.c.s.GenericWebApplicationContext - Refreshing org.springframework.web.context.support.GenericWebApplicationContext@29bd85db, started on Thu Jul 30 15:43:35 ICT 2026
2026-07-30 15:43:41 [main] TRACE o.s.w.c.s.GenericWebApplicationContext - No 'messageSource' bean, using [Empty MessageSource]
2026-07-30 15:43:41 [main] TRACE o.s.w.c.s.GenericWebApplicationContext - No 'applicationEventMulticaster' bean, using [SimpleApplicationEventMulticaster]
2026-07-30 15:44:10 [main] TRACE o.s.w.s.m.m.a.RequestMappingHandlerMapping - 
	g.s.g.c.a.AuthenticationController:
	{POST [/api/v1/auth/login]}: login(LoginRequest,HttpServletResponse)
	{DELETE [/api/v1/auth/logout]}: logout(Authentication,HttpServletRequest,HttpServletResponse)
2026-07-30 15:44:10 [main] TRACE o.s.w.s.m.m.a.RequestMappingHandlerMapping - 
	g.s.g.c.a.BannerController:
	{DELETE [/api/v1/banner/{bannerId}]}: deleteById(UUID)
	{GET [/api/v1/banner/{bannerId}]}: getById(UUID)
	{GET [/api/v1/banner]}: getBanners(String,Integer,Integer,String,String)
	{POST [/api/v1/banner], consumes [multipart/form-data]}: addBanner(BannerRequest)
	{PUT [/api/v1/banner/{bannerId}], consumes [multipart/form-data]}: updateById(UUID,BannerRequest)
2026-07-30 15:44:11 [main] TRACE o.s.w.s.m.m.a.RequestMappingHandlerMapping - 
	g.s.g.c.a.BrandController:
	{DELETE [/api/v1/brand/{brandId}]}: deleteById(String)
	{GET [/api/v1/brand/{brandId}]}: getById(String)
	{PUT [/api/v1/brand/{brandId}], consumes [multipart/form-data]}: updateById(String,BrandRequest)
	{POST [/api/v1/brand], consumes [multipart/form-data]}: addBrand(BrandRequest)
	{GET [/api/v1/brand]}: getCategories(String,Integer,Integer,String,String)
2026-07-30 15:44:11 [main] TRACE o.s.w.s.m.m.a.RequestMappingHandlerMapping - 
	g.s.g.c.a.CategoryController:
	{DELETE [/api/v1/category/{categoryId}]}: deleteById(String)
	{GET [/api/v1/category/{categoryId}]}: getById(String)
	{PUT [/api/v1/category/{categoryId}], consumes [multipart/form-data]}: updateById(String,CategoryRequest)
	{POST [/api/v1/category], consumes [multipart/form-data]}: addCategory(CategoryRequest)
	{GET [/api/v1/category]}: getCategories(String,Integer,Integer,String,String)
2026-07-30 15:44:11 [main] TRACE o.s.w.s.m.m.a.RequestMappingHandlerMapping - 
	g.s.g.c.a.ContactController:
	{PUT [/api/v1/contact/{contactId}]}: update(String,ContactUpdateRequest)
	{GET [/api/v1/contact/{contactId}]}: getById(String)
	{POST [/api/v1/contact]}: addContact(ContactRequest)
	{GET [/api/v1/contact]}: getContacts(String,Integer,Integer,String,String)
2026-07-30 15:44:11 [main] TRACE o.s.w.s.m.m.a.RequestMappingHandlerMapping - 
	g.s.g.c.a.ImageController:
	{POST [/api/v1/image/upload]}: uploadImage(Map)
2026-07-30 15:44:11 [main] TRACE o.s.w.s.m.m.a.RequestMappingHandlerMapping - 
	g.s.g.c.a.NewsController:
	{PUT [/api/v1/news/{newsId}], consumes [multipart/form-data]}: updateNews(String,NewsRequest,MultipartFile)
	{DELETE [/api/v1/news/{newsId}]}: deleteNews(String)
	{GET [/api/v1/news/list]}: getNews(String,int,int,String,String)
	{POST [/api/v1/news], consumes [multipart/form-data]}: addNews(NewsRequest,Optional)
	{GET [/api/v1/news]}: getNewsAdmin(String,String,int,int,String,String)
2026-07-30 15:44:11 [main] TRACE o.s.w.s.m.m.a.RequestMappingHandlerMapping - 
	g.s.g.c.a.OrderController:
	{POST [/api/v1/order]}: createOrder(OrderRequest)
	{PUT [/api/v1/order/{orderId}]}: updateOrder(String,OrderUpdateRequest)
	{GET [/api/v1/order/{orderId}]}: getOrderDetails(String)
	{GET [/api/v1/order]}: searchOrders(String,String,String,OrderStatus,LocalDate,LocalDate,int,int,String,String)
2026-07-30 15:44:11 [main] TRACE o.s.w.s.m.m.a.RequestMappingHandlerMapping - 
	g.s.g.c.a.PolicyController:
	{GET [/api/v1/policy/{id}]}: getById(String)
	{POST [/api/v1/policy]}: addPolicy(PolicyRequest)
	{DELETE [/api/v1/policy/{id}]}: deletePolicy(String)
	{PUT [/api/v1/policy/{id}]}: updatePolicy(String,PolicyRequest)
	{GET [/api/v1/policy]}: getPolicies(String,String,String)
2026-07-30 15:44:11 [main] TRACE o.s.w.s.m.m.a.RequestMappingHandlerMapping - 
	g.s.g.c.a.ProductController:
	{GET [/api/v1/product/find]}: find(String,String)
	{GET [/api/v1/product/{productId}]}: getById(String)
	{POST [/api/v1/product], consumes [multipart/form-data]}: addProduct(ProductRequest,MultipartFile,List)
	{GET [/api/v1/product]}: getProduct(String,String,String,Integer,String,String,Integer,Integer)
	{GET [/api/v1/product/sync]}: syncCart(List)
	{GET [/api/v1/product/search]}: searchProduct(String,String,String,Double,Double,Integer,int,int,String,String)
	{PUT [/api/v1/product/{productId}], consumes [multipart/form-data]}: updateProduct(String,ProductRequest,MultipartFile,List)
	{GET [/api/v1/product/search-suggestions]}: getSuggestions(String)
	{DELETE [/api/v1/product/{productId}]}: deleteProduct(String)
	{GET [/api/v1/product/export]}: exportProducts(String,String,String,HttpServletResponse)
2026-07-30 15:44:11 [main] TRACE o.s.w.s.m.m.a.RequestMappingHandlerMapping - 
	g.s.g.c.a.ReviewController:
	{GET [/api/v1/review/list]}: getReviews(String)
	{POST [/api/v1/review], consumes [multipart/form-data]}: createReview(ReviewRequest,List)
2026-07-30 15:44:11 [main] TRACE o.s.w.s.m.m.a.RequestMappingHandlerMapping - 
	g.s.g.c.a.SliderController:
	{DELETE [/api/v1/slider/{sliderId}]}: deleteById(String)
	{GET [/api/v1/slider/{sliderId}]}: getById(String)
	{PUT [/api/v1/slider/{sliderId}], consumes [multipart/form-data]}: updateById(String,SliderRequest)
	{POST [/api/v1/slider], consumes [multipart/form-data]}: addSlider(SliderRequest)
	{GET [/api/v1/slider]}: getSliders(String,Integer,Integer,String,String)
2026-07-30 15:44:11 [main] TRACE o.s.w.s.m.m.a.RequestMappingHandlerMapping - 
	g.s.g.c.a.SysParamController:
	{GET [/api/v1/sys-param]}: getAll()
	{GET [/api/v1/sys-param/key/{key}]}: getByKey(String)
	{POST [/api/v1/sys-param/seo-file/{type}]}: uploadSeoFile(String,MultipartFile)
	{POST [/api/v1/sys-param/sitemap]}: uploadSitemap(MultipartFile)
	{PUT [/api/v1/sys-param]}: updateSysParam(List)
2026-07-30 15:44:11 [main] TRACE o.s.w.s.m.m.a.RequestMappingHandlerMapping - 
	g.s.g.c.a.UserController:
	{GET [/api/v1/user/{userId}]}: getById(String)
	{POST [/api/v1/user], consumes [multipart/form-data]}: addUser(UserRequest)
	{PUT [/api/v1/user/api/v1/user/{userId}], consumes [multipart/form-data]}: updateById(String,UserRequest)
	{GET [/api/v1/user]}: getUsers(String,Integer,Integer)
	{GET [/api/v1/user/me]}: getMyProfile(UserDetails)
	{PUT [/api/v1/user/update]}: updateProfile(UpdateProfileRequest)
	{PUT [/api/v1/user/change-pw]}: changePassword(Principal,PasswordRequest)
2026-07-30 15:44:11 [main] TRACE o.s.w.s.m.m.a.RequestMappingHandlerMapping - 
	g.s.g.c.v.ViewAdminController:
	{GET [/admin/v1/settings]}: settings(Model)
	{GET [/admin/v1/profile]}: profile(Model)
	{GET [/admin/v1/policy]}: policy(Model)
	{GET [/admin/v1/product]}: product(Model)
	{GET [/admin/v1/order]}: order(Model)
	{GET [/admin/v1/]}: home(Model)
	{GET [/admin/v1/user]}: user(Model)
	{GET [/admin/v1/category]}: category(Model)
	{GET [/admin/v1/banner]}: banner(Model)
	{GET [/admin/v1/news]}: news(Model)
	{GET [/admin/v1/brand]}: brand(Model)
	{GET [/admin/v1/contact]}: contact(Model)
	{GET [/admin/v1/slider]}: slide(Model)
	{GET [/admin/v1/sign-in]}: signIn(HttpServletRequest,Model)
	{GET [/admin/v1/product/preview]}: previewProduct(Model)
	{GET [/admin/v1/product/add || /admin/v1/product/edit/{id}]}: addOrUpdateProduct(String,Model)
	{GET [/admin/v1/news/preview]}: previewNews(Model)
	{GET [/admin/v1/product/duplicate/{id}]}: duplicateProduct(String,Model)
	{GET [/admin/v1/news/add || /admin/v1/news/edit/{id}]}: addOrUpdateNews(String,Model)
2026-07-30 15:44:11 [main] TRACE o.s.w.s.m.m.a.RequestMappingHandlerMapping - 
	g.s.g.c.v.ViewClientController:
	{GET [/san-pham]}: product(String,String,String,Double,Double,Integer,int,int,String,String,Model)
	{GET [/]}: home(Model)
	{GET [/chinh-sach/dieu-khoan-su-dung-va-bao-mat]}: termsOfUseAndPrivacy(Model)
	{GET [/tin-tuc]}: news(String,int,int,String,String,Model)
	{GET [/chinh-sach/van-chuyen]}: shipping(Model)
	{GET [/tin-tuc/{slug}]}: newsDetail(String,Model,HttpServletRequest)
	{GET [/chinh-sach/thanh-toan]}: payment(Model)
	{GET [/lien-he]}: contact(Model)
	{GET [/chinh-sach/bao-hanh]}: warranty(Model)
	{GET [/ve-chung-toi]}: about(Model)
	{GET [/gio-hang]}: cart(Model)
	{GET [/product/{idProduct}]}: productDetailById(String)
	{GET [/chinh-sach/quy-dinh-chung]}: generalRegulations(Model)
	{GET [/chinh-sach/doi-tra]}: returnExchange(Model)
	{GET [/san-pham/{slug}]}: productDetail(String,Model)
2026-07-30 15:44:11 [main] TRACE o.s.w.s.m.m.a.RequestMappingHandlerMapping - 
	o.s.b.w.a.e.BasicErrorController:
	{ [/error]}: error(HttpServletRequest)
	{ [/error], produces [text/html]}: errorHtml(HttpServletRequest,HttpServletResponse)
2026-07-30 15:44:11 [main] DEBUG o.s.w.s.m.m.a.RequestMappingHandlerMapping - 101 mappings in 'requestMappingHandlerMapping'
2026-07-30 15:44:11 [main] DEBUG o.s.w.s.h.BeanNameUrlHandlerMapping - Detected 0 mappings in 'beanNameHandlerMapping'
2026-07-30 15:44:11 [main] TRACE o.s.w.s.f.s.RouterFunctionMapping - 0 RouterFunction(s) in 'routerFunctionMapping'
2026-07-30 15:44:11 [main] TRACE o.s.w.s.h.SimpleUrlHandlerMapping - Mapped [/webjars/**] onto ResourceHttpRequestHandler [classpath [META-INF/resources/webjars/]]
2026-07-30 15:44:11 [main] TRACE o.s.w.s.h.SimpleUrlHandlerMapping - Mapped [/**] onto ResourceHttpRequestHandler [classpath [META-INF/resources/], classpath [resources/], classpath [static/], classpath [public/], ServletContext [/]]
2026-07-30 15:44:11 [main] TRACE o.s.w.s.h.SimpleUrlHandlerMapping - Mapped [/uploads/**] onto ResourceHttpRequestHandler [URL [file:/C:/Users/buitu/OneDrive/Máy%20tính/project-ghd/ghd/uploads/]]
2026-07-30 15:44:11 [main] TRACE o.s.w.s.h.SimpleUrlHandlerMapping - Mapped [/common/**] onto ResourceHttpRequestHandler [classpath [static/common/]]
2026-07-30 15:44:11 [main] TRACE o.s.w.s.h.SimpleUrlHandlerMapping - Mapped [/client/**] onto ResourceHttpRequestHandler [classpath [static/client/]]
2026-07-30 15:44:11 [main] TRACE o.s.w.s.h.SimpleUrlHandlerMapping - Mapped [/admin/**] onto ResourceHttpRequestHandler [classpath [static/admin/]]
2026-07-30 15:44:11 [main] TRACE o.s.w.s.h.SimpleUrlHandlerMapping - Mapped [/sitemap.xml] onto ResourceHttpRequestHandler [URL [file:/C:/Users/buitu/OneDrive/Máy%20tính/project-ghd/ghd/seo/], classpath [static/]]
2026-07-30 15:44:11 [main] TRACE o.s.w.s.h.SimpleUrlHandlerMapping - Mapped [/robots.txt] onto ResourceHttpRequestHandler [URL [file:/C:/Users/buitu/OneDrive/Máy%20tính/project-ghd/ghd/seo/], classpath [static/]]
2026-07-30 15:44:11 [main] DEBUG o.s.w.s.h.SimpleUrlHandlerMapping - Patterns [/webjars/**, /**, /uploads/**, /common/**, /client/**, /admin/**, /sitemap.xml, /robots.txt] in 'resourceHandlerMapping'
2026-07-30 15:44:11 [main] DEBUG o.s.w.s.m.m.a.RequestMappingHandlerAdapter - ControllerAdvice beans: 1 @ModelAttribute, 0 @InitBinder, 1 RequestBodyAdvice, 1 ResponseBodyAdvice
2026-07-30 15:44:11 [main] DEBUG o.s.w.s.m.m.a.ExceptionHandlerExceptionResolver - ControllerAdvice beans: 2 @ExceptionHandler, 1 ResponseBodyAdvice
2026-07-30 15:44:13 [main] DEBUG o.s.web.filter.ForwardedHeaderFilter - Filter 'forwardedHeaderFilter' configured for use
2026-07-30 15:44:13 [main] DEBUG o.s.w.f.ServerHttpObservationFilter - Filter 'webMvcObservationFilter' configured for use
2026-07-30 15:44:13 [main] DEBUG o.s.w.s.r.ResourceUrlEncodingFilter - Filter 'resourceUrlEncodingFilter' configured for use
2026-07-30 15:44:13 [main] DEBUG o.s.w.f.CommonsRequestLoggingFilter - Filter 'logFilter' configured for use
2026-07-30 15:44:13 [main] TRACE o.s.w.c.s.GenericWebApplicationContext - Using LifecycleProcessor [org.springframework.context.support.DefaultLifecycleProcessor@16d4d353]
2026-07-30 15:44:15 [main] DEBUG o.s.w.f.CommonsRequestLoggingFilter - Before request [GET /api/v1/sys-param]
2026-07-30 15:44:15 [main] TRACE o.s.w.s.m.m.a.RequestMappingHandlerMapping - Mapped to guru.springframework.ghd.controllers.api.SysParamController#getAll()
2026-07-30 15:44:15 [main] TRACE o.s.web.method.HandlerMethod - Arguments: []
2026-07-30 15:44:17 [main] DEBUG o.s.w.s.m.m.a.ExceptionHandlerExceptionResolver - Using @ExceptionHandler guru.springframework.ghd.controllers.api.ApiExceptionHandler#handleException(Exception)
2026-07-30 15:44:17 [main] TRACE o.s.web.method.HandlerMethod - Arguments: [org.springframework.expression.spel.SpelEvaluationException: EL1004E: Method call: Method isPresent() cannot be found on type guru.springframework.ghd.dto.sysparam.SysParamResponse]
2026-07-30 15:44:17 [main] DEBUG o.s.w.s.m.m.a.HttpEntityMethodProcessor - Using 'application/json', given [*/*] and supported [application/json, application/*+json]
2026-07-30 15:44:17 [main] TRACE o.s.w.s.m.m.a.HttpEntityMethodProcessor - Writing [guru.springframework.ghd.dto.ErrorResponse@6090e5b5]
2026-07-30 15:44:17 [main] DEBUG o.s.w.s.m.m.a.ExceptionHandlerExceptionResolver - Resolved [org.springframework.expression.spel.SpelEvaluationException: EL1004E: Method call: Method isPresent() cannot be found on type guru.springframework.ghd.dto.sysparam.SysParamResponse]
2026-07-30 15:44:17 [main] DEBUG o.s.w.f.CommonsRequestLoggingFilter - After request [GET /api/v1/sys-param]
2026-07-30 15:44:17 [main] INFO  g.s.g.s.JwtAuthenticationFilter - 
[HTTP GET] /api/v1/sys-param -> Status: 500
[Res Body]: {"status":500,"message":"Unexpected error occurred","data":null}
2026-07-30 15:44:19 [SpringApplicationShutdownHook] DEBUG o.s.w.c.s.GenericWebApplicationContext - Closing org.springframework.web.context.support.GenericWebApplicationContext@29bd85db, started on Thu Jul 30 15:43:35 ICT 2026
2026-07-30 15:47:05 [main] INFO  g.s.g.s.JwtAuthenticationFilter - 
[HTTP GET] /api/v1/sys-param -> Status: 500
[Res Body]: {"status":500,"message":"Unexpected error occurred","data":null}
2026-07-30 15:48:44 [main] TRACE o.s.w.c.s.GenericWebApplicationContext - Refreshing org.springframework.web.context.support.GenericWebApplicationContext@17216605, started on Thu Jul 30 15:48:44 ICT 2026
2026-07-30 15:48:51 [main] TRACE o.s.w.c.s.GenericWebApplicationContext - No 'messageSource' bean, using [Empty MessageSource]
2026-07-30 15:48:51 [main] TRACE o.s.w.c.s.GenericWebApplicationContext - No 'applicationEventMulticaster' bean, using [SimpleApplicationEventMulticaster]
2026-07-30 15:49:21 [main] TRACE o.s.w.s.m.m.a.RequestMappingHandlerMapping - 
	g.s.g.c.a.AuthenticationController:
	{POST [/api/v1/auth/login]}: login(LoginRequest,HttpServletResponse)
	{DELETE [/api/v1/auth/logout]}: logout(Authentication,HttpServletRequest,HttpServletResponse)
2026-07-30 15:49:21 [main] TRACE o.s.w.s.m.m.a.RequestMappingHandlerMapping - 
	g.s.g.c.a.BannerController:
	{GET [/api/v1/banner/{bannerId}]}: getById(UUID)
	{DELETE [/api/v1/banner/{bannerId}]}: deleteById(UUID)
	{PUT [/api/v1/banner/{bannerId}], consumes [multipart/form-data]}: updateById(UUID,BannerRequest)
	{POST [/api/v1/banner], consumes [multipart/form-data]}: addBanner(BannerRequest)
	{GET [/api/v1/banner]}: getBanners(String,Integer,Integer,String,String)
2026-07-30 15:49:21 [main] TRACE o.s.w.s.m.m.a.RequestMappingHandlerMapping - 
	g.s.g.c.a.BrandController:
	{GET [/api/v1/brand]}: getCategories(String,Integer,Integer,String,String)
	{GET [/api/v1/brand/{brandId}]}: getById(String)
	{DELETE [/api/v1/brand/{brandId}]}: deleteById(String)
	{PUT [/api/v1/brand/{brandId}], consumes [multipart/form-data]}: updateById(String,BrandRequest)
	{POST [/api/v1/brand], consumes [multipart/form-data]}: addBrand(BrandRequest)
2026-07-30 15:49:21 [main] TRACE o.s.w.s.m.m.a.RequestMappingHandlerMapping - 
	g.s.g.c.a.CategoryController:
	{POST [/api/v1/category], consumes [multipart/form-data]}: addCategory(CategoryRequest)
	{GET [/api/v1/category]}: getCategories(String,Integer,Integer,String,String)
	{GET [/api/v1/category/{categoryId}]}: getById(String)
	{DELETE [/api/v1/category/{categoryId}]}: deleteById(String)
	{PUT [/api/v1/category/{categoryId}], consumes [multipart/form-data]}: updateById(String,CategoryRequest)
2026-07-30 15:49:21 [main] TRACE o.s.w.s.m.m.a.RequestMappingHandlerMapping - 
	g.s.g.c.a.ContactController:
	{PUT [/api/v1/contact/{contactId}]}: update(String,ContactUpdateRequest)
	{GET [/api/v1/contact]}: getContacts(String,Integer,Integer,String,String)
	{GET [/api/v1/contact/{contactId}]}: getById(String)
	{POST [/api/v1/contact]}: addContact(ContactRequest)
2026-07-30 15:49:21 [main] TRACE o.s.w.s.m.m.a.RequestMappingHandlerMapping - 
	g.s.g.c.a.ImageController:
	{POST [/api/v1/image/upload]}: uploadImage(Map)
2026-07-30 15:49:21 [main] TRACE o.s.w.s.m.m.a.RequestMappingHandlerMapping - 
	g.s.g.c.a.NewsController:
	{GET [/api/v1/news]}: getNewsAdmin(String,String,int,int,String,String)
	{PUT [/api/v1/news/{newsId}], consumes [multipart/form-data]}: updateNews(String,NewsRequest,MultipartFile)
	{GET [/api/v1/news/list]}: getNews(String,int,int,String,String)
	{POST [/api/v1/news], consumes [multipart/form-data]}: addNews(NewsRequest,Optional)
	{DELETE [/api/v1/news/{newsId}]}: deleteNews(String)
2026-07-30 15:49:21 [main] TRACE o.s.w.s.m.m.a.RequestMappingHandlerMapping - 
	g.s.g.c.a.OrderController:
	{PUT [/api/v1/order/{orderId}]}: updateOrder(String,OrderUpdateRequest)
	{GET [/api/v1/order/{orderId}]}: getOrderDetails(String)
	{POST [/api/v1/order]}: createOrder(OrderRequest)
	{GET [/api/v1/order]}: searchOrders(String,String,String,OrderStatus,LocalDate,LocalDate,int,int,String,String)
2026-07-30 15:49:21 [main] TRACE o.s.w.s.m.m.a.RequestMappingHandlerMapping - 
	g.s.g.c.a.PolicyController:
	{PUT [/api/v1/policy/{id}]}: updatePolicy(String,PolicyRequest)
	{DELETE [/api/v1/policy/{id}]}: deletePolicy(String)
	{GET [/api/v1/policy]}: getPolicies(String,String,String)
	{GET [/api/v1/policy/{id}]}: getById(String)
	{POST [/api/v1/policy]}: addPolicy(PolicyRequest)
2026-07-30 15:49:21 [main] TRACE o.s.w.s.m.m.a.RequestMappingHandlerMapping - 
	g.s.g.c.a.ProductController:
	{GET [/api/v1/product/find]}: find(String,String)
	{GET [/api/v1/product/export]}: exportProducts(String,String,String,HttpServletResponse)
	{PUT [/api/v1/product/{productId}], consumes [multipart/form-data]}: updateProduct(String,ProductRequest,MultipartFile,List)
	{GET [/api/v1/product/search-suggestions]}: getSuggestions(String)
	{GET [/api/v1/product/search]}: searchProduct(String,String,String,Double,Double,Integer,int,int,String,String)
	{DELETE [/api/v1/product/{productId}]}: deleteProduct(String)
	{POST [/api/v1/product], consumes [multipart/form-data]}: addProduct(ProductRequest,MultipartFile,List)
	{GET [/api/v1/product/{productId}]}: getById(String)
	{GET [/api/v1/product]}: getProduct(String,String,String,Integer,String,String,Integer,Integer)
	{GET [/api/v1/product/sync]}: syncCart(List)
2026-07-30 15:49:21 [main] TRACE o.s.w.s.m.m.a.RequestMappingHandlerMapping - 
	g.s.g.c.a.ReviewController:
	{POST [/api/v1/review], consumes [multipart/form-data]}: createReview(ReviewRequest,List)
	{GET [/api/v1/review/list]}: getReviews(String)
2026-07-30 15:49:21 [main] TRACE o.s.w.s.m.m.a.RequestMappingHandlerMapping - 
	g.s.g.c.a.SliderController:
	{GET [/api/v1/slider/{sliderId}]}: getById(String)
	{DELETE [/api/v1/slider/{sliderId}]}: deleteById(String)
	{PUT [/api/v1/slider/{sliderId}], consumes [multipart/form-data]}: updateById(String,SliderRequest)
	{POST [/api/v1/slider], consumes [multipart/form-data]}: addSlider(SliderRequest)
	{GET [/api/v1/slider]}: getSliders(String,Integer,Integer,String,String)
2026-07-30 15:49:21 [main] TRACE o.s.w.s.m.m.a.RequestMappingHandlerMapping - 
	g.s.g.c.a.SysParamController:
	{GET [/api/v1/sys-param]}: getAll()
	{POST [/api/v1/sys-param/sitemap]}: uploadSitemap(MultipartFile)
	{PUT [/api/v1/sys-param]}: updateSysParam(List)
	{POST [/api/v1/sys-param/seo-file/{type}]}: uploadSeoFile(String,MultipartFile)
	{GET [/api/v1/sys-param/key/{key}]}: getByKey(String)
2026-07-30 15:49:21 [main] TRACE o.s.w.s.m.m.a.RequestMappingHandlerMapping - 
	g.s.g.c.a.UserController:
	{PUT [/api/v1/user/change-pw]}: changePassword(Principal,PasswordRequest)
	{PUT [/api/v1/user/update]}: updateProfile(UpdateProfileRequest)
	{GET [/api/v1/user/me]}: getMyProfile(UserDetails)
	{POST [/api/v1/user], consumes [multipart/form-data]}: addUser(UserRequest)
	{GET [/api/v1/user/{userId}]}: getById(String)
	{PUT [/api/v1/user/api/v1/user/{userId}], consumes [multipart/form-data]}: updateById(String,UserRequest)
	{GET [/api/v1/user]}: getUsers(String,Integer,Integer)
2026-07-30 15:49:21 [main] TRACE o.s.w.s.m.m.a.RequestMappingHandlerMapping - 
	g.s.g.c.v.ViewAdminController:
	{GET [/admin/v1/settings]}: settings(Model)
	{GET [/admin/v1/profile]}: profile(Model)
	{GET [/admin/v1/policy]}: policy(Model)
	{GET [/admin/v1/product]}: product(Model)
	{GET [/admin/v1/order]}: order(Model)
	{GET [/admin/v1/]}: home(Model)
	{GET [/admin/v1/user]}: user(Model)
	{GET [/admin/v1/category]}: category(Model)
	{GET [/admin/v1/product/preview]}: previewProduct(Model)
	{GET [/admin/v1/product/add || /admin/v1/product/edit/{id}]}: addOrUpdateProduct(String,Model)
	{GET [/admin/v1/product/duplicate/{id}]}: duplicateProduct(String,Model)
	{GET [/admin/v1/news/preview]}: previewNews(Model)
	{GET [/admin/v1/news/add || /admin/v1/news/edit/{id}]}: addOrUpdateNews(String,Model)
	{GET [/admin/v1/news]}: news(Model)
	{GET [/admin/v1/brand]}: brand(Model)
	{GET [/admin/v1/slider]}: slide(Model)
	{GET [/admin/v1/sign-in]}: signIn(HttpServletRequest,Model)
	{GET [/admin/v1/contact]}: contact(Model)
	{GET [/admin/v1/banner]}: banner(Model)
2026-07-30 15:49:21 [main] TRACE o.s.w.s.m.m.a.RequestMappingHandlerMapping - 
	g.s.g.c.v.ViewClientController:
	{GET [/san-pham]}: product(String,String,String,Double,Double,Integer,int,int,String,String,Model)
	{GET [/]}: home(Model)
	{GET [/chinh-sach/quy-dinh-chung]}: generalRegulations(Model)
	{GET [/chinh-sach/doi-tra]}: returnExchange(Model)
	{GET [/product/{idProduct}]}: productDetailById(String)
	{GET [/san-pham/{slug}]}: productDetail(String,Model)
	{GET [/tin-tuc]}: news(String,int,int,String,String,Model)
	{GET [/chinh-sach/van-chuyen]}: shipping(Model)
	{GET [/lien-he]}: contact(Model)
	{GET [/ve-chung-toi]}: about(Model)
	{GET [/chinh-sach/thanh-toan]}: payment(Model)
	{GET [/tin-tuc/{slug}]}: newsDetail(String,Model,HttpServletRequest)
	{GET [/chinh-sach/bao-hanh]}: warranty(Model)
	{GET [/gio-hang]}: cart(Model)
	{GET [/chinh-sach/dieu-khoan-su-dung-va-bao-mat]}: termsOfUseAndPrivacy(Model)
2026-07-30 15:49:21 [main] TRACE o.s.w.s.m.m.a.RequestMappingHandlerMapping - 
	o.s.b.w.a.e.BasicErrorController:
	{ [/error]}: error(HttpServletRequest)
	{ [/error], produces [text/html]}: errorHtml(HttpServletRequest,HttpServletResponse)
2026-07-30 15:49:21 [main] DEBUG o.s.w.s.m.m.a.RequestMappingHandlerMapping - 101 mappings in 'requestMappingHandlerMapping'
2026-07-30 15:49:21 [main] DEBUG o.s.w.s.h.BeanNameUrlHandlerMapping - Detected 0 mappings in 'beanNameHandlerMapping'
2026-07-30 15:49:21 [main] TRACE o.s.w.s.f.s.RouterFunctionMapping - 0 RouterFunction(s) in 'routerFunctionMapping'
2026-07-30 15:49:21 [main] TRACE o.s.w.s.h.SimpleUrlHandlerMapping - Mapped [/webjars/**] onto ResourceHttpRequestHandler [classpath [META-INF/resources/webjars/]]
2026-07-30 15:49:21 [main] TRACE o.s.w.s.h.SimpleUrlHandlerMapping - Mapped [/**] onto ResourceHttpRequestHandler [classpath [META-INF/resources/], classpath [resources/], classpath [static/], classpath [public/], ServletContext [/]]
2026-07-30 15:49:21 [main] TRACE o.s.w.s.h.SimpleUrlHandlerMapping - Mapped [/uploads/**] onto ResourceHttpRequestHandler [URL [file:/C:/Users/buitu/OneDrive/Máy%20tính/project-ghd/ghd/uploads/]]
2026-07-30 15:49:21 [main] TRACE o.s.w.s.h.SimpleUrlHandlerMapping - Mapped [/common/**] onto ResourceHttpRequestHandler [classpath [static/common/]]
2026-07-30 15:49:21 [main] TRACE o.s.w.s.h.SimpleUrlHandlerMapping - Mapped [/client/**] onto ResourceHttpRequestHandler [classpath [static/client/]]
2026-07-30 15:49:21 [main] TRACE o.s.w.s.h.SimpleUrlHandlerMapping - Mapped [/admin/**] onto ResourceHttpRequestHandler [classpath [static/admin/]]
2026-07-30 15:49:21 [main] TRACE o.s.w.s.h.SimpleUrlHandlerMapping - Mapped [/sitemap.xml] onto ResourceHttpRequestHandler [URL [file:/C:/Users/buitu/OneDrive/Máy%20tính/project-ghd/ghd/seo/], classpath [static/]]
2026-07-30 15:49:21 [main] TRACE o.s.w.s.h.SimpleUrlHandlerMapping - Mapped [/robots.txt] onto ResourceHttpRequestHandler [URL [file:/C:/Users/buitu/OneDrive/Máy%20tính/project-ghd/ghd/seo/], classpath [static/]]
2026-07-30 15:49:21 [main] DEBUG o.s.w.s.h.SimpleUrlHandlerMapping - Patterns [/webjars/**, /**, /uploads/**, /common/**, /client/**, /admin/**, /sitemap.xml, /robots.txt] in 'resourceHandlerMapping'
2026-07-30 15:49:21 [main] DEBUG o.s.w.s.m.m.a.RequestMappingHandlerAdapter - ControllerAdvice beans: 1 @ModelAttribute, 0 @InitBinder, 1 RequestBodyAdvice, 1 ResponseBodyAdvice
2026-07-30 15:49:21 [main] DEBUG o.s.w.s.m.m.a.ExceptionHandlerExceptionResolver - ControllerAdvice beans: 2 @ExceptionHandler, 1 ResponseBodyAdvice
2026-07-30 15:49:23 [main] DEBUG o.s.web.filter.ForwardedHeaderFilter - Filter 'forwardedHeaderFilter' configured for use
2026-07-30 15:49:23 [main] DEBUG o.s.w.f.ServerHttpObservationFilter - Filter 'webMvcObservationFilter' configured for use
2026-07-30 15:49:23 [main] DEBUG o.s.w.s.r.ResourceUrlEncodingFilter - Filter 'resourceUrlEncodingFilter' configured for use
2026-07-30 15:49:23 [main] DEBUG o.s.w.f.CommonsRequestLoggingFilter - Filter 'logFilter' configured for use
2026-07-30 15:49:24 [main] TRACE o.s.w.c.s.GenericWebApplicationContext - Using LifecycleProcessor [org.springframework.context.support.DefaultLifecycleProcessor@3c07d704]
2026-07-30 15:49:26 [main] DEBUG o.s.w.f.CommonsRequestLoggingFilter - Before request [GET /api/v1/sys-param]
2026-07-30 15:49:26 [main] TRACE o.s.w.s.m.m.a.RequestMappingHandlerMapping - Mapped to guru.springframework.ghd.controllers.api.SysParamController#getAll()
2026-07-30 15:49:26 [main] TRACE o.s.web.method.HandlerMethod - Arguments: []
2026-07-30 15:49:28 [main] TRACE o.s.web.method.HandlerMethod - Arguments: [SecurityContextHolderAwareRequestWrapper[ org.springframework.security.web.header.HeaderWriterFilter$HeaderWriterRequest@4ab81988]]
2026-07-30 15:49:28 [main] TRACE o.s.web.method.HandlerMethod - Arguments: []
2026-07-30 15:49:28 [main] TRACE o.s.web.method.HandlerMethod - Arguments: []
2026-07-30 15:49:28 [main] TRACE o.s.web.method.HandlerMethod - Arguments: []
2026-07-30 15:49:28 [main] DEBUG o.s.w.s.m.m.a.ExceptionHandlerExceptionResolver - Using @ExceptionHandler guru.springframework.ghd.controllers.api.ApiExceptionHandler#handleException(Exception)
2026-07-30 15:49:28 [main] TRACE o.s.web.method.HandlerMethod - Arguments: [org.springframework.data.redis.serializer.SerializationException: Could not read JSON:Unexpected token (`JsonToken.START_OBJECT`), expected `JsonToken.VALUE_STRING`: need String, Number of Boolean value that contains type id (for subtype of java.lang.Object)
 at [Source: REDACTED (`StreamReadFeature.INCLUDE_SOURCE_IN_LOCATION` disabled); byte offset: #1] ]
2026-07-30 15:49:28 [main] DEBUG o.s.w.s.m.m.a.HttpEntityMethodProcessor - Using 'application/json', given [*/*] and supported [application/json, application/*+json]
2026-07-30 15:49:28 [main] TRACE o.s.w.s.m.m.a.HttpEntityMethodProcessor - Writing [guru.springframework.ghd.dto.ErrorResponse@99d1af4]
2026-07-30 15:49:28 [main] DEBUG o.s.w.s.m.m.a.ExceptionHandlerExceptionResolver - Resolved [org.springframework.data.redis.serializer.SerializationException: Could not read JSON:Unexpected token (`JsonToken.START_OBJECT`), expected `JsonToken.VALUE_STRING`: need String, Number of Boolean value that contains type id (for subtype of java.lang.Object)<EOL> at [Source: REDACTED (`StreamReadFeature.INCLUDE_SOURCE_IN_LOCATION` disabled); byte offset: #1] ]
2026-07-30 15:49:28 [main] DEBUG o.s.w.f.CommonsRequestLoggingFilter - After request [GET /api/v1/sys-param]
2026-07-30 15:49:28 [main] INFO  g.s.g.s.JwtAuthenticationFilter - 
[HTTP GET] /api/v1/sys-param -> Status: 500
[Res Body]: {"status":500,"message":"Unexpected error occurred","data":null}
2026-07-30 15:49:29 [SpringApplicationShutdownHook] DEBUG o.s.w.c.s.GenericWebApplicationContext - Closing org.springframework.web.context.support.GenericWebApplicationContext@17216605, started on Thu Jul 30 15:48:44 ICT 2026
2026-07-30 16:00:05 [main] INFO  g.s.g.s.JwtAuthenticationFilter - 
[HTTP GET] /api/v1/sys-param -> Status: 200
[Res Body]: {"status":200,"message":null,"body":[{"id":1,"paramKey":"hotline","paramValue":"0123456789","paramName":"Hotline","groupCode":null,"description":null}]}
2026-07-30 16:14:00 [main] INFO  g.s.g.s.JwtAuthenticationFilter - 
[HTTP GET] /api/v1/sys-param -> Status: 200
[Res Body]: {"status":200,"message":null,"body":[{"id":1,"paramKey":"hotline","paramValue":"0123456789","paramName":"Hotline","groupCode":null,"description":null}]}
