ID,SKU,Tên,"Còn hàng?"
218,32R300E,"Tivi Sony 32 inch KDL-32R300E",0
236,32W600D,"Internet Tivi Sony 32 inch KDL-32W600D",0
268,32W610F,"Smart Tivi Sony 32 inch KDL-32W610F",1
293,40W650D,"Internet Tivi Sony 40 inch KDL-40W650D",0
325,40W660E,"Smart Tivi Sony 40 inch KDL-40W660E",0
343,43W660F,"Smart Tivi Sony 43 inch KDL-43W660F",0
369,43X7000F,"Smart Tivi Sony 4K 43 inch KD-43X7000F",0
392,43X7500F,"Android Tivi Sony 4K 43 inch KD-43X7500F",0
416,43X8500F,"Android Tivi Sony 4K 43 inch KD-43X8500F",0
441,43X8500F/S,"Android Tivi Sony 4K 43 inch KD-43X8500F/S",0
467,48W650D,"Internet Tivi Sony 48 inch KDL-48W650D",0
491,49W800F,"Android Tivi Sony 49 inch KDL-49W800F",0
513,49X7500F,"Android Tivi Sony 4K 49 inch KD-49X7500F",0
537,49X8500F,"Android Tivi Sony 4K 49 inch KD-49X8500F",0
559,49X8500F/S,"Android Tivi Sony 4K 49 inch KD-49X8500F/S",0
584,55A8F,"Android Tivi OLED Sony 4K 55 inch KD-55A8F",1
610,55A9F,"Android Tivi OLED Sony 4K 55 inch KD-55A9F",0
638,55S8500D,"Android Tivi Cong Sony 4K 55 inch KD-55S8500D",0
670,55X7000F,"Smart Tivi Sony 4K 55 inch KD-55X7000F",0
689,65A8F,"Android Tivi OLED Sony 4K 65 inch KD-65A8F",0
714,65A9F,"Android Tivi OLED Sony 4K 65 inch KD-65A9F",1
741,65X7000F,"Smart Tivi Sony 4K 65 inch KD-65X7000F",0
763,43W800F,"Android Tivi Sony 43 inch KDL-43W800F",1
786,43X8000G,"Android Tivi Sony 4K 43 inch KD-43X8000G",0
812,43X8500G,"Android Tivi Sony 4K 43 inch KD-43X8500G",0
854,43X8500GS,"Android Tivi Sony 4K 43 inch KD-43X8500G/S",0
880,49W800G,"Android Tivi Sony 49 inch KDL-49W800G",0
905,49X7000G,"Smart Tivi Sony 4K 49 inch KD-49X7000G",0
941,49X8000G,"Android Tivi Sony 4K 49 inch KD-49X8000G",0
966,49X8500G/S,"Android Tivi Sony 4K 49 inch KD-49X8500G/S",0
990,50W660G,"Smart Tivi Sony 50 inch KDL-50W660G",0
1012,55X7000G,"Smart Tivi Sony 4K 55 inch KD-55X7000G",0
1037,55X8000G,"Android Tivi Sony 4K 55 inch KD-55X8000G",0
1063,55X8500G,"Android Tivi Sony 4K 55 inch KD-55X8500G",0
1101,55X8500G/S,"Android Tivi Sony 4K 55 inch KD-55X8500G/S",0
1131,KD-55X9500G,"Android Tivi Sony 4K 55 inch KD-55X9500G",0
1159,KD-65X7000G,"Smart Tivi Sony 4K 65 inch KD-65X7000G",0
1183,KD-65X8000G,"Android Tivi Sony 4K 65 inch KD-65X8000G",0
1225,KD-65X8500G,"Android Tivi Sony 4K 65 inch KD-65X8500G",0
1252,KD-65X9500G,"Android Tivi Sony 4K 65 inch KD-65X9500G",1
1278,KD-75X8000G,"Android Tivi Sony 4K 75 inch KD-75X8000G",0
1304,KD-75X8500G,"Android Tivi Sony 4K 75 inch KD-75X8500G",0
1328,UA55NU7100,"Smart Tivi Samsung 4K 55 inch UA55NU7100",0
1349,UA49NU7100,"Smart Tivi Samsung 4K 49 inch UA49NU7100",0
1370,UA49N5500,"Smart Tivi Samsung 49 inch UA49N5500",0
1392,UA43N5500,"Smart Tivi Samsung 43 inch UA43N5500",0
1413,UA43NU7100,"Smart Tivi Samsung 4K 43 inch UA43NU7100",0
1434,UA43NU7400,"Smart Tivi Samsung 4K 43 inch UA43NU7400",0
1457,UA40J5250D,"Smart Tivi Samsung 40 inch UA40J5250D",0
1477,UA32N4000,"Tivi Samsung 32 inch UA32N4000",0
1497,QA43Q65R,"Smart Tivi QLED Samsung 4K 43 inch QA43Q65R",0
1522,QA49Q65RA,"Smart Tivi QLED Samsung 4K 49 inch QA49Q65R",0
1547,QA55Q65RA,"Smart Tivi QLED Samsung 4K 55 inch QA55Q65R",0
1572,QA65Q65RA,"Smart Tivi QLED Samsung 4K 65 inch QA65Q65R",0
1598,75Q65RA,"Smart Tivi QLED Samsung 4K 75 inch QA75Q65R",0
1620,QA55Q75R,"Smart Tivi QLED Samsung 4K 55 inch QA55Q75R",0
1647,QA65Q75R,"Smart Tivi QLED Samsung 4K 65 inch QA65Q75R",0
1681,QA75Q75RA,"Smart Tivi QLED Samsung 4K 75 inch QA75Q75R",0
1698,UA50RU7200,"Smart Tivi Samsung 4K 50 inch UA50RU7200",0
1718,UA55RU7200,"Smart Tivi Samsung 4K 55 inch UA55RU7200",0
1738,UA55RU7400,"Smart Tivi Samsung 4K 55 inch UA55RU7400",0
1765,UA65RU7400,"Smart Tivi Samsung 4K 65 inch UA65RU7400",0
1779,UA49NU7500,"Smart Tivi Cong Samsung 4K 49 inch UA49NU7500",0
1791,UA43NU7800,"Smart Tivi Samsung 4K 43 inch UA43NU7800",0
1812,UA49J5250,"Smart Tivi Samsung 49 inch UA49J5250",0
1855,UA49NU7300,"Smart Tivi Cong Samsung 4K 49 inch UA49NU7300",1
1876,UA55NU7500,"Smart Tivi Cong Samsung 4K 55 inch UA55NU7500",0
1877,NR-BA178PKV1,"Tủ lạnh Panasonic Inverter 152 lít NR-BA178PKV1",0
1905,UA55NU8000,"Smart Tivi Samsung 4K 55 inch UA55NU8000",0
1950,QA65Q90R,"Smart Tivi QLED Samsung 4K 65 inch QA65Q90R",0
2001,UA43RU7400,"Smart Tivi Samsung 4K 43 inch UA43RU7400",0
2026,UA50RU7400,"Smart Tivi Samsung 4K 50 inch UA50RU7400",0
2027,43LK5400PTA,"Smart Tivi LG 43 inch 43LK5400PTA",1
2062,UA49RU7300,"Smart Tivi Samsung 4K 49 inch UA49RU7300",0
2081,UA50NU7090,"Smart Tivi Samsung 4K 50 inch UA50NU7090",0
2114,82Q65RA,"Smart Tivi QLED Samsung 4K 82 inch QA82Q65R",0
2137,QA75Q900R,"Smart Tivi QLED Samsung 8K 75 inch QA75Q900R",0
2159,QA82Q900R,"Smart Tivi QLED Samsung 8K 82 inch QA82Q900R",1
2179,UA43RU7200,"Smart Tivi Samsung 4K 43 inch UA43RU7200",0
2203,UA49RU8000,"Smart Tivi Samsung 4K 49 inch UA49RU8000",0
2230,43LK5700PTA,"Smart Tivi LG 43 inch 43LK5700PTA",0
2262,QA65Q900R,"Smart Tivi QLED Samsung 8K 65 inch QA65Q900R",0
2306,49SM8100PTA,"Smart Tivi LG 4K 49 inch 49SM8100PTA",0
2335,QA49Q75RA,"Smart Tivi QLED Samsung 4K 49 inch QA49Q75R",0
2359,QA75Q90R,"Smart Tivi QLED Samsung 4K 75 inch QA75Q90R",1
2467,43UK6340PTF,"Smart Tivi LG 4K 43 inch 43UK6340PTF",0
2501,32LK540BPTA,"Smart Tivi LG 32 inch 32LK540BPTA",0
2526,43UM7400PTA,"Smart Tivi LG 4K 43 inch 43UM7400PTA",0
2553,55UM7400PTA,"Smart Tivi LG 4K 55 inch 55UM7400PTA",0
2568,55B8PTA,"Smart Tivi OLED LG 4K 55 inch 55B8PTA",0
2610,49LK5700PTA,"Smart Tivi LG 49 inch 49LK5700PTA",0
2637,50UK6540PTD,"Smart Tivi LG 4K 50 inch 50UK6540PTD",0
2674,55UM7600PTA,"Smart Tivi LG 4K 55 inch 55UM7600PTA",0
2700,NA-F90A4GRV,"Máy giặt Panasonic 9 kg NA-F90A4GRV",0
2717,NA-F85A4HRV,"Máy giặt Panasonic 8.5 kg NA-F85A4HRV",0
2734,NA-F100A4GRV,"Máy giặt Panasonic 10 kg NA-F100A4GRV",0
2739,55SM8600PTA,"Smart Tivi LG 4K 55 inch 55SM8600PTA",0
2765,NA-F90V5LMX,"Máy giặt Panasonic 9kg NA-F90V5LMX",1
2793,65SK8000PTA,"Smart Tivi LG 4K 65 inch 65SK8000PTA",0
2803,V10ENV,"Máy lạnh LG Inverter 1 HP V10ENV",1
2836,V13ENS,"Máy lạnh LG Inverter 1.5 HP V13ENS",0
2861,V18ENF,"Máy lạnh LG Inverter 2 HP V18ENF",0
2878,B10END,"Điều Hòa 2 chiều LG Inverter 1 HP B10END",0
2897,B13END,"Máy lạnh 2 chiều LG Inverter 1.5 HP B13END",0
2905,65SK8500PTA,"Smart Tivi LG 4K 65 inch 65SK8500PTA",0
2917,NA-F80VS9GRV,"Máy giặt Panasonic 8 kg NA-F80VS9GRV",0
2951,NA-F100V5LRV,"Máy giặt Panasonic 10 kg NA-F100V5LRV",0
2972,NA-FS95V7LMX,"Máy giặt Panasonic Inverter 9.5 kg NA-FS95V7LMX",0
3004,NA-FS10V7LRV,"Máy giặt Panasonic Inverter 10 Kg NA-FS10V7LRV",0
3025,70UK6540PTA,"Smart Tivi LG 4K 70 inch 70UK6540PTA",0
3026,NR-BA178PSV1,"Tủ lạnh Panasonic Inverter 152 lít NR-BA178PSV1",0
3058,NR-BA228PKV1,"Tủ lạnh Panasonic Inverter 188 lít NR-BA228PKV1",0
3059,NA-F115A5WRV,"Máy giặt Panasonic 11.5 kg NA-F115A5WRV",0
3075,NA-129VX6LV2,"Máy giặt Panasonic Inverter 9 Kg NA-129VX6LV2",0
3093,NA-FS95X7LRV,"Máy giặt Panasonic Inverter 9.5 Kg NA-FS95X7LRV",0
3112,NA-FS11V7LRV,"Máy giặt Panasonic Inverter 11.5 Kg NA-FS11V7LRV",0
3136,NA-128VX6LV2,"Máy giặt Panasonic Inverter 8 Kg NA-128VX6LV2",0
3155,NA-FS10X7LRV,"Máy giặt Panasonic Inverter 10 Kg NA-FS10X7LRV",0
3175,NA-FS11X7LRV,"Máy giặt Panasonic Inverter 11.5 Kg NA-FS11X7LRV",0
3194,NA-FS12X7LRV,"Máy giặt Panasonic Inverter 12.5 Kg NA-FS12X7LRV",0
3215,NA-FS13V7SRV,"Máy giặt Panasonic Inverter 13.5 Kg NA-FS13V7SRV",0
3238,NA-128VG6WV2,"Máy giặt Panasonic Inverter 8 Kg NA-128VG6WV2",0
3276,NA-120VG6WV2,"Máy giặt Panasonic Inverter 10 Kg NA-120VG6WV2",0
3292,NA-129VG6WV2,"Máy giặt Panasonic Inverter 9 Kg NA-129VG6WV2",0
3309,NA-FS14V7SRV,"Máy giặt Panasonic Inverter 14 Kg NA-FS14V7SRV",0
3332,TH-32FS500V,"Smart Tivi Panasonic 32 inch TH-32FS500V",0
3394,43FX550V,"Android Tivi Panasonic 4K 43 inch 43FX550V",0
3415,TH-40FS500V,"Smart Tivi Panasonic 40 inch TH-40FS500V",0
3436,49FX550V,"Android Tivi Panasonic 4K 49 inch 49FX550V",0
3465,55FX650V,"Android Tivi Panasonic 4K 55 inch 55FX650V",1
3527,TH-49E410V,"Tivi Panasonic 49 inch TH-49E410V",0
3545,TH-49EX600V,"Smart Tivi Panasonic 4K 49 inch TH-49EX600V",1
3565,TH-49ES500V,"Smart Tivi Panasonic 49 inch TH-49ES500V",0
3586,TH-55FX600V,"Smart Tivi Panasonic 4K 55 inch TH-55FX600V",0
3609,FTC25NV1V,"Điều hòa Daikin 9000 BTU FTC25NV1V",0
3628,FTC35NV1V,"Điều hòa Daikin 12.000 BTU FTC35NV1V",1
3646,FTKQ25SAVMV,"Điều hòa Daikin Inverter 9000 BTU FTKQ25SAVMV",1
3666,FTKQ35SAVMV,"Điều hòa Daikin Inverter 12000 BTU FTKQ35SAVMV",1
3685,FC1409S2W,"Máy giặt LG Inverter 9 kg FC1409S2W",0
3705,FC1408S4W2,"Máy giặt LG Inverter 8 kg FC1408S4W2",0
3725,FC1409S2E,"Máy giặt LG Inverter 9 kg FC1409S2E",0
3746,FC1408S3E,"Máy giặt LG Inverter 8 kg FC1408S3E",0
3764,FC1409D4E,"Máy giặt sấy LG Inverter 9kg FC1409D4E",0
3774,N12UKH-8,"Điều hòa Panasonic 12.000 BTU CU/CS-N12VKH-8",1
3791,FC1409S4W,"Máy giặt LG Inverter 9 kg FC1409S4W",0
3824,FC1408S5W,"Máy giặt LG Inverter 8 kg FC1408S5W",0
3845,FC1475N5W2,"Máy giặt LG Inverter 7.5 kg FC1475N5W2",0
3846,PU12VKH-8,"Điều hòa Panasonic Inverter 12.000 BTU CU/CS-PU12VKH-8",1
3881,WW80J52G0KW/SV,"Máy giặt Samsung Inverter 8 kg WW80J52G0KW/SV",0
3898,43W660G,"Smart Tivi Sony 43 inch KDL-43W660G",0
3920,43W800G,"Android Tivi Sony 43 inch KDL-43W800G",0
3945,43X7000G,"Smart Tivi Sony 4K 43 inch KD-43X7000G",0
3957,WW10K54E0UX/SV,"Máy giặt Samsung Addwash Inverter 10 kg WW10K54E0UX/SV",0
3988,65A8G,"Android Tivi OLED Sony 4K 65 inch KD-65A8G",0
4015,RT19M300BGS/SV,"Tủ lạnh Samsung Inverter 208 lít RT19M300BGS/SV",0
4032,RT22M4033S8/SV,"Tủ lạnh Samsung Inverter 236 lít RT22M4033S8/SV",0
4055,RB27N4010S8/SV,"Tủ lạnh Samsung Inverter 280 lít RB27N4010S8/SV",0
4074,RT25M4033S8/SV,"Tủ lạnh Samsung Inverter 256 lít RT25M4033S8/SV",0
4097,55A8G,"Android Tivi OLED Sony 4K 55 inch KD-55A8G",0
4113,RB30N4010S8/SV,"Tủ lạnh Samsung Inverter 310 lít RB30N4010S8/SV",0
4136,RB30N4180B1/SV,"Tủ lạnh Samsung Inverter 307 lít RB30N4180B1/SV",0
4158,RT38K5982SL/SV,"Tủ lạnh Samsung Inverter 380 lít RT38K5982SL/SV",0
4183,RT35K5982S8/SV,"Tủ lạnh Samsung Inverter 360 lít RT35K5982S8/SV",0
4208,RT38K5982DX/SV,"Tủ lạnh Samsung Inverter 380 lít RT38K5982DX/SV",0
4231,RT29K5532DX/SV,"Tủ lạnh Samsung Inverter 299 lít RT29K5532DX/SV",0
4250,RT35K5532S8/SV,"Tủ lạnh Samsung Inverter 364 lít RT35K5532S8/SV",0
4273,RB27N4180B1/SV,"Tủ lạnh Samsung Inverter 276 lít RB27N4180B1/SV",0
4294,RL4364SBABS/SV,"Tủ lạnh Samsung Inverter 458 lít RL4364SBABS/SV",0
4322,SJ-X176E-SL,"Tủ lạnh Sharp Inverter 150 lít SJ-X176E-SL",0
4344,RS552NRUA9M/SV,"Tủ lạnh Samsung Inverter 538 lít RS552NRUA9M/SV",0
4379,SJ-FX630V-ST,"Tủ lạnh Sharp Inverter 556 lít SJ-FX630V-ST",0
4442,RS63R5571SL/SV,"Tủ lạnh Samsung Inverter 634 lít RS63R5571SL/SV",0
4450,SJ-FX680V-ST,"Tủ lạnh Sharp Inverter 605 lít SJ-FX680V-ST",0
4462,RT35K5982BS/SV,"Tủ lạnh Samsung Inverter 360 lít RT35K5982BS/SV",0
4509,RB27N4170S8/SV,"Tủ lạnh Samsung Inverter 276 lít RB27N4170S8/SV",0
4510,SJ-XP405PG-BK,"Tủ lạnh Sharp Inverter 364 lít SJ-XP405PG-BK",1
4537,RS552NRUASL/SV,"Tủ lạnh Samsung Inverter 538 lít RS552NRUASL/SV",0
4557,SJ-FX688VG-BK,"Tủ lạnh Sharp Inverter 605 lít SJ-FX688VG-BK",1
4590,"R-FG510PGV8 GBK","Tủ lạnh Hitachi Inverter 406 lít R-FG510PGV8 GBK",0
4600,"R-FG510PGV8 GBW","Tủ lạnh Hitachi Inverter 406 lít R-FG510PGV8 GBW",0
4608,SJ-F5X76VM-SL,"Tủ lạnh Sharp Inverter 665 lít SJ-F5X76VM-SL",1
4611,"R-FG480PGV8 GBK","Tủ lạnh Hitachi Inverter 366 lít R-FG480PGV8 GBK",0
4659,GR-D247JS,"Tủ lạnh LG Inverter 601 lít GR-D247JS",0
4681,GR-B247JDS,"Tủ lạnh LG Inverter 613 lít GR-B247JDS",0
4699,QA65Q7FN,"Smart Tivi QLED Samsung 4K 65 inch QA65Q7FN",0
4725,NR-BL267VSV1,"Tủ lạnh Panasonic Inverter 234 lít NR-BL267VSV1",0
4748,NR-BL267PKV1,"Tủ lạnh Panasonic Inverter 234 lít NR-BL267PKV1",0
4772,NR-BL300GAVN,"Tủ lạnh Panasonic Inverter 268 lít NR-BL300GAVN",0
4797,GN-M315PS,"Tủ lạnh LG Inverter 315 lít GN-M315PS",0
4824,EWF12853S,"Máy giặt Electrolux Inverter 8 kg EWF12853S",0
4845,EWF12938S,"Máy giặt Electrolux Inverter 9kg EWF12938S",0
4866,EWF14023,"Máy giặt Electrolux Inverter 10 kg EWF14023",0
4890,EWF1024BDWA,"Máy giặt Electrolux Inverter 10 kg EWF1024BDWA",0
4913,EWF8025DGWA,"Máy giặt Electrolux Inverter 8 Kg EWF8025DGWA",0
4930,EWF9025BQSA,"Máy giặt Electrolux Inverter 9 Kg EWF9025BQSA",0
4950,EWF9025BQWA,"Máy giặt Electrolux Inverter 9 kg EWF9025BQWA",0
4967,EWF8025CQSA,"Máy giặt Electrolux Inverter 8 kg EWF8025CQSA",0
4986,EWF8025CQWA,"Máy giặt Electrolux Inverter 8 kg EWF8025CQWA",0
5005,NR-BL300PKVN,"Tủ lạnh Panasonic Inverter 268 lít NR-BL300PKVN",0
5006,FG1405H3W1,"Máy giặt sấy LG Inverter 10.5 kg FG1405H3W1",0
5030,FC1485S2W,"Máy giặt LG Inverter 8.5 kg FC1485S2W",0
5074,T2735NWLV,"Máy giặt Mini LG 3.5 kg T2735NWLV",0
5094,F2721HTTV,"Máy giặt sấy LG Inverter 21 kg F2721HTTV",0
5155,T2385VS2W,"Máy giặt LG Inverter 8.5 kg T2385VS2W",0
5178,NR-BC369QKV2,"Tủ lạnh Panasonic Inverter 322 lít NR-BC369QKV2",0
5213,NR-BL300PSVN,"Tủ lạnh Panasonic Inverter 268 lít NR-BL300PSVN",0
5239,NR-BL340PKVN,"Tủ lạnh Panasonic Inverter 306 lít NR-BL340PKVN",0
5268,NR-BL340PSVN,"Tủ lạnh Panasonic Inverter 306 lít NR-BL340PSVN",0
5302,QA55Q80RA,"Smart Tivi QLED Samsung 4K 55 inch QA55Q80R",1
5338,UA65MU6400,"Smart Tivi Samsung 4K 65 inch UA65MU6400",0
5369,KD-49X8500G,"Android Tivi Sony 4K 49 inch KD-49X8500G",0
5395,NR-BL340GAVN,"Tủ lạnh Panasonic Inverter 306 lít NR-BL340GAVN",0
5420,NR-BL359PKVN,"Tủ lạnh Panasonic Inverter 326 lít NR-BL359PKVN",0
5444,NR-BL389PKVN,"Tủ lạnh Panasonic Inverter 366 lít NR-BL389PKVN",0
5466,NR-BL389PSVN,"Tủ lạnh Panasonic Inverter 366 lít NR-BL389PSVN",0
5485,NR-F603GT-X2,"Tủ lạnh Panasonic Inverter 589 lít NR-F603GT-X2",0
5514,NR-F603GT-N2,"Tủ lạnh Panasonic Inverter 589 lít NR-F603GT-N2",0
5525,NR-BV288GKV2,"Tủ lạnh Panasonic Inverter 255 lít NR-BV288GKV2",0
5546,NR-BV289QKV2,"Tủ lạnh Panasonic Inverter 255 lít NR-BV289QKV2",0
5571,NR-BV289QSV2,"Tủ lạnh Panasonic Inverter 255 lít NR-BV289QSV2",0
5593,NR-BV328GKV2,"Tủ lạnh Panasonic Inverter 290 lít NR-BV328GKV2",0
5614,NR-BV328GMV2,"Tủ lạnh Panasonic Inverter 290 lít NR-BV328GMV2",0
5639,NR-BV329QKV2,"Tủ lạnh Panasonic Inverter 290 lít NR-BV329QKV2",0
5661,NR-BV368GKV2,"Tủ lạnh Panasonic Inverter 322 lít NR-BV368GKV2",0
5686,NR-BX418VSVN,"Tủ lạnh Panasonic Inverter 363 lít NR-BX418VSVN",0
5731,NR-BD468GKVN,"Tủ lạnh Panasonic Inverter 405 lít NR-BD468GKVN",0
5755,NR-BD418GKVN,"Tủ lạnh Panasonic Inverter 363 lít NR-BD418GKVN",0
5789,NR-BX468XSVN,"Tủ lạnh Panasonic Inverter 405 lít NR-BX468XSVN",0
5815,EDV7552,"Máy sấy Electrolux 7.5 kg EDV7552",0
5837,EDV7552S,"Máy sấy Electrolux 7.5 kg EDV7552S",0
5859,EDC2086PDW,"Máy sấy Electrolux 8 kg EDC2086PDW",0
5876,EDS7552,"Máy sấy Electrolux 7.5 kg EDS7552",0
5896,EDS7552S,"Máy sấy Electrolux 7.5 kg EDS7552S",0
5918,R-M700GPGV2X,"Tủ lạnh Hitachi Inverter 584 lít R-M700GPGV2X MIR",1
5944,"R-WB475PGV2 GBW","Tủ lạnh Hitachi Inverter 382 lít R-WB475PGV2 GBW",0
5974,"R-B330PGV8 BBK","Tủ lạnh Hitachi Inverter 275 lít R-B330PGV8 BBK",0
5986,ETB5702GA,"Tủ lạnh Electrolux Inverter 531 lít ETB5702GA",0
6008,"R-WB475PGV2 GBK","Tủ lạnh Hitachi Inverter 382 lít R-WB475PGV2 GBK",0
6030,"R-FWB545PGV2 GBW","Tủ lạnh Hitachi Inverter 429 lít R-FWB545PGV2 GBW",0
6052,"R-FW690PGV7 GBK","Tủ lạnh Hitachi Inverter 540 lít R-FW690PGV7 GBK",1
6076,"R-FW690PGV7 GBW","Tủ lạnh Hitachi Inverter 540 lít R-FW690PGV7 GBW",0
6100,"R-FW690PGV7X GBK","Tủ lạnh Hitachi Inverter 540 lít R-FW690PGV7X GBK",1
6123,"R-S700PGV2 GS","Tủ lạnh Hitachi Inverter 605 lít R-S700PGV2 GS",0
6144,"R-FS800PGV2 GBK","Tủ lạnh Hitachi Inverter 605 lít R-FS800PGV2 GBK",0
6164,"R-S700GPGV2 GS","Tủ lạnh Hitachi Inverter 589 lít R-S700GPGV2 GS",0
6185,"R-M700PGV2 GS","Tủ lạnh Hitachi Inverter 600 lít R-M700PGV2 GS",0
6193,"R-FM800PGV2 GBK","Tủ lạnh Hitachi Inverter 600 lít R-FM800PGV2 GBK",0
6215,"R-M700GPGV2 GS","Tủ lạnh Hitachi Inverter 584 lít R-M700GPGV2 GS",0
6240,"R-FM800GPGV2 GBK","Tủ lạnh Hitachi Inverter 584 lít R-FM800GPGV2 GBK",0
6264,"R-G620GV XT","Tủ lạnh Hitachi Inverter 474 lít R-G620GV XT",0
6278,"R-X670GV (X)","Tủ lạnh Hitachi Inverter 722 lít R-X670GV (X)",1
6301,NR-DZ600GKVN,"Tủ lạnh Panasonic Inverter 550 lít NR-DZ600GKVN",0
6322,NR-F503GT-T2,"Tủ lạnh Panasonic Inverter 491 lít NR-F503GT-T2",0
6333,NR-F503GT-X2,"Tủ lạnh Panasonic Inverter 491 lít NR-F503GT-X2",1
6356,NR-CY558GKV2,"Tủ lạnh Panasonic Inverter 452 lít NR-CY558GKV2",0
6383,TD.VH4099A1,"Tủ đông Sanaky 305 lít VH-4099A1",1
6404,TD.VH5699HY,"Tủ đông Sanaky 410 lít VH-5699HY",1
6421,TD.VH8699HY3,"Tủ đông Sanaky Inverter 761 lít VH-8699HY3",1
6439,TD.VH2899W1,"Tủ đông Sanaky 220 lít VH-2899W1",1
6456,TD.VH3699W1,"Tủ đông Sanaky 260 lít VH-3699W1",1
6472,TD.VH4099W3,"Tủ đông Sanaky Inverter 280 lít VH-4099W3",1
6564,KD-85X9000F,"Android Tivi Sony 4K 85 inch KD-85X9000F",0
6685,43LK5000PTA,"Tivi LG 43 Inch Full HD 43LK5000PTA",0
6724,43UK6540PTD,"Smart Tivi LG 4K 43 inch 43UK6540PTD",0
6916,AQR-55ER,"Tủ lạnh Aqua 50 lít AQR-55ER (SS) Xám Nhạt",0
6924,43LM5700PTC,"Smart Tivi LG 43 inch 43LM5700PTC",0
6953,"AQR-IG686AM GB","Tủ lạnh Aqua Inverter 515 lít AQR-IG686AM GB",0
6973,"AQR-IG288EN (GB)","Tủ lạnh Aqua Inverter 270 lít AQR-IG288EN (GB)",0
7012,"AQR-IG585AS SG","Tủ lạnh Aqua Inverter 518 lít AQR-IG585AS SG",0
7031,"AQR-IG248EN (GB)","Tủ lạnh Aqua Inveter 235 lít AQR-IG248EN (GB)",0
7051,"AQR-IG356DN GBN","Tủ lạnh Aqua Inverter 318 lít AQR-IG356DN GBN",1
7068,"AQR-I287BN PS","Tủ lạnh Aqua Inverter 267 lít AQR-I287BN PS",1
7085,"AQR-I209DN DC","Tủ lạnh Aqua Inverter 186 lít AQR-I209DN DC",0
7103,"AQR-I247BN (DC)","Tủ lạnh Aqua Inverter 226 lít AQR-I247BN (DC)",1
7144,EWF12853,"Máy giặt Electrolux Inverter 8 kg EWF12853",0
7163,EWF12942,"Máy giặt Electrolux Inverter 9 kg EWF12942",0
7184,EWF12938,"Máy giặt Electrolux Inverter 9 kg EWF12938",0
7203,EWF14023S,"Máy giặt Electrolux Inverter 10 kg EWF14023S",0
7224,EWF14113,"Máy giặt Electrolux Inverter 11 kg EWF14113",0
7247,"EWF14113 S","Máy giặt Electrolux Inverter 11 kg EWF14113 S",0
7269,EWF1142BEWA,"Máy giặt Electrolux Inverter 11 kg EWF1142BEWA",0
7280,EWF1141AESA,"Máy giặt Electrolux Inverter 11 kg EWF1141AESA",0
7291,EWF9024BDWA,"Máy giặt Electrolux Inverter 9 kg EWF9024BDWA",0
7310,EWF1023BEWA,"Máy giặt Electrolux Inverter 10 kg EWF1023BEWA",0
7330,EDV8052,"Máy sấy Electrolux 8 Kg EDV8052",0
7350,EDV8052S,"Máy sấy Electrolux 8 Kg EDV8052S",0
7400,WW80J54E0BX/SV,"Máy giặt Samsung Inverter 8 kg WW80J54E0BX/SV",0
7411,KDL-32W610G,"Smart Tivi Sony 32 inch KDL-32W610G",0
7442,KD-85X9500G,"Android Tivi Sony 4K 85 inch KD-85X9500G",0
7469,UA78KS9000,"Smart tivi Cong Samsung 78 inch UA78KS9000",0
7498,UA78KU6500,"Smart Tivi Cong Samsung 78 inch UA78KU6500",0
7513,55C8PTA,"Smart Tivi OLED LG 4K 55 inch 55C8PTA",0
7514,CU/CS-PU18UKH-8,"Máy lạnh Panasonic Inverter 2 HP CU/CS-PU18UKH-8",0
7554,43UM7300PTA,"Smart Tivi LG 4K 43 inch 43UM7300PTA",0
7578,55SM8100PTA,"Smart Tivi LG 4K 55 inch 55SM8100PTA Mẫu 2019",0
7600,NR-BD468VSVN,"Tủ lạnh Panasonic Inverter 405 lít NR-BD468VSVN",0
7622,GN-L255PS,"Tủ lạnh LG Inverter 255 lít GN-L255PS",0
7648,L32S62T,"Smart Tivi TCL 32 inch L32S62T",0
7666,L40P62-UF,"Smart Tivi TCL 4K 40 inch L40P62-UF",0
7689,L55P65-UF,"Smart Tivi TCL 4K 55 inch L55P65-UF",0
7710,L65P65-UF,"Smart Tivi TCL 4K 65 inch L65P65-UF",0
7755,UA49MU6103,"Smart Tivi Samsung 4K 49 inch UA49MU6103",0
7773,UA49KS7500,"Smart Tivi Cong Samsung 4K 49 inch UA49KS7500",0
7801,UA65NU8500,"Smart Tivi Cong Samsung 4K 65 inch UA65NU8500",0
7821,UA75MU7000,"Smart Tivi Samsung 4K 75 inch UA75MU7000",0
7843,49UK7500PTA,"Smart Tivi LG 4K 49 inch 49UK7500PTA",0
7866,49UK6340PTF,"Smart Tivi LG 4K 49 inch 49UK6340PTF",0
7886,55B6T,"Smart Tivi OLED LG 4K 55 inch 55B6T",0
7910,55C6T,"Smart Tivi OLED Cong LG 4K 55 inch 55C6T",0
7930,55E8PTA,"Smart Tivi OLED LG 4K 55 inch 55E8PTA",0
7952,L43S6500,"Android Tivi TCL 43 inch L43S6500",0
7973,TH-43ES630V,"Smart Tivi Panasonic 43 inch TH-43ES630V",0
7993,TH-43FX600V,"Smart Tivi Panasonic 4K 43 inch TH-43FX600V",1
8008,49FX650V,"Android Tivi Panasonic 4K 49 inch 49FX650V",0
8030,TH-49FX700V,"Smart Tivi Panasonic 4K 49 inch TH-49FX700V",0
8052,QA49Q6FN,"Smart Tivi QLED Samsung 4K 49 inch QA49Q6FN",0
8087,QA49Q7F,"Smart Tivi QLED Samsung 4K 49 inch QA49Q7F",0
8109,UA32N4300,"Smart Tivi Samsung 32 inch UA32N4300",0
8132,UA43MU6400,"Smart Tivi Samsung 4K 43 inch UA43MU6400",0
8155,KD-49X9000F,"Android Tivi Sony 4K 49 inch KD-49X9000F",0
8188,UA55RU8000,"Smart Tivi Samsung 4K 55 inch UA55RU8000",0
8212,QA55Q6FN,"Smart Tivi QLED Samsung 4K 55 inch QA55Q6FN",0
8236,QA55Q7FN,"Smart Tivi QLED Samsung 4K 55 inch QA55Q7FN",0
8256,QA55Q8CN,"Smart Tivi QLED Samsung 4K 55 inch QA55Q8CN",0
8283,UA65RU8000,"Smart Tivi Samsung 4K 65 inch UA65RU8000",0
8306,QA65Q8CAM,"Smart Tivi QLED Samsung 4K 65 inch QA65Q8C",0
8324,QA65Q9FN,"Smart Tivi QLED Samsung 4K 65 inch QA65Q9FN",0
8343,QA75Q7FN,"Smart Tivi QLED Samsung 4K 75 inch QA75Q7FN",0
8371,75Q9FN,"Smart Tivi QLED Samsung 4K 75 inch QA75Q9FN",0
8394,49UM7300PTA,"Smart Tivi LED LG 49 inch 49UM7300PTA, 4K UHD, HDR",0
8413,65C8PTA,"Smart Tivi OLED LG 4K 65 inch 65C8PTA",0
8440,65UK6100PTA,"Smart Tivi LG 4K 65 inch 65UK6100PTA",0
8462,65uk6540PTD,"Smart Tivi LG 4K 65 inch 65UK6540PTD",0
8486,65UK7500PTA,"Smart Tivi LG 4K 65 inch 65UK7500PTA",0
8511,65SM8100PTA,"Smart Tivi LG 4K 65 inch 65SM8100PTA",0
8542,32S6500,"Android Tivi TCL 32 inch 32S6500",1
8566,L49S6500,"Android Tivi TCL 49 inch L49S6500",0
8598,65DX700V,"Smart Tivi Panasonic 4K 65 inch TH-65DX700V",1
8620,40SA5500X,"Smart Tivi Sharp 40 inch LC-40SA5500X",0
8643,NR-DZ600GXVN,"Tủ lạnh 4 cánh Inverter 550 Lít Panasonic NR-DZ600GXVN",0
8666,DZ600MBVN,"Tủ lạnh Panasonic Inverter 550 Lít NR-DZ600MBVN",0
8675,NR-BA178VSV1,"Tủ lạnh Inverter Panasonic 152 lít NR-BA178VSV1",0
8685,NR-BJ158SSV2,"Tủ lạnh Panasonic 135 Lít NR-BJ158SSV2",0
8701,NR-BL300GKVN,"Tủ Lạnh Panasonic 268 Lít NR-BL300GKVN",0
8709,NR-BL340GKVN,"Tủ Lạnh Panasonic 306 Lít NR-BL340GKVN",0
8717,NR-BL359PSVN,"Tủ lạnh Panasonic Inverter 326 lít NR-BL359PSVN",0
8738,NR-BV329XSV2,"Tủ lạnh Panasonic 290 Lít Inverter NR-BV329XSV2",0
8747,NR-BV369QSV2,"Tủ Lạnh Panasonic 322 Lít NR-BV369QSV2",0
8757,UA55KU6500,"Smart Tivi Cong Samsung 4K 55 inch UA55KU6500",0
8785,QA65Q80R,"Smart Tivi QLED Samsung 4K 65 inch QA65Q80R",0
8851,UA82NU8000,"Smart Tivi Samsung 4K 82 inch UA82NU8000",0
8870,UA75NU7100,"Smart Tivi Samsung 4K 75 inch UA75NU7100",0
8891,UA75NU8000,"Smart Tivi Samsung 4K 75 inch UA75NU8000",0
8912,GN-L225S,"Tủ lạnh LG Inverter 209 lít GN-L225S",0
8934,GR-P247JS,"Tủ lạnh LG Inverter 601 lít GR-P247JS",0
8962,GR-X247JS,"Tủ lạnh LG Inverter InstaView 601 lít GR-X247JS",0
8992,GR-R247GB,"Tủ lạnh LG SBS GR-R247GB Inverter 615 Lít",0
9006,EWW12853,"Máy giặt sấy Electrolux Inverter 8 kg EWW12853",0
9026,EWW14023,"Máy giặt sấy Electrolux Inverter 10 kg EWW14023",0
9052,GN-D255PS,"Tủ lạnh LG Inverter 255 lít GN-D255PS",0
9065,GN-L422GB,"Tủ lạnh LG Inverter 393 lít GN-L422GB",0
9110,GN-M255BL,"Tủ lạnh LG Inverter 255 lít GN-M255BL",1
9131,GN-M315BL,"Tủ lạnh LG Inverter 315 lít GN-M315BL",0
9152,GN-D255BL,"Tủ lạnh LG Inverter 255 lít GN-D255BL",0
9175,GN-D315BL,"Tủ lạnh LG Inverter 315 lít GN-D315BL",0
9197,GN-M422PS,"Tủ lạnh LG Inverter 393 lít GN-M422PS Mẫu 2019",0
9229,EWF9024BDWB,"Máy giặt Electrolux Inverter 9 kg EWF9024BDWB",0
9250,5950000,"Tủ lạnh Electrolux Inverter 254 lít ETB2600MG",0
9280,EWF9523BDWA,"Máy giặt Electrolux Inverter 9.5 kg EWF9523BDWA",0
9298,EWF9523ADSA,"Máy giặt Electrolux Inverter 9.5 kg EWF9523ADSA",0
9317,EWF9024ADSA,"Máy giặt Electrolux Inverter 9 kg EWF9024ADSA",0
9327,EWF8024ADSA,"Máy giặt Electrolux Inverter 8 kg EWF8024ADSA",0
9338,EWW8023AEWA,"Máy giặt sấy Electrolux Inverter 8 kg EWW8023AEWA",0
9347,EWW1042AEWA,"Máy giặt sấy Electrolux Inverter 10 kg EWW1042AEWA",0
9357,EWW1141AEWA,"Máy giặt sấy Electrolux Inverter 11 kg EWW1141AEWA",0
9369,FC1408S4W1,"Máy giặt LG Inverter 8 kg FC1408S4W1",0
9388,FC1475N4W,"Máy giặt LG Inverter 7.5 kg FC1475N4W",0
9406,L40S62,"Smart Tivi TCL 40 inch L40S62",0
9424,SJ-X196E-DS,"Tủ lạnh Sharp Inverter 165 lít SJ-X196E-DS",0
9446,SJ-X176E-DSS,"Tủ lạnh Sharp Inverter 165 lít SJ-X176E-DSS",0
9449,SJ-X196E-SL,"Tủ lạnh Sharp Inverter 180 lít SJ-X196E-SL",0
9452,SJ-X196E-CS,"Tủ lạnh Sharp Inverter 180 lít SJ-X196E-CS",0
9455,SJ-X201E-DS,"Tủ lạnh Sharp Inverter 182 lít SJ-X201E-DS",0
9475,SJ-X251E-SL,"Tủ lạnh Sharp Inverter 224 lít SJ-X251E-SL",0
9497,50UM7600PTA,"Smart Tivi LG 4K 50 inch 50UM7600PTA",0
9523,75UK6500PTB,"Smart Tivi LG 4K 75 inch 75UK6500PTB",0
9547,SK5R,"Loa thanh soundbar LG 4.1 SK5R 480W",0
9568,ES-U72GV-G,"Máy giặt Sharp 7.2 kg ES-U72GV-G",0
9571,ES-U72GV-H,"Máy giặt Sharp 7.2 kg ES-U72GV-H",0
9580,ES-U78GV-G,"Máy giặt Sharp 7.8 kg ES-U78GV-G",0
9588,ES-U78GV-H,"Máy giặt Sharp 7.8 kg ES-U78GV-H",0
9605,ES-U80GV-G,"Máy giặt Sharp 8 kg ES-U80GV-G",0
9615,ES-U80GV-H,"Máy giặt Sharp 8 kg ES-U80GV-H",0
9630,ES-U82GV-G,"Máy giặt Sharp 8.2 kg ES-U82GV-G",0
9637,ES-U82GV-H,"Máy giặt Sharp 8.2 kg ES-U82GV-H",0
9645,ES-U95HV-S,"Máy giặt Sharp 9.5 kg ES-U95HV-S",0
9663,ES-U102HV-S,"Máy giặt Sharp 10.2 kg ES-U102HV-S",0
9673,SJ-XP650PG-BR,"Tủ lạnh Sharp Inverter 600 lít SJ-XP650PG-BR",1
9681,SJ-XP650PG-BK,"Tủ lạnh Sharp Inverter 600 lít SJ-XP650PG-BK",1
9691,SJ-XP595PG-BR,"Tủ lạnh Sharp Inverter 550 lít SJ-XP595PG-BR",1
9701,SJ-XP595PG-BK,"Tủ lạnh Sharp Inverter 556 lít SJ-XP595PG-BK",1
9721,SJ-XP555PG-BR,"Tủ lạnh Sharp Inverter 510 lít SJ-XP555PG-BR",1
9731,SJ-X346E-DS,"Tủ lạnh Sharp Inverter 315 lít SJ-X346E-DS",0
9743,SJ-X316E-DS,"Tủ lạnh Sharp Inverter 287 lít SJ-X316E-DS",0
9762,SJ-X281E-DS,"Tủ lạnh Sharp Inverter 253 lít SJ-X281E-DS",0
9781,SJ-FX680V-WH,"Tủ lạnh Sharp Inverter 678 lít SJ-FX680V-WH",0
9789,SJ-FX631V-SL,"Tủ lạnh Sharp Inverter 626 lít SJ-FX631V-SL",0
9792,LC-32SA4500X,"Smart Tivi Sharp HD 32 inch LC-32SA4500X",0
9813,2T-C45AE1X,"Smart Tivi Sharp 45 inch 2T-C45AE1X Mẫu 2019",0
9831,NR-BX418XSVN,"Tủ lạnh Panasonic Inverter 363 lít NR-BX418XSVN",0
9871,RS62R5001B4/SV,"Tủ lạnh Samsung Inverter 647 lít RS62R5001B4/SV",0
9888,RS62R5001M9/SV,"Tủ lạnh Samsung Inverter 647 lít RS62R5001M9/SV",0
9907,RT43K6331SL/SV,"Tủ lạnh Samsung Inverter 438 lít RT43K6331SL/SV",0
9927,RT20HAR8DSA/SV,"Tủ lạnh Samsung 208 lít RT20HAR8DSA/SV",0
9946,EDV6552,"Máy sấy Electrolux 6.5 kg EDV6552",0
9967,EME3700HA,"Tủ lạnh 3 cánh Electrolux 334 Lít Inverter EME3700HA",1
9975,ETB3400H-A,"Tủ lạnh Electrolux 320L Inverter ETB3400H-A",1
9983,ETB3700H-A,"Tủ lạnh Electrolux 350L Inverter ETB3700H-A",0
9991,ETB3700H-H,"Tủ lạnh Electrolux 350L Inverter ETB3700H-H",0
9994,ETE5722GA,"Tủ lạnh Electrolux 573 Lít ETE5722GA",0
9998,EQE6909A-B,"Tủ Lạnh Electrolux side by side 622 Lít EQE6909A-B",1
10006,ETB5400B-H,"Tủ lạnh Electrolux 536 Lít ETB5400B-H",0
10039,ETB2802H-A,"Tủ lạnh Electrolux Inverter 255 lít ETB2802H-A",0
10046,ETB4600B-G,"Tủ Lạnh Electrolux 460 Lít ETB4600B-G",0
10071,ETB4600B-H,"Tủ lạnh Electrolux 460 Lít ETB4600B-H",0
10082,ETB3400H-H,"Tủ lạnh Electrolux Inverter 318 lít ETB3400H-H",0
10090,EHE6879A-B,"Tủ Lạnh Electrolux 681 Lít EHE6879A-B",0
10105,ETE5720AA,"Tủ lạnh Electrolux 532 lít ETE5720AA",0
10108,EUM0900SA,"Tủ lạnh Electrolux 85 lít EUM0900SA",0
10127,EBB3400H-H,"Tủ Lạnh Electrolux 340 Lít Inverter EBB3400H-H",0
10138,EBB2802H-H,"Tủ Lạnh Electrolux 275 Lít EBB2802H-H",0
10147,EBB2802H-A,"Tủ Lạnh Electrolux 275 Lít EBB2802H-A",0
10155,EUM0500SB,"Tủ Lạnh Electrolux EUM0500SB",0
10163,WPK-918,"Cây lọc nước Korihome WPK-918",1
10182,WPK-813,"Máy lọc nước RO nóng lạnh Korihome WPK-813 6 lõi",1
10202,WPK-606,"Máy lọc nước Korihome WPK-606 8 lõi",1
10215,WPK-K91,"Máy lọc nước RO Korihome WPK-K91 9 lõi",1
10229,KSI80,"Máy lọc nước Karofi KSI80 8 lõi",1
10242,K9IQ,"Máy lọc nước RO Karofi K9IQ 2.0 9 lõi",1
10262,K8I-1,"Máy lọc nước thông minh Karofi K8I-1",1
10276,HCV351-WH,"Máy lọc nước RO nóng lạnh Karofi HCV351-WH",1
10293,WPK-818-S,"Máy lọc nước RO nóng lạnh KoriHome WPK-818-S 6 lõi",1
10325,55A9G,"Android Tivi OLED Sony 4K 55 inch KD-55A9G",0
10351,65X8500G/S,"Android Tivi Sony 4K 65 inch KD-65X8500G/S",0
10376,65A9G,"Android Tivi OLED Sony 4K 65 inch KD-65A9G",0
10405,UA55NU7090,"Smart Tivi Samsung 4K 55 inch UA55NU7090",0
10426,UA65NU7100,"Smart Tivi Samsung 4K 65 inch UA65NU7100",0
10448,75RU7100,"Smart Tivi Samsung 4K 75 inch UA75RU7100",0
10472,QA82Q90R,"Smart Tivi QLED Samsung 4K 82 inch QA82Q90R",0
10502,55SK8000PTA,"Smart Tivi LG 4K 55 inch 55SK8000PTA",0
10527,65E9PTA,"Smart Tivi OLED LG 4K 65 inch 65E9PTA",0
10571,FC1409S3W,"Máy giặt LG Inverter 9 kg FC1409S3W",0
10590,TH2519SSAK,"Máy giặt LG Inverter 19 kg TH2519SSAK",0
10602,BV320QSVN,"Tủ lạnh Panasonic Inverter 290 lít NR-BV320QSVN",0
10607,NR-BV280QSVN,"Tủ lạnh Panasonic Inverter 255 lít NR-BV280QSVN",0
10629,NR-BZ600PKVN,"Tủ lạnh Panasonic Inverter 558 lít NR-BZ600PKVN",0
10633,MR-CX46EJ-BRW-V,"Tủ lạnh Mitsubishi Electric Inverter 358 lít MR-CX46EJ-BRW-V",0
10655,"GR-AG41VPDZ XK","Tủ lạnh Toshiba Inverter 359 lít GR-AG41VPDZ XK",0
10675,"GR-AG46VPDZ XK1","Tủ lạnh Toshiba Inverter 409 lít GR-AG46VPDZ XK1",1
10694,"AQR-95ER (SS)","Tủ lạnh Aqua 90 lít AQR-95ER (SS) Xám",1
10712,LC-60UA6500X,"Smart Tivi Sharp 4K 60 inch LC-60UA6500X",0
10734,"R-M700GPGV2 GBK","Tủ lạnh Hitachi Inverter 584 lít R-M700GPGV2 GBK",0
10799,"R-WB545PGV2 GBK","Tủ lạnh Hitachi Inverter 429 lít R-WB545PGV2 GBK",0
10852,65NU7300,"Smart Tivi Samsung 4K 65 inch UA65NU7300",0
10868,55UM7300,"Smart Tivi LG 55 inch 4K 55UM7300PTA",0
10886,40S6800,"Android Tivi Full HD TCL 40 inch 40S6800",0
10926,8T-C60AX1X,"Smart Tivi Sharp 60 inch 8T-C60AX1X, 8K, Android TV",0
10966,8T-C80AX1X,"Smart Tivi Sharp 80 inch 8T-C80AX1X, 8K",0
10967,8T-C70AX1X,"Smart Tivi Sharp 70 inch 8T-C70AX1X, 8K",0
11009,40AE1X,"Smart Tivi Sharp 40 Inch 2T-C40AE1X",0
11022,SJ-FX630V-BE,"Tủ lạnh Sharp Inverter 556 lít SJ-FX630V-BE",0
11049,49UM7400,"Smart TV 4K LG 49 inch 49UM7400",0
11082,SJ-X201E-SL,"Tủ lạnh Sharp Inverter 196 lít SJ-X201E-SL",0
11097,SJ-X251E-DS,"Tủ lạnh Sharp Inverter 224 lít SJ-X251E-DS",0
11106,SJ-X281E-SL,"Tủ lạnh Sharp Inverter 253 lít SJ-X281E-SL",0
11116,SJ-X316E-SL,"Tủ lạnh Sharp Inverter 287 lít SJ-X316E-SL",0
11125,SJ-X346E-SL,"Tủ lạnh Sharp Inverter 315 lít SJ-X346E-SL",0
11135,SJ-FX688VG-BR,"Tủ lạnh Sharp Inverter 678 lít SJ-FX688VG-BR",1
11146,NR-BV289XSV2,"Tủ lạnh Panasonic Inverter 255 lít NR-BV289XSV2",0
11157,NR-BX418GKVN,"Tủ lạnh Panasonic 363 lít NR-BX418GKVN",0
11169,NR-BX468GKVN,"Tủ lạnh Panasonic Inverter 405 lít NR-BX468GKVN",0
11181,NR-CY558GMVN,"Tủ Lạnh Panasonic Inverter 491 Lít NR-CY558GMVN",0
11191,NR-CY558GSV2,"Tủ lạnh Panasonic Inverter 452 lít NR-CY558GSV2",0
11203,NR-CY558GXV2,"Tủ lạnh Panasonic Inverter 491 lít NR-CY558GXV2",0
11211,NR-CY558GKVN,"Tủ lạnh Panasonic Inverter 491 lít NR-CY558GKVN",0
11236,BV360QSVN,"Tủ lạnh Panasonic Inverter 322 lít NR-BV360QSVN",0
11266,RT43K6631SL/SV,"Tủ lạnh Samsung Inverter 438 lít RT43K6631SL/SV",0
11325,RS64R5101SL/SV,"Tủ lạnh Samsung Inverter 617 lít RS64R5101SL/SV",0
11368,RB27N4010DX/SV,"Tủ lạnh Samsung Inverter 276 lít RB27N4010DX/SV",0
11380,RB30N4170DX/SV,"Tủ lạnh Samsung Inverter 307 lít RB30N4170DX/SV",0
11393,"FX43EN GBK","Tủ lạnh Mitsubishi Electric 344 lít MR-FX43EN-GBK-V",1
11401,"FX47EN GBK","Tủ lạnh Mitsubishi Electric 376 lít MR-FX47EN-GBK-V",1
11410,FP-F30E-C,"Máy lọc không khí Sharp FP-F30E-C",1
11455,FP-J60E-W,"Máy lọc không khí Sharp FP-J60E-W",1
11464,FP-J80EV-H,"Máy lọc không khí Sharp FP-J80EV-H",1
11473,FP-FM40V-B,"Máy lọc không khí có bắt muỗi Sharp FP-FM40V-B",1
11482,GM-30E-B,"Máy lọc không khí có bắt muỗi Sharp FP-GM30E-B",0
11501,FP-GM50E-B,"Máy lọc không khí có bắt muỗi Sharp FP-GM50E-B",1
11534,DW-E16FA-W,"Máy lọc không khí Sharp DW-E16FA-W",1
11553,DW-D20A-W,"Máy lọc không khí Sharp DW-D20A-W",1
11563,DW-J27FV-S,"Máy lọc không khí Sharp DW-J27FV-S",1
11570,KC-F30EV-W,"Máy lọc không khí Sharp KC-F30EV-W",1
11592,KC-G40EV-W,"Máy lọc không khí và tạo ẩm Sharp KC-G40EV-W",1
11600,KC-G50EV-W,"Máy lọc không khí Sharp KC-G50EV-W",1
11606,KC-G60EV-W,"Máy lọc không khí Sharp KC-G60EV-W",1
11612,IG-GC2E-B,"Máy lọc không khí trên ô tô Sharp IG-GC2E-B",0
11619,IG-GC2E-N,"Máy lọc không khí trên ô tô Sharp IG-GC2E-N",0
11630,IG-GC2E-P,"Máy lọc không khí trên ô tô Sharp IG-GC2E-P",0
11633,ICB6617,"Bếp từ Bluestone ICB-6617",0
11645,65UK6340,"Smart Tivi LG 4K 65 inch 65UK6340PTF",0
11683,43NU7090,"Smart Tivi Samsung 4K 43 inch UA43NU7090",0
11704,R-FM800AGPGV4X/DIA,"Tủ lạnh Hitachi Inverter 584 lít R-FM800AGPGV4X DIA",0
11722,"G570GV XK","Tủ lạnh Hitachi Inverter 589 lít R-G570GV (XK)",0
11735,"FW690PGV7X GBW","Tủ lạnh Hitachi Inverter 540 lít R-FW690PGV7X (GBW)",0
11757,"G520GV XK","Tủ lạnh Hitachi Inverter 536 LÍT R-G520GV (XK)",0
11770,"RFWB475PGV2 GBK","Tủ lạnh Hitachi Inverter 405 LÍT R-FWB475PGV2 (GBK)",0
11787,"RFWB475PGV2 GBW","Tủ lạnh Hitachi Inverter 405 LÍT R-FWB475PGV2 (GBW)",0
11795,"R-FG450PGV8 GBW","Tủ lạnh Hitachi Inverter 339 lít R-FG450PGV8 (GBW)",0
11804,"R-FG450PGV8 GBK","Tủ lạnh Hitachi Inverter 339 lít R-FG450PGV8 GBK",0
11829,"R-FS800GPGV2 GBK","Tủ lạnh Hitachi Inverter 605 lít R-FS800GPGV2 GBK",0
11857,"R-FG480PGV8 GBW","Tủ lạnh Hitachi Inverter 366 lít R-FG480PGV8 GBW",0
11866,65RU7100,"Smart Tivi Samsung 4K 65 inch UA65RU7100",0
11889,65B9,"Smart Tivi OLED LG 4K 65 inch 65B9PTA",0
11923,GN-D602BL,"Tủ lạnh LG Inverter 475 lít GN-D602BL",0
11951,GN-M255PS,"Tủ lạnh LG Inverter 255 lít GN-M255PS",0
11974,RL4034SBAS8/SV,"Tủ lạnh Samsung Inverter 424 lít RL4034SBAS8/SV",0
12001,GN-D422BL,"Tủ lạnh LG Inverter 393 lít GN-D422BL",0
12029,GN-M208BL,"Tủ lạnh LG Inverter 208 lít GN-M208BL",0
12053,GN-D225PS,"Tủ lạnh LG Inverter 208 lít GN-D225PS",0
12064,S3RF,"Máy giặt hấp sấy LG Styler S3RF",0
12080,S3WF,"Máy giặt hấp sấy LG Styler S3WF",0
12094,F2514DTGW,"Máy giặt LG 14kg F2514DTGW",0
12105,TH2722SSAK,"Máy giặt LG Inverter 22 kg TH2722SSAK",0
12117,PK3,"Loa Bluetooth LG PK3",0
12138,GR-X247MC,"Tủ lạnh LG InstaView Door-in-Door 601 lít GR-X247MC",0
12155,"r-f510pgv8 (BSL)","Tủ lạnh Hitachi Inverter 406 lít R-F510PGV8 (BSL)",1
12169,EWF9023BDWA,"Máy giặt Electrolux Inverter 9 kg EWF9023BDWA",0
12179,EWF1023BESA,"Máy giặt Electrolux Inverter 10 kg EWF1023BESA",0
12187,EWF1142BESA,"Máy giặt Electrolux Inverter 11 kg EWF1142BESA",0
12196,EWF1141AEWA,"Máy giặt Electrolux Inverter 11 kg EWF1141AEWA",0
12205,EWF1042BDWA,"Máy giặt Electrolux Inverter 10 kg EWF1042BDWA",0
12226,TWC1408D4W,"Máy giặt lồng đôi LG TWC1408D4W",0
12235,EJK418SLV,"Ấm siêu tốc Lock&Lock 1.8 lít EJK418SLV",1
12243,"AP- 1009 CH","Máy lọc không khí Coway AP-1009CH",0
12251,AP-0509DH,"Máy lọc không khí Coway AP-0509DH",1
12260,AP-1008DH,"Máy lọc không khí Coway AP-1008DH",0
12267,AP-1008CH,"Máy lọc không khí Coway AP-1008CH",1
12278,AP-3008FH,"Máy lọc không khí Coway AP-3008FH",1
12290,AP-1516D,"Máy lọc không khí Coway AP-1516D",1
12297,APM-1010DH,"Máy lọc không khí Coway APM-1010DH",1
12304,65C9,"Smart Tivi OLED LG 4K 65 inch 65C9PTA",0
12363,90J54EOBW,"Máy giặt Samsung Inverter 9 kg WW90J54E0BW/SV",0
12381,WD10K6410OS/SV,"Máy giặt sấy Samsung Inverter 10.5 kg WD10K6410OS/SV",0
12403,WW90J54E0BX,"Máy giặt Samsung Inverter 9 kg WW90J54E0BX/SV",0
12419,90K54E0UW,"Máy giặt Samsung Inverter 9 kg WW90K54E0UW/SV",0
12442,"6-Way Ulpa A850","Máy lọc không khí ChungHo  6-Way ULPA A850",1
12451,Lily,"Máy lọc không khí ChungHo Hút Ẩm – LILY",1
12463,"Whirl Silent Hepa","Máy lọc không khí ChungHo HEPA – Whirlis Silent",1
12476,"Whirl Silent Ulpa","Máy lọc không khí ChungHo Whirls Silent Ulpa",1
12495,F90A4HRV,"Máy giặt Panasonic 9 kg NA-F90A4HRV",0
12504,F90VS9DRV,"Máy giặt Panasonic 9 kg NA-F90VS9DRV",0
12510,DR80BW,"Máy sấy LG 8 kg DR-80BW",0
12518,50UK6320,"Smart Tivi LG 4K 50 inch 50UK6320",0
12521,RB30N4170S8/SV,"Tủ lạnh Samsung Inverter 307 lít RB30N4170S8/SV",0
12541,55Q900,"Smart Tivi QLED Samsung 8K 55 inch QA55Q900R",1
12579,F76VS9GRV,"Máy giặt Panasonic 7.6 kg NA-F76VS9GRV",0
12602,F85A4GRV,"Máy giặt Panasonic 8.5 kg NA-F85A4GRV",0
12620,F90V5LRV,"Máy giặt Panasonic 9 kg NA-F90V5LRV",0
12653,F90X5LRV,"Máy giặt Panasonic 9 kg NA-F90X5LRV",0
12663,FS95V7LRV,"Máy giặt Panasonic 9.5 kg NA-FS95V7LRV",0
12672,FS85X7LRV,"Máy giặt Panasonic 8.5 kg NA-FS85X7LRV",0
12674,FS13X7LRV,"Máy giặt Panasonic 13.5 kg NA-FS13X7LRV",0
12692,120VX6LV2,"Máy giặt Panasonic 10 kg NA-120VX6LV2",0
12700,BV280GKVN,"Tủ lạnh Panasonic Inverter 255 lít NR-BV280GKVN",0
12713,S106G1WV2,"Máy giặt Panasonic 10 kg NA-S106G1WV2",0
12722,S106X1LV2,"Máy giặt Panasonic 10 kg NA-S106X1LV2",0
12737,F654GT-X2,"Tủ lạnh Panasonic Inverter 642 lít NR-F654GT-X2",0
12748,BC360QKVN,"Tủ lạnh Panasonic Inverter 322 lít NR-BC360QKVN",0
12771,BV320GKVN,"Tủ lạnh Panasonic Inverter 290 lít NR-BV320GKVN",0
12784,NR-F610GT-N2,"Tủ lạnh Panasonic Inverter 588 lít NR-F610GT-N2",0
12815,BV320GAVN,"Tủ lạnh Panasonic Inverter 290 lít NR-BV320GAVN",0
12824,BV280GAVN,"Tủ lạnh Panasonic Inverter 255 lít  NR-BV280GAVN",0
12836,WW80J42G0BW,"Máy giặt Samsung Inverter 8 kg WW80J42G0BW/SV",0
12846,3LWED4705FW,"Máy sấy Whirlpool 15 kg 3LWED4705FW",0
12855,80J54E0BW,"Máy giặt Samsung Inverter 8 kg WW80J54E0BW/SV",0
12885,77C9,"Smart Tivi OLED LG 4K 77 inch 77C9PTA",0
12910,65NU7500,"Smart Tivi Cong Samsung 4K 65 inch UA65NU7500",0
12932,24HD900T2,"Led Tivi Darling 24 inch HD 24HD900T2",0
12938,32HD962S2,"Led Tivi Darling 32 Inch 32HD962S2",0
12946,32HD958E,"Led Tivi Darling 32 Inch 32HD958E",0
12960,32HD960S,"Smart Tivi Darling 32 Inch 32HD960S",0
12967,3200S,"UHD Tivi Darling 32 Inch 3200S",0
12977,40HD957T2,"LED Tivi Darling 40 Inch 40HD957T2",0
12983,70RU7200,"Smart Tivi Samsung 4K 70 inch UA70RU7200",0
12998,82Q75RA,"Smart Tivi QLED Samsung 4K 82 inch QA82Q75R, 82Q75RA",0
13024,SJ-FX688VG-RD,"Tủ lạnh Sharp Inverter 605 lít SJ-FX688VG-RD",0
13033,55HD955T2,"Smart Tivi Darling 55 Inch 55HD955T2",0
13041,50UH960S,"Smart Tivi Darling 50 Inch 50UH960S",0
13048,50HD955T2,"LED Tivi Darling 50 Inch  50HD955T2",0
13068,DMF-4079AXK,"Tủ đông mặt kính Darling DMF-4079AXK",0
13092,ETB2802H-H,"Tủ lạnh Electrolux Inverter 260 lít  ETB2802H-H",0
13101,ETE5720B-G,"Tủ lạnh Electrolux Inverter 573 lít ETE5720B-G",0
13108,ETB5400B-G,"Tủ lạnh Electrolux Inverter 536 lít  ETB5400B-G",0
13113,EBE4500B-H,"Tủ lạnh Electrolux Inverter 421 lít EBE4500B-H",0
13127,EBE4500B-G,"Tủ lạnh Electrolux Inverter 421 lít EBE4500B-G",0
13156,40S6500,"Android Tivi TCL 40 inch 40S6500",0
13176,EDV805JQWA,"Máy sấy Electrolux 8 Kg EDV805JQWA",0
13196,EDV805JQSA,"Máy sấy Electrolux 8 Kg EDV805JQSA",0
13217,EDS805KQWA,"Máy sấy Electrolux 8 kg EDS805KQWA",0
13238,ZAP9910,"Máy hút bụi Electrolux ZAP9910 1800W",1
13257,EC31-2BB,"Máy hút bụi Electrolux EC31-2BB 1800W",0
13267,EC41-2DB,"Máy hút bụi Electrolux EC41-2DB 2000W",1
13277,EC41-6CR,"Máy hút bụi Electrolux EC41-6CR 2000W",1
13291,43FH960S,"LED Tivi Darling 43 Inch 43FH960S",0
13304,40FH960S,"Smart Tivi Darling 40 Inch 40FH960S",0
13315,SM45PE-VN,"Máy nước nóng Ariston SM45PE-VN",1
13339,"AN2 15RS 2.5 FE","Máy nước nóng Ariston 15 lít AN2 15 RS 2.5 FE",1
13356,"SL2 20 RS 2.5 FE","Máy nước nóng Ariston 20 lít SL2 20 RS 2.5 FE",1
13374,SMC45E-VN,"Máy nước nóng Ariston SMC45E-VN 4500W",0
13394,"SL 30 ST 2.5 FE - MT","Máy nước nóng Ariston SL 30 ST 2.5 FE - MT 30 lít",1
13414,"AN2 30RS 2.5 FE","Máy nước nóng Ariston 30 lít AN2 30 RS 2.5 FE",1
13433,"AN2 15 LUX 2.5 FE","Máy nước nóng Ariston 15 lít AN2 15 LUX 2.5 FE",0
13451,"ST45 PE-VN","Máy nước nóng Ariston ST45PE-VN",1
13474,SB35E-VN,"Máy nước nóng Ariston SB35E-VN",1
13492,SM45E-VN,"Máy nước nóng Ariston SM45E-VN",0
13515,WD19N8750KV,"Máy giặt sấy Samsung Add Wash Inverter 19 kg WD19N8750KV/SV",0
13536,RS64R53012C,"Tủ lạnh Samsung Inverter 617 lít RS64R53012C/SV",1
13561,ESF5512LOX,"Máy rửa bát Electrolux ESF5512LOX 1950W",1
13579,ESF6010BW,"Máy rửa bát mini Electrolux ESF6010BW 1480W",1
13599,ETD42SKR,"Bếp từ Electrolux ETD42SKR",1
13608,ETD42SKA,"Bếp từ Electrolux ETD42SKA",1
13616,EHH6332FOK,"Bếp từ âm Electrolux EHH6332FOK",1
13625,EHI7260BA,"Bếp từ đôi Electrolux EHI7260BA",1
13643,EHI7280BA,"Bếp từ đôi Electrolux EHI7280BA",1
13654,EDH12SDAW,"Máy hút ẩm Electrolux EDH12SDAW",1
13661,50UA6500,"Smart Tivi 4K Sharp 50 Inch LC-50UA6500X",0
13668,4T-C60AL1X,"Smart Tivi Sharp 60 inch 4K 4T-C60AL1X",0
13691,EAC415,"Máy lọc không khí Electrolux EAC415",0
13699,GN-L205S,"Tủ lạnh LG Inverter 187 lít GN-L205S",0
13709,GN-L205PS,"Tủ lạnh LG 189 lít GN-L205PS",1
13719,GR-B247JS,"Tủ lạnh LG Inverter 626 lít GR-B247JS",0
13742,GN-L315PS,"Tủ lạnh LG Inverter 315 lít GN-L315PS",0
13765,GN-L315PN,"Tủ lạnh LG Inverter 315 lít GN-L315PN",0
13789,GR-B315S,"Tủ lạnh LG Inverter 315 lít GN-B315S",0
13798,GN-D422PS,"Tủ lạnh LG Inverter 393 lít GN-D422PS",0
13813,GN-L255PN,"Tủ lạnh LG Inverter 255 lít GN-L255PN",0
13836,GN-L702SD,"Tủ lạnh LG Inverter 512 lít GN-L702SD",0
13862,GN-L702GB,"Tủ lạnh LG Inverter 506 lít GN-L702GB",0
13882,GN-L208PS,"Tủ lạnh LG Inverter 208 lít GN-L208PS",0
13896,GR-D247JDS,"Tủ lạnh LG Inverter 601 lít GR-D247JDS",0
13919,GN-L422PS,"Tủ lạnh LG Inverter 393 lít GN-L422PS",0
13944,"R-VG400PGV3 GBK","TTủ lạnh Hitachi Inverter 335 lít R-VG400PGV3 GBK",0
13945,"AN2 30 LUX 2.5 FE","Máy nước nóng Ariston 30 lít AN2 30 LUX 2.5 FE",1
13963,"AN2 30 TOP 2.5 FE","Máy nước nóng Ariston 30 lit AN2 30 TOP 2.5 FE",1
13981,"AN2 15 TOP","Máy nước nóng Ariston 15 lít AN2 15 TOP 2.5 FE",1
14000,RMC45E-VN,"Máy nước nóng Ariston RMC45E-VN 4500W",0
14053,EMM2021MW,"Lò vi sóng Electrolux EMM2021MW 20 lít",1
14056,EMS2027GX,"Lò vi sóng Electrolux EMS2027GX 20 lít",0
14066,EMM2022GW,"Lò vi sóng Electrolux EMM2022GW 20 lít",0
14075,EMM2308X,"Lò vi sóng Electrolux EMM2308X 23 lít",1
14087,EMM2318X,"Lò vi sóng Electrolux EMM2318X 23 lít",1
14098,EMS3085X,"Lò vi sóng Electrolux EMS3085X 30 lít",1
14110,EMS3288X,"Lò vi sóng Electrolux EMS3288X 32 lít",0
14120,EMS2382GRI,"Lò vi sóng Electrolux EMS2382GRI 23 lít",1
14125,"SMC 45PE-VN","Máy nước nóng Ariston SMC45PE-VN 4.5 kW",1
14134,EMM20K18GW,"Lò vi sóng Electrolux EMM20K18GW 20 lít",0
14147,RT45E-VN,"Máy nước nóng Ariston RT45E-VN - 4.5 kW",0
14176,EMG20K38GWP,"Lò vi sóng Electrolux EMG20K38GWP 20 lít",1
14207,EMM2525MW,"Lò vi sóng Electrolux EMM2525MW 25 lít",0
14216,EOB2100COX,"Lò nướng âm Electrolux EOB2100COX 53 lít",1
14226,EOB3434BOX,"Lò nướng âm Electrolux EOB3434BOX 72 lít",1
14239,EMM20K18GWI,"Lò vi sóng Electrolux EMM20K18GWI 20 lít",0
14243,EMG20K38GB,"Lò vi sóng Electrolux EMG20K38GB 20 lít",1
14246,EMM23K18GW,"Lò vi sóng Electrolux EMM23K18GW 23 lít",1
14254,EMG23K38GB,"Lò vi sóng Electrolux EMG23K38GB 23 lít",1
14264,EMS2085X,"Lò vi sóng âm tủ Electrolux EMS2085X 20 lít",0
14269,FC1409S3W1,"Máy giặt LG Inverter 9 kg FC1409S3W1",0
14292,EOT4805K,"Lò nướng Electrolux EOT4805K 21 lít",1
14299,EMS3082CR,"Lò vi sóng Electrolux EMS3082CR 30 lít",0
14305,EOB3400BOX,"Lò nướng âm Electrolux EOB3400BOX 74 lít",1
14316,WW10K54E0UW/SL,"Máy giặt Samsung Inverter 10 kg WW10K54E0UW/SV",0
14338,EOT3805K,"Lò nướng Electrolux EOT3805K 15 lít",1
14347,EOT30MXC,"Lò nướng Electrolux EOT30MXC 30 lít",1
14360,EOT38MXC,"Lò nướng Electrolux EOT38MXC 38 lít",1
14371,EFT6510K,"Máy hút mùi Electrolux EFT6510K",0
14377,EFT7041W,"Máy hút mùi Electrolux EFT7041W",1
14381,EFT7516X,"Máy hút mùi Electrolux EFT7516X",1
14392,EFT9516K,"Máy hút mùi Electrolux EFT9516K",1
14399,EFC635SAR,"Máy hút mùi Electrolux EFC635SAR",1
14408,EFC735SAR,"Máy hút mùi Electrolux EFC735SAR",1
14418,EFC736GAR,"Máy hút mùi Electrolux EFC736GAR",1
14426,ERC3305,"Nồi cơm điện Electrolux 1.8 lít ERC3305",1
14436,ERC3405,"Nồi cơm điện Electrolux ERC3405 1.8 lít",1
14448,EBG200,"Lò nướng ELECTROLUX EBG200",1
14456,DV90M5200QW/SV,"Máy sấy Samsung 9 kg DV90M5200QW/SV",0
14475,WR24M9960KV/SV,"Máy giặt sấy Samsung 21 kg FlexWash WR24M9960KV/SV",0
14520,WD85K5410OX/SV,"Máy giặt sấy Samsung AddWash Inverter 8.5 kg WD85K5410OX/SV",0
14541,WW90K54E0UX/SV,"Máy giặt Samsung Addwash Inverter 9 kg WW90K54E0UX/SV",0
14566,WW85K54E0UX/SV,"Máy giặt Samsung AddWash Inverter 8.5 kg WW85K54E0UX/SV",0
14589,WW85K54E0UW/SV,"Máy giặt Samsung Addwash Inverter8.5 Kg WW85K54E0UW/SV",0
14590,WA21M8700GV/SV,"Máy giặt Samsung Inverter 21 kg WA21M8700GV/SV",0
14615,WA18M8700GV/SV,"Máy giặt Samsung Inverter 18 kg WA18M8700GV/SV",0
14629,WA16N6780CV/SV,"Máy giặt Samsung Inverter 16 kg WA16N6780CV/SV",0
14641,WA14N6780CV/SV,"Máy giặt Samsung Inverter 14 kg WA14N6780CV/SV",0
14655,WA12J5750SP/SV,"Máy giặt Samsung Inverter 12 Kg WA12J5750SP/SV",0
14674,WA10J5750SG/SV,"Máy giặt Samsung Inverter 10.5 kg WA10J5750SG/SV",0
14688,WA10J5710SG/SV,"Máy giặt Samsung 10 kg WA10J5710SG/SV",0
14700,HW-K350,"Loa thanh soundbar Samsung 2.1 HW-K350 150W",0
14722,HW-R550,"Loa thanh soundbar Samsung 2.1 HW-R550 320W",0
14751,WA90M5120SW/SV,"Máy giặt Samsung 9 kg WA90M5120SW/SV",0
14760,WA90M5120SG/SV,"Máy giặt Samsung WA90M5120SG/SV",0
14770,WA90J5710SG/SV,"Máy giặt Samsung 9 kg WA90J5710SG/SV",0
14781,WA85J5712SG/SV,"Máy giặt Samsung 8.5 kg WA85J5712SG/SV",0
14793,ESM09CRF-D2,"Máy lạnh Electrolux ESM09CRF-D2 1 Hp",1
14799,43RU7100,"Smart Tivi Samsung 4K 43 inch UA43RU7100",1
14822,50RU7100,"Smart Tivi Samsung 4K 50 inch UA50RU7100",0
14837,58RU7100,"Smart Tivi Samsung 4K 58 inch UA58RU7100",0
14857,55RU7300,"Smart Tivi Samsung 4K 55 inch UA55RU7300",0
14858,"AN2 15 TOP WIFI 2.5 FE","Máy nước nóng Ariston AN2 15 TOP WIFI 2.5 FE 15 lít",1
14862,"AN2 30 TOP WIFI 2.5 FE","Máy nước nóng Ariston AN2 30 TOP WIFI 2.5 FE",1
14868,"AN2 15 R 2.5 FE","Bình Nước Nóng Ariston AN2 15 R 2.5 FE - MT",1
14891,"AN2 30R 2.5 FE","Máy nước nóng Ariston AN2 30 R 2.5 FE - MT",1
14902,55RU7100,"Smart Tivi Samsung 4K 55 inch UA55RU7100",0
14909,"AN2 15 B 2.5 FE","Máy nước nóng gián tiếp Ariston AN2 15 B 2.5 FE",1
14934,"BLU 30R 2.5 FE","Bình Nước Nóng Ariston BLU 30 R 2.5 FE",1
14937,"AN LUX 6 UE 1.5 FE","Bình nóng lạnh 6L Ariston AN LUX 6 UE 1.5 FE (oversink)",1
14942,"AN LUX 6 BE 1.5 FE","Bình nóng lạnh 6L Ariston AN LUX 6 BE 1.5 FE (undersink)",1
14947,65NU7090,"Smart Tivi Samsung 4K 65 inch UA65NU7090",1
14983,65Q9FNA,"Smart Tivi QLED Samsung 4K 65 inch QA65Q9FN",0
15004,55UM7100,"Smart tivi LG 4K 55 inch 55UM7100",0
15015,"R-B330PGV8 BSL","Tủ lạnh Hitachi Inverter 275 lít R-B330PGV8 (BSL)",0
15039,ESV09HRK-A3,"Máy điều hòa 2 chiều Electrolux Inverter 9000 BTU ESV09HRK-A3",1
15056,EDH16SDAW,"Máy hút ẩm Electrolux EDH16SDAW",0
15065,EEK1303W,"Bình siêu tốc Electrolux 1.5 lít EEK1303W",1
15079,EEK1505S,"Bình siêu tốc Electrolux 1.7 lít  EEK1505S",1
15082,EBR7804S,"Máy xay sinh tố đa năng Electrolux EBR7804S",1
15095,E7TB1-50CW,"Máy xay sinh tố Electrolux E7TB1-50CW",1
15106,E7TB1-84SM,"Máy xay sinh tố Electrolux E7TB1 84SM",1
15119,E7CB1-86SM,"Máy xay sinh tố Electrolux E7CB1-86SM",0
15130,EWS502DX-DWE,"Bình nước nóng Electrolux EWS502DX-DWE 50 lít",1
15151,EQACF01TXWV,"Cây nước nóng lạnh Electrolux EQACF01TXWV",1
15160,EQALF01TXWV,"Cây nước nóng lạnh Electrolux EQALF01TXWV",1
15169,EQAXF01BXBV,"Cây nước nóng lạnh Electrolux EQAXF01BXBV",1
15177,FP-JM30V-B,"Máy lọc không khí có bắt muỗi Sharp FP-JM30V-B",1
15185,,"Loa thanh soundbar Sony 2.1 HT-CT390 300W",0
15204,HW-MS550,"Loa thanh soundbar Samsung 2.0 HW-MS550 450W",0
15224,SL4,"Loa thanh soundbar LG 2.1 SL4 300W",0
15252,HW-R450,"Loa thanh soundbar Samsung 2.1 HW-R450 200W",0
15276,HW-R650,"Loa thanh soundbar Samsung 3.1 HW-R650 340W",0
15303,FP-JM40V-B,"Máy lọc không khí có bắt muỗi Sharp FP-JM40V-B",1
15310,FU-551KE-W,"Máy lọc không khí Sharp FU-551KE-W",0
15320,ESM24CRO-A1,"Máy điều hòa 1 chiều Electrolux Inverter 24.000 BTU ESM24CRO-A1",0
15334,ESV12CRR-C3,"Điều hòa 1 chiều Electrolux Inverter 12.000 BTU ESV12CRR-C3",0
15346,ESV09CRR-C2,"Máy lạnh Electrolux Inverter 1 HP ESV09CRR-C2",0
15358,ESV09CRR-C3,"Máy lạnh Electrolux Inverter 1 HP ESV09CRR-C3",0
15364,ESV12CRO-C1,"Máy lạnh Electrolux Inverter 1.5 HP ESV12CRO-C1",0
15371,ESV12CRO-D1,"Máy lạnh Electrolux Inverter 1.5 HP ESV12CRO-D1",1
15387,ESV09CRO-D1,"Máy lạnh Electrolux Inverter 1 HP ESV09CRO-D1",0
15402,EMM2021GW,"Lò vi sóng Electrolux EMM2021GW 20 lít",1
15407,AD-1615A,"Máy hút ẩm Coway AD1615A",1
15418,CHP-260L,"Máy lọc nước nóng lạnh Coway CHP-260L",1
15424,CHP-671R,"Máy lọc nước nóng lạnh RO Coway CHP-671R",1
15433,CHP-590R,"Máy lọc nước nóng lạnh Coway CHP-590R",1
15441,P-300L,"Máy lọc nước Coway P-300L",1
15448,BigWave,"Máy làm mềm nước ChungHo BigWave",1
15455,KSI90,"Máy lọc nước RO Karofi KSI90 9 lõi",1
15469,KSI90-A,"Máy lọc nước RO Karofi KSI90-A 9 lõi",1
15476,K9IQ-2-AQL,"Máy lọc nước Karofi 9 cấp iRO 2.0 K9IQ-2-AQL",1
15482,K9IQ-2A-AQL,"Máy lọc nước Karofi 9 cấp K9IQ-2A-AQL",0
15488,K9I-1,"Máy lọc nước Karofi K9I-1",0
15495,KT-K9I-1A-1,"Máy Lọc Nước iRO 1.1 Lõi ORP Karofi KT-K9I-1A 9 Cấp",0
15505,K9I-1A,"Máy Lọc Nước iRO Lõi Thép Karofi K9I-1A 9 Cấp",0
15508,K8IQ-2-AQL,"Máy lọc nước Karofi 8 cấp iRO 2.0 K8IQ-2-AQL",1
15517,KT80IQ,"Máy lọc nước thường Karofi 8 cấp KT80IQ (Có tủ IQ)",1
15524,N-E118,"Máy lọc nước Karofi 8 cấp N-e118",1
15528,N-E119/A,"Máy Lọc Nước Tiêu Chuẩn 2018 Karofi N-E119/A 9 Cấp Lọc",0
15534,O-I128,"Máy lọc nước Karofi 8 cấp Optimus O-i128",1
15554,O-I129/A,"Máy lọc nước Karofi Optimus O-i129/A",1
15759,O-I129/U,"Máy lọc nước Karofi 9 cấp Optimus I1 O-i129/U",1
15765,O-I228,"Máy lọc nước Optimus Karofi O-i228",1
15770,O-I229/A,"Máy lọc nước Optimus Karofi O-i229/A",1
15776,O-I229/U,"Máy lọc nước Optimus Karofi O-i229/U",1
15784,O-S128,"Máy lọc nước Optimus Karofi O-S128",1
15792,O-S129/A,"Máy lọc nước Optimus Karofi O-S129/A",1
15799,O-S129/U,"Máy lọc nước Optimus Karofi O-S129/U",1
15808,HC300-W,"Cây nước nóng lạnh Karofi HC300W",1
15814,CDK101,"Máy sấy quần áo KoriHome CDK-101",1
15820,CDK236R,"Máy sấy quần áo Korihome CDK-236",1
15829,EHK362,"Quạt sưởi gốm Korihome EHK-362 2400 W",0
15838,BHK101W,"Quạt sưởi phòng tắm Korihome BHK-101-W 2000 W",0
15847,EHK102S,"Quạt sưởi gốm Korihome EHK-102-S 2000 W",0
15856,ICK356,"Bếp từ Korihome ICK-356-BK",1
15861,ICK226,"Bếp từ Korihome ICK-226",1
15869,ICK229,"Bếp từ Korihome ICK229",1
15880,JEK844,"Máy ép chậm trái cây Korihome JEK-844",1
15896,JEK644,"Máy ép chậm Korihome JEK-644",1
15897,RT32K5532S8/SV,"Tủ lạnh Samsung Inverter 320 lít RT32K5532S8/SV",0
15926,RF56K9041SG/SV,"Tủ lạnh Samsung Inverter 564 lít RF56K9041SG/SV",0
15960,JEK633,"Máy ép chậm Korihome JEK-633",1
15973,NR-BA178PSVN,"Tủ lạnh Panasonic Inverter 152 lít NR-BA178PSVN",1
15994,NR-BA228VSV1,"Tủ lạnh Panasonic Inverter 188 lít NR-BA228VSV1",1
16005,NR-BL351GAVN,"Tủ lạnh Panasonic Inverter 326 lít NR-BL351GAVN",0
16017,NR-BL381GAVN,"Tủ lạnh Panasonic Inverter 366 lít NR-BL381GAVN",0
16043,"SL2 20 LUX WIFI 2.5 FE","Bình nước nóng gián tiếp Ariston 20 lít SL2 20 LUX WIFI 2.5 FE",1
16046,"SL2 30 LUX WIFI 2.5 FE","Bình nước nóng Ariston 30 lít SL2 30 LUX WIFI 2.5 FE",1
16049,"SL2 20 LUX ECO 2.5 FE","Bình nước nóng trực tiếp Ariston 20 lít SL2 20 LUX ECO 2.5 FE",1
16054,"SL2 30 LUX ECO 2.5 FE","Máy nước nóng Ariston 30 lít SL2 30 LUX ECO 2.5 FE",1
16059,"SL2 30RS 2.5 FE","Bình nước nóng Ariston 20 lít SL2 30 RS 2.5 FE",1
16064,"SL2 30R 2.5 FE","Bình nước nóng Ariston 30 lít SL2 30 R 2.5 FE",1
16067,"AN2 30B 2.5 FE","Bình nước nóng Ariston 30 lít AN2 30 B 2.5 FE",0
16071,"BLU 20 SLIM 2.5 FE","Bình nóng lạnh Ariston 20 lít BLU 20 SLIM 2.5 FE",1
16074,"RMC45 PE-VN","Máy nước nóng Ariston RMC45PE-VN",1
16084,"SL 15 2.5 FE","Máy nước nóng Ariston 15 lít SL 15 2.5 FE",0
16091,NR-BL351GKVN,"Tủ lạnh Panasonic Inverter 326 lít NR-BL351GKVN",0
16116,NR-BL381GKVN,"Tủ lạnh Panasonic Inverter 366 lít NR-BL381GKVN",0
16117,"SL 15 B 2.5 FE","Bình nước nóng 15 lít Ariston SL 15 B 2.5 FE",0
16146,BV360GKVN,"Tủ lạnh Panasonic Inverter 322 lít NR-BV360GKVN",0
16169,NR-BL381WKVN,"Tủ lạnh Panasonic Inverter 366 lít NR-BL381WKVN",1
16182,NR-BL351WKVN,"Tủ lạnh Panasonic Inverter 326 lít NR-BL351WKVN",0
16196,RB30N4170B1/SV,"Tủ lạnh Samsung Inverter 307 lít RB30N4170B1/SV",0
16211,RS65R5691B4/SV,"Tủ lạnh Samsung Inverter 602 lít RS65R5691B4/SV",0
16238,RS62r50014G/SV,"Tủ lạnh Samsung Inverter 647 lít RS62R50014G/SV",0
16261,RT20HAR8DDX/SV,"Tủ lạnh Samsung Inverter 208 lít RT20HAR8DDX/SV",0
16306,RT22M4032DX/SV,"Tủ lạnh Samsung Inverter 236 lít RT22M4032DX/SV",0
16329,RT50K6631BS/SV,"Tủ lạnh Samsung Inverter 502 lít RT50K6631BS/SV",0
16358,RT46K6885BS/SV,"Tủ lạnh Samsung Inverter 451 lít RT46K6885BS/SV",0
16380,RT29K5012S8/SV,"Tủ lạnh Samsung Inverter 299 lít RT29K5012S8/SV",0
16402,RT58K7100BS/SV,"Tủ lạnh Samsung Inverter 586 lít RT58K7100BS/SV",0
16446,RT46K6836SL/SV,"Tủ lạnh Samsung Inverter 451 lít RT46K6836SL/SV",0
16472,TH2113SSAK,"Máy giặt LG Inverter 13 kg TH2113SSAK",0
16496,FM1208N6W,"Máy giặt lồng ngang LG 8kg FM1208N6W",0
16509,FM1209N6W,"Máy giặt LG Inverter 9 kg FM1209N6W",0
16520,T2350VS2W,"Máy giặt LG Inverter 10.5 kg T2350VS2W",0
16524,TG2402NTWW,"Máy giặt LG TWINWash Mini Inverter 2 kg TG2402NTWW",0
16543,EDS805KQSA,"Máy sấy Electrolux 8 kg EDS805KQSA",0
16586,RT35K5982DX,"Tủ lạnh Samsung Inverter 360 lít RT35K5982DX/SV",0
16598,RT38K5930DX/SV,"Tủ lạnh Samsung Inverter 380 lít RT38K5930DX/SV",0
16607,RT22M4040DX/SV,"Tủ lạnh Samsung Inverter 236 lít RT22M4040DX/SV",0
16610,RT22HAR4DSA/SV,"Tủ lạnh Samsung Inverter 234 lít RT22HAR4DSA/SV",0
16617,WDK688HB,"Cây lọc nước Korihome WDK-688-HB",1
16627,WW10K44G0YW/SV,"Máy giặt Samsung Addwash Inverter 10 Kg WW10K44G0YW/SV",0
16637,"SLE 30 QH 2.5 FE","Bình nước nóng gián tiếp Ariston SLE 30 QH 2.5 FE",1
16641,WPK-913,"Máy lọc nước tích hợp nóng lạnh Korihome Series 9 WPK-913",1
16650,WPK-838,"Máy lọc nước tích hợp nóng lạnh WPK-838",1
16668,R-FW650PGV8,"Tủ lạnh Hitachi Inverter 509 lít R-FW650PGV8 GBK",1
16696,F70VS9GRV,"Máy giặt Panasonic 7 kg NA-F70VS9GRV",0
16706,F76VS9HRV,"Máy giặt Panasonic 7.6 kg NA-F76VS9HRV",0
16728,WDK688UB,"Cây Nước Korihome WDK688UB Trắng",0
16737,WDK855,"Máy nước nóng lạnh Korihome WDK-855",1
16759,WPK888,"Máy lọc nước RO Korihome WPK-888",1
16776,"H200PGV7 BSL","Tủ lạnh Hitachi Inverter 203 lít H200PGV7(BSL)",0
16797,WPK688RO,"Máy lọc nước RO nóng lạnh Korihome WPK-688-RO",1
16805,WPK-816,"Máy lọc nước nóng lạnh RO Korihome WPK-816 5 lõi",1
16817,WPK-938,"Cây lọc nước nóng lạnh Korihome WPK-938",1
16830,WPK-916,"Máy lọc nước tích hợp nóng lạnh Korihome Series 9 WPK-916",0
16864,WPK838,"Máy lọc nước RO nóng lạnh Korihome WPK-838 5 lõi",1
16891,KT-K8I-1,"Máy Lọc Nước không vỏ Karofi KT-K8I-1",1
16898,"KT90IQ - A","Máy lọc nước lõi ORP Karofi KT90IQ-A (9 cấp) - Kèm tủ IQ",1
16904,KT-KS80,"Máy Lọc Nước sRO Lõi Thép Karofi KT-KS80 (8 Cấp)",1
16913,KT-KT90-A,"Máy Lọc Nước Đèn UV Karofi KT-KT90 (9 Cấp)",1
16916,"igussu Wine Cellar","Máy lọc nước tích hợp nóng lạnh Chungho igussu Wine Cellar",1
16922,"Nais Iguassu T-461 CHP-5170ST","Máy lọc nước tích hợp nóng lạnh Chungho Iguassu T-461 CHP-5170ST",1
16926,"Tiny 900","Máy lọc nước tích hợp nóng lạnh Chungho Iguassu Tiny 900",1
16936,CZ-999Plus,"Bếp từ Canzy CZ-999Plus",1
16942,CZ-702i,"Bếp từ Canzy CZ-702i",1
16948,SM35PE-VN,"Bình nước nóng trực tiếp Ariston SM35PE-VN",1
16951,RT45PE-VN,"Bình nước nóng trực tiếp Ariston RT45PE-VN",1
16954,"PRO R40 SH 2.5 FE","Bình nóng lạnh gián tiếp Ariston PRO R 40 SH 2.5 FE (40 lít)",1
16957,"Pro R 50 V 2.5 FE","Bình nước nóng Ariston 50 lít Pro R 50 V 2.5 FE",1
16967,"Pro R 50 SH 2.5 FE","Bình nóng lạnh 50L Ariston Pro R 50 SH 2.5 FE",1
16976,"PRO R80 V 2.5 FE","Bình nóng lạnh Ariston 80 lít chính hãng PRO R 80 V 2.5 FE",1
16979,"PRO R80 H 2.5 FE","Bình nước nóng gián tiếp Ariston PRO R 80 H 2.5 FE",1
16983,"PRO R100 V 2.5 FE","Bình nước nóng Ariston 100 lít Pro R 100 V 2.5 FE",1
16992,"Nais Iguassu 500 Plus","Máy lọc nước tích hợp nóng lạnh Chungho Iguassu 500",1
16999,"IGUASSU DIGITAL CHP-3800ST1","Máy lọc nước nóng, lạnh Chungho IGUASSU DIGITAL CHP-3800ST1",1
17008,"Ambient S","Máy lọc nước ChungHo Ambient S - CHP-1290D",1
17012,"100 UF","Máy Lọc Nước Chungho 100 UF",1
17019,"Iguass Tiny 300","Máy lọc nước để bàn Chungho Iguassu Tiny 300",1
17024,"Igussu Tiny 500","Máy lọc nước tích hợp nóng lạnh Chungho Igussu Tiny 500",1
17025,"PRO R100 H 2.5 FE","Bình nóng lạnh 100L Ariston PRO R 100 H 2.5 FE",1
17030,"ECO 1614","Máy nước nóng năng lượng mặt trời Ariston ECO 1614 25 (116 lít)",1
17038,"ECO 1616","Máy nước nóng năng lượng mặt trời Ariston ECO 1616 25 (132 lít)",1
17039,"Under Sink M9","Máy lọc nước Chungho Under Sink M9",1
17047,"NEW 700 ICE","Máy lọc nước Chungho NEW 700 ICE",1
17058,"Silent Ulpa","Máy lọc không khí Chungho Whirls Silent Ulpa CHA N500AU",1
17070,QA65LS03R,"Smart Tivi Khung Tranh QLED Samsung 4K 65 inch QA65LS03R",0
17094,QA55LS03R,"Smart Tivi Khung Tranh QLED Samsung 4K 55 inch QA55LS03R",0
17125,TD.VH230HY,"Tủ đông đứng Sanaky VH-230HY",1
17136,TD.VH150HY2,"Tủ đông Sanaky VH-150HY2",1
17140,TD.VH225HY2,"Tủ đông Sanaky VH-225HY2",0
17143,TD.VH255HY2,"Tủ đông Sanaky VH-255HY2",0
17146,TD.VH225A2,"Tủ đông Sanaky VH-225A2",0
17149,TD.VH255A2,"Tủ đông Sanaky VH-255A2",0
17152,TD.VH285A2,"Tủ đông Sanaky VH-285A2",0
17155,TD.VH365A2,"Tủ đông Sanaky VH-365A2",0
17158,TD.VH405A2,"Tủ đông Sanaky VH-405A2",0
17163,CZ-922,"Bếp từ Canzy CZ 922",1
17167,CZ-999DHI,"Bếp từ Canzy CZ 999DHI",1
17180,CU/CS-YZ9UKH-8,"Điều hòa 2 chiều Panasonic Inverter 1 HP CU/CS-YZ9UKH-8",0
17199,CU/CS-YZ12UKH-8,"Điều hòa 2 chiều Panasonic 1.5 HP CU/CS-YZ12UKH-8",0
17219,CU/CS-YZ18UKH-8,"Điều hòa 2 chiều Panasonic 2 HP CU/CS-YZ18UKH-8",0
17238,FTHF25RAVMV,"Điều hòa 2 chiều Daikin Inverter 1.0 HP FTHF25RAVMV",0
17257,FTHF35RAVMV,"Điều hòa 2 chiều Daikin Inverter 1.5 HP FTHF35RAVMV",0
17279,"G570GV XT","Tủ lạnh 6 cánh Hitachi 589L Inverter G570GV (XT)",0
17318,FV1450S2B,"Máy giặt LG Inverter 10.5 kg FV1450S2B",0
17328,FV1450S3W,"Máy giặt LG Inverter 10.5 kg FV1450S3W",0
17342,"H310PGV7 BSL","Tủ lạnh Hitachi Inverter 260 lít H310PGV7(BSL)",0
17353,55RU7250,"Smart Tivi Samsung 4K 55 inch 55RU7250",0
17356,"Silent Hepa","Máy lọc không khí ChungHo Iguassu Whirls Silent Hepa",1
17366,F2719SVBVB,"Máy giặt LG Inverter 19 kg F2719SVBVB",0
17388,SF-100XA,"Máy giặt Hitachi 10 kg SF-100XA 220-VT (COG-W)",0
17407,EP-PZ30J,"Máy lọc không khí Hitachi EP-PZ30J",1
17416,EP-PZ50J,"Máy lọc không khí Hitachi EP-PZ50J 240 (WH)",1
17423,EP-P50J,"Máy lọc không khí Hitachi EP-P50J 240 (WH)",1
17430,,"Máy Lọc Không Khí Xiaomi Mi Air Purifier 2S",1
17445,"BCD 3071","Tủ đông Alaska 250 lít BCD-3071",1
17458,"BCD 6567N","Tủ đông Alaska 650 lít BCD-6567N",1
17464,"BCD 4567N","Tủ đông Alaska 450 lít BCD-4567N",1
17471,"BCD 5067N","Tủ đông Alaska 500 lít BCD-5067N",0
17475,"BCD 5567N","Tủ đông Alaska 550 lít BCD-5567N",0
17479,"BCD 3067N","Tủ đông Alaska 250 lít BCD-3067N",0
17483,"BCD 3567N","Tủ đông Alaska 350 lít BCD-3567N",0
17491,"BCD 3068N","Tủ đông Alaska 250 lít BCD-3068N",1
17496,"BCD 3568N","Tủ đông Alaska 350 lít BCD-3568N",1
17505,"BCD 4568N","Tủ đông Alaska 450 lít BCD-4568N",1
17519,"BCD 5068N","Tủ đông Alaska 500 lít BCD-5068N",1
17524,"BCD 5568N","Tủ đông Alaska 550 lít BCD-5568N",1
17532,HW-MS650,"Loa thanh soundbar Samsung 3.0 HW-MS650 450W",0
17547,HT-CT290/BM,"Loa thanh soundbar Sony 2.1 HT-CT290/BM 300W",0
17564,HT-RT3,"Dàn âm thanh Sony 5.1 HT-RT3/M 600W",0
17588,"FCA 4600N","Tủ đông Alaska 450 lít FCA-4600N",1
17594,"FCA 3600N","Tủ đông Alaska 350 lít FCA-3600N",1
17600,"FCA 2600N","Tủ đông Alaska 250 lít FCA-2600N",1
17606,"BCD 3068C","Tủ đông Alaska 250 lít BCD-3068C",1
17626,"BCD 3568C","Tủ đông Alaska 350 lít BCD-3568C",1
17646,"BCD 4568C","Tủ đông Alaska 450 lít BCD-4568C",1
17653,"BCD 5068C","Tủ đông Alaska 500 lít BCD-5068C",1
17662,"BCD 5568C","Tủ đông Alaska 550 lít  BCD-5568C",1
17666,"FCA 3600CI","Tủ đông Alaska Inverter 350 lít FCA 3600CI",1
17679,"FCA 4600CI","Tủ đông Alaska Inverter 450 lít FCA-4600CI",1
17688,"BCD 5068CI","Tủ đông Alaska Inverter 500 lít BCD-5068CI",1
17692,"BCD 5568CI","Tủ đông Alaska Inverter 550 lít  BCD-5568CI",1
17697,"BD 150","Tủ đông Alaska 150 lít BD-150",1
17706,"BD 200","Tủ đông Alaska 200 lít  BD-200",0
17713,"BD 300","Tủ đông Alaska 300 lít BD-300",1
17722,"BD 400","Tủ đông Alaska 400 lít BD-400",1
17731,MR-CX46EN-GBR-V,"Tủ Lạnh Inveter Mitsubishi 358 Lít MR-CGX46EN-GBR-V",1
17743,"HB 500N","Tủ đông Alaska 500 lít HB-500N",1
17750,"HB 550N","Tủ đông Alaska 550 lít HB-550N",1
17760,"HB 650N","Tủ đông Alaska 650 lít HB-650N",1
17768,"HB 890","Tủ đông Alaska 890 lít HB-890",1
17774,"HB 950","Tủ đông Alaska 950 lít HB-950",0
17782,"HB 1200C","Tủ đông Alaska 1200 lít HB-1200C",1
17791,"HB 1400","Tủ đông Alaska 1400 lít HB-1400",0
17795,"IF 21","Tủ đông Alaska 210 lít IF-21",1
17808,"IF 25","Tủ đông Alaska 250 lít IF-25",1
17813,"BD 200C","Tủ đông Alaska 200 lít BD-200C",0
17819,"BD 300C","Tủ đông Alaska 300 lít BD-300C",1
17827,"BD 400C","Tủ đông Alaska 400 lít BD-400C",1
17834,"BD 400CI","Tủ đông Alaska Inveretr 400 lít BD-400CI",1
17838,"HB 550C","Tủ đông Alaska 550 lít HB-550C",1
17847,"HB 650C","Tủ đông Alaska 650 lít HB-650C",1
17855,"HB 890C","Tủ đông Alaska 890 lít HB 890C",1
17863,"HB 950C","Tủ đông Alaska 950 lít HB-950C",0
17867,"HB 1100C","Tủ đông Alaska 1100 lít HB-1100C",1
17872,"HB 1400C","Tủ đông Alaska 1400 lít BD-1400C",0
17877,"HB 1500C","Tủ đông Alaska 1500 lít HB-1500C",1
17881,"FCA 2600C","Tủ đông Alaska 250 lít  FCA-2600C",1
17889,"FCA 3600C","Tủ đông Alaska 350 lít  FCA-3600C",1
17895,"FCA 4600C","Tủ đông Alaska 450 lít  FCA-4600C",1
17903,"SD 401YC","Tủ đông Alaska 400 lít SD-401YC",0
17908,"SD 401Y","Tủ đông Alaska 400 lít SD-401Y",1
17912,"SD 500Y","Tủ đông Alaska 500 lít SD-500Y",1
17918,"SD 501Y","Tủ đông Alaska 500 lít SD-501Y",0
17925,"SD 601B","Tủ đông Alaska 600 lít SD-601B",0
17934,"LC 833CF","Tủ mát Alaska 500 lít LC-833CF",1
17939,"SFC 500","Tủ mát Alaska 500 lít SFC-500",1
17943,IFC-45G,"Tủ mát Alaska 400 lít IFC-45G",1
17947,IFC-100G2,"Tủ Đông Alaska 800 lít IFC-100G2",1
17951,"SD 4SC","Tủ đông Alaska 400 lít SD-4SC",1
17973,SD-7W,"Tủ đông Alaska 700 lít SD-7W",1
17977,"SDC 700Y","Tủ đông Alaska 700 lít SDC-700Y",0
17981,"SC 950Y","Tủ đông Alaska 950 lít SC-950Y",1
17985,"LC 533HI","Tủ mát Alaska Inverter 350 lít LC-533HI",1
17989,"LC 633HI","Tủ mát Alaska inverter 400 lít LC-633HI",1
17993,"LC 733HI","Tủ mát Alaska Inverter 450 lít LC-733HI",1
18001,"LC 450B","Tủ mát Alaska 450 lít LC-450B",0
18009,"LC 50","Tủ mát Alaska 50 lít LC-50",1
18018,"LC 120","Tủ mát Alaska 120 lít LC-120",1
18022,"LC 333H","Tủ mát Alaska 250 lít LC-333H",1
18030,"LC 433H","Tủ mát Alaska 300 lít LC-433H",1
18038,"LC 533H","Tủ mát Alaska 350 lít LC-533H",1
18046,"LC 633H","Tủ mát Alaska 400 lít LC-633H / LC-345",1
18052,"LC 743H","Tủ mát Alaska 450 lít LC-743H",1
18060,"LC 833C","Tủ mát Alaska 500 lít LC-833C",1
18065,"LC 933C","Tủ mát Alaska 550 lít LC-933C",1
18074,32GS550V,"Smart Tivi Android 9.0 Panasonic 32 inch TH-32GS550",0
18080,40GS550,"Smart Tivi Panasonic 40 inch TH-40GS550",0
18087,43GX650,"Smart Tivi Panasonic 4K 43 inch 43GX650",0
18097,55GX650,"Smart Tivi Panasonic 4K 55 inch TH-55GX650",0
18114,ESF5206LOX,"Máy rửa bát Electrolux ESF5206LOX",1
18118,"LC 643DB","Tủ mát Alaska 350 lít LC-643DB",1
18127,"LC 743DB","Tủ mát Alaska 450 lít LC-743DB",1
18137,SL8CS,"Tủ mát Alaska 800 lít SL-8CS",1
18144,SL12CS,"Tủ mát Alaska 1200 lít SL-12CS",1
18152,"SL 8C","Tủ mát Alaska 800 lít SL-8C",1
18160,SL-12C,"Tủ mát Alaska 1200 lít SL-12C",1
18168,SL8CI,"Tủ mát Alaska Inverter 800 lít SL-8CI",1
18173,"SL 12CI","Tủ mát Alaska Inverter 1200 lít SL-12CI",1
18178,"SL 14C3I","Tủ mát Alaska Inverter 1400 lít SL-14C3I",1
18182,SL14C3,"Tủ mát Alaska 1400 lít SL-14C3",1
18183,FV1450H2B,"Máy giặt sấy LG Inverter 10.5 kg FV1450H2B",0
18195,BDV-E4100,"Dàn âm thanh Sony 5.1 BDV-E4100 1000W",0
18222,BDV-E6100,"Dàn âm thanh Sony 5.1 BDV-E6100 1000W",0
18248,HT-S350,"Loa thanh soundbar Sony 2.1 HT-S350 320W",0
18273,HT-RT40,"Dàn âm thanh Sony 5.1 HT-RT40 600W",0
18301,"SL 16C3","Tủ mát Alaska 1600 lít SL-16C3",1
18307,"SL 24C4","Tủ mát Alaska 2400 lít SL-24C4",1
18311,"JC 18A","Tủ mát ướp rượu ALASKA JC-18A",1
18317,"JC 18D","Tủ mát ướp rượu ALASKA JC-18D",0
18328,"15 TI","Bình nước nóng Rossi 15 lít 15 TI",1
18333,"20 TI","Bình nước nóng Rossi 20 lít 20 TI",1
18337,"30 TI","Bình nước nóng Rossi 30 lít 30 TI",1
18340,"15 DI","Bình nước nóng Rossi DI 15L",1
18344,"20 DI","Bình nước nóng Rossi DI 20L",1
18347,"JC 28S","Tủ rượu mát ALASKA JC-28S",1
18354,"JC 18T","Tủ rượu mát ALASKA JC-18TB",1
18361,"JC 48","Tủ rượu mát ALASKA JC-48",1
18367,"JC 100","Tủ rượu mát ALASKA JC-100",1
18373,R10,"Cây Nước Nóng Lạnh Alaska R-10",1
18383,R-27,"Cây Nước Nóng Lạnh Alaska R-27",1
18387,R-28,"Cây Nước Nóng Lạnh Alaska R-28",1
18393,R-38,"Cây Nước Nóng Lạnh Alaska R-38",1
18398,R48,"Cây Nước Nóng Lạnh Alaska R- 48",1
18406,R29,"Cây Nước Nóng Lạnh Alaska R- 29",1
18422,R36,"Cây Nước Nóng Lạnh Alaska R- 36",1
18429,R-50,"Cây Nước Nóng Lạnh Alaska R-50",1
18436,R72,"Cây Nước Nóng Lạnh Alaska R-72",1
18443,R-80,"Cây Nước Nóng Lạnh Alaska R-80",0
18450,R-81,"Cây Nước Nóng Lạnh Alaska R-81",1
18458,R-82,"Cây Nước Nóng Lạnh Alaska R-82",1
18462,R84,"Cây Nước Nóng Lạnh Alaska R-84",1
18466,R-86,"Cây Nước Nóng Lạnh Alaska R-86",1
18472,R-87,"Cây Nước Nóng Lạnh Alaska R-87",1
18478,R-88,"Cây Nước Nóng Lạnh Alaska R-88",1
18482,R-89,"Cây Nước Nóng Lạnh Alaska R-89",1
18486,R-90,"Cây Nước Nóng Lạnh Alaska R-90",1
18493,R-95,"Cây Nước Nóng Lạnh Alaska R-95",1
18501,R-71,"Cây Nước Nóng Lạnh Alaska R-71",1
18505,R7H1,"Cây Nước Nóng Lạnh Alaska R-7H1",1
18510,RL-99,"Cây Nước Nóng Lạnh Alaska RL-99",1
18515,HC-250,"Cây Nước Nóng Lạnh Alaska HC-250",1
18520,"HC 450H","Cây Nước Nóng Lạnh Alaska HC-450H",1
18528,"R 10C","Cây Nước Nóng Lạnh Alaska R-10C",1
18535,R-29C,"Cây Nước Nóng Lạnh Alaska R-29",1
18540,R-36C,"Cây Nước Nóng Lạnh Alaska R-36C",1
18549,R-38C,"Cây Nước Nóng Lạnh Alaska R-38C",1
18553,R48C,"Cây Nước Nóng Lạnh Alaska R-48C",1
18562,R-50C,"Cây Nước Nóng Lạnh Alaska R-50C",1
18568,R-87C,"Cây Nước Nóng Lạnh Alaska R-87C",1
18578,R-89C,"Cây Nước Nóng Lạnh Alaska R-89C",1
18582,R-95C,"Cây Nước Nóng Lạnh Alaska R-95C",1
18589,R-72C,"Cây Nước Nóng Lạnh Alaska R-72C",1
18595,R-80C,"Cây Nước Nóng Lạnh Alaska R-80C",1
18604,R-81C,"Cây Nước Nóng Lạnh Alaska R-81C",1
18618,R85,"Cây Nước Nóng Lạnh Alaska R-85",1
18624,R90C,"Cây Nước Nóng Lạnh Alaska R-90C",1
18631,"KW 25C","Lò nướng Alaska KW-25C 25 lít",1
18637,"KW 30","Lò nướng Alaska KW-30 30 lít",1
18642,"KW 30C","Lò nướng Alaska KW-30C 30 lít",1
18650,"KW 35","Lò nướng Alaska KW-35 35 lít",1
18657,"KW 35C","Lò nướng Alaska KW-35C 35 lít",1
18661,"KW 35H","Lò nướng Alaska KW-35H 35 lít",1
18669,"KW 50C","Lò nướng Alaska KW-50C 50 lít",1
18673,"KW 70C","Lò nướng Alaska KW-70C 70 lít",1
18677,"KW 90C","Lò nướng Alaska KW-90C 90 lít",1
18686,50A8,"Android Tivi TCL 50 inch 4K 50A8",0
18748,GN-B422WB,"Tủ lạnh LG Inverter 393 lít GN-B422WB",0
18772,43UM7100PTA,"Smart Tivi LG 43 inch 4K UHD 43UM7100PTA",0
18775,49UM7100,"Smart Tivi LG 49 inch 4K UHD 49UM7100PTA",0
18778,65UM7400PTA,"Smart Tivi LG 4K 65 inch 65UM7400PTA",0
18803,65UM7600,"Smart Tivi LG 4K 65 inch 65UM7600PTA",0
18892,L43P8,"Smart Tivi TCL 43 Inch 4K L43P8",0
18899,50SA5500X,"Smart Tivi Sharp 50 inch LC-50SA5500X",0
18929,50LE580X,"Android Tivi Sharp 50 inch Full HD LC-50LE580X-BK",0
18932,50UA440X,"Tivi Sharp 50 inch LC-50UA440X",0
18954,,"Tủ lạnh Hitachi  450 lít Inverter R-FG560PGV7 GBK (Đen)",0
18961,"H230PGV7 BSL","Tủ lạnh Hitachi H230PGV7(BSL) - 230L Inverter",0
18965,"H310PGV7 BBK","Tủ lạnh Hitachi Inverter 260 lít R-H310PGV7 BBK",0
18968,"FG560PGV8 GBK","Tủ lạnh Hitachi 450L R-FG560PGV8 GBK",1
18971,"SG38PGV9X GBW","Tủ lạnh Hitachi 375L SG38PGV9X GBW",0
18980,WD95K5410OX/SV,"Máy giặt sấy Samsung AddWash Inverter 9.5 kg WD95K5410OX/SV",0
19002,EDC804CEWA,"Máy sấy ngưng tụ Electrolux 8Kg EDC804CEWA",0
19005,EWW8025DGWA,"Máy giặt sấy Electrolux 8 Kg EWW8025DGWA",0
19008,EDC704GEWA,"Máy sấy ngưng tụ Electrolux 7Kg EDC704GEWA",0
19012,KD-77A9G,"Tivi OLED Sony 77 Inch KD-77A9G",0
19025,3LWED4815FW,"Máy Sấy Whirlpool 15 Kg 3LWED4815FW",1
19050,49KE8100,"Tivi Vsmart 49 inch 49KE8100",1
19061,50KD6800,"Tivi Vsmart 50 Inch 50KD6800",1
19072,55KD6800,"Tivi Vsmart 55 Inch 55KD6800",0
19083,55KE8500,"Tivi Vsmart 55 Inch 55KE8500",0
19097,43KD6600,"Vsmart TV 43KD6600",0
19120,75A8,"Android Tivi TCL 4K 75 inch 75A8",0
19135,86UM7500PTA,"Smart Tivi LG 4K 86 Inch 86UM7500PTA (86UM7500)",0
19143,65SM8600PTA,"Smart Tivi LG 4K 65 inch 65SM8600PTA Mẫu 2019",0
19180,NR-CY550HKVN,"Tủ lạnh Panasonic Inverter 494 lít NR-CY550HKVN Xám đen",0
19230,HT-X8500,"Dàn âm thanh Soundbar Sony HT-X8500",0
19249,NA-V10FX1LVT,"Máy giặt Panasonic 10 Kg Inverter NA-V10FX1LVT",0
19273,NA-V10FG1WVT,"Máy giặt Panasonic 10 Kg Inverter NA-V10FG1WVT",0
19315,NA-FD10AR1GV,"Máy giặt Panasonic 10.5 kg NA-FD10AR1GV",1
19319,NA-FD10XR1LV,"Máy giặt Panasonic 10.5 kg NA-FD10XR1LV",0
19323,NA-FD10VR1BV,"Máy giặt Panasonic 10.5 Kg Inverter NA-FD10VR1BV",0
19344,NA-FD11AR1GV,"Máy giặt Panasonic 11.5 kg NA-FD11AR1GV",0
19348,NA-FD11XR1LV,"Máy giặt Panasonic 11.5 Kg Inverter NA-FD11XR1LV",0
19369,NA-FD11VR1BV,"Máy giặt Panasonic 11.5 Kg Inverter NA-FD11VR1BV",0
19396,NA-FD12XR1LV,"Máy giặt Panasonic 12.5 Kg Inverter NA-FD12XR1LV",0
19417,NA-FD12VR1BV,"Máy giặt Panasonic 12.5 Kg Inverter NA-FD12VR1BV",0
19440,NA-V90FG1WVT,"Máy giặt Panasonic Inverter 9 Kg NA-V90FG1WVT",0
19460,"FM800XAGGV9X GBZ","Tủ lạnh Hitachi 569 lít Inverter R-FM800XAGGV9X GBZ",0
19467,MSMA-09CR,"Điều hòa 1 chiều Midea MSMA-09CR 9000 BTU",1
19475,MSMA1-09CR,"Điều hòa 1 chiều Midea MSMA1-09CR 9000 BTU",1
19481,MSMA1-09HR,"Điều hòa 2 chiều Midea MSMA1-09RH 9000 BTU",1
19491,MSMA-10HRN1,"Điều hòa 2 chiều Midea MSMA-10HRN1 10.000BTU",1
19497,MSMA1-10HRN1,"Điều hòa 2 chiều Midea MSMA1-10HRN1 9.000 BTU",1
19505,MSMA-12CR,"Điều hòa 1 chiều Midea MSMA-12CR 12.000 BTU",1
19517,MSMA1-12CR,"Điều hòa 1 chiều Midea MSMA1-12CR 12.000 BTU",1
19525,MSMA-13HRN1,"Điều hòa 2 chiều Midea MSMA-13HRN1 12.000BTU",1
19538,MS11D1A-12CR,"Điều hòa 1 chiều Midea MS11D1A-12CR 12000BTU",1
19543,V10ENW,"Điều Hòa LG 1 Chiều 9000BTU Inverter V10ENW",0
19561,V24ENF,"Điều hòa LG Inverter 2.5 HP V24ENF",1
19591,MSMA1-13CRN1,"Điều hòa 1 chiều Midea MSMA1-13CRN1 12.000 BTU",1
19601,MSMA1-18HRN1,"Điều hòa 2 chiều Midea MSMA1-18HRN1 18.000 BTU",1
19611,MSMA-18CRN1,"Điều hòa 1 chiều Midea MSMA-18CRN1 18.000 BTU",1
19615,EC-09TL22,"Điều hòa 1 chiều Casper 9.000 BTU EC-09TL22",0
19622,IC-09TL22,"Điều hòa Casper 1 chiều Inverter IC-09TL22 9000BTU",1
19637,GH-09TL22,"Điều hòa Casper 2 chiều Inverter GH-09TL22 9000Btu",0
19648,IC-12TL22,"Điều hòa 1 chiều Inverter Casper IC-12TL22 12000BTU",0
19652,GC-12TL22,"Điều hòa 1 chiều Inverter Casper GC-12TL22 12000BTU",1
19661,EC-18TL22,"Điều hòa 1 chiều Casper EC-18TL22 18.000 BTU",0
19666,IC-18TL22,"Điều hòa 1 chiều Casper IC-18TL22 18.000 BTU",1
19671,GC-18TL22,"Điều hòa 1 chiều Inverter Casper GC-18TL22 18.000 BTU",0
19679,FTC50NV1V,"Máy lạnh Daikin 2.0 HP FTC50NV1V",1
19716,HF50RVMV,"Máy lạnh 2 chiều Daikin Inverter 2.0 HP FTHF50RVMV",1
19755,PU9VKH,"Điều hòa 1 chiều Panasonic Inverter CU/CS-PU9VKH-8 9.000BTU",0
19764,N18VKH,"Điều hòa 1 chiều Panasonic CUCS-N18VKH 18.000BTU",1
19772,PU18VKH,"Điều hòa 1 chiều Panasonic Inverter PU18VKH-8 18.000BTU",1
19781,ESV12CRR-C2,"Máy lạnh Electrolux Inverter 1.5 HP ESV12CRR-C2",0
19806,NIS-C09R2T01,"Máy lạnh Nagakawa Inverter NIS-C09R2T01 9000 BTU",1
19811,NIS-C12R2T01,"Điều Hòa Nagakawa Inverter NIS-C12R2T01 12000 BTU",1
19815,NIS-C18R2T01,"Điều Hòa Nagakawa Inverter NIS-C18R2T01 18000 BTU",1
19823,NIS-C24R2T01,"Điều Hòa Nagakawa Inverter NIS-C24R2T01 24000 BTU",1
19831,NIS-A09R2T01,"Điều Hòa 2 Chiều Nagakawa Inverter NIS-A09R2T01 9000 BTU",1
19840,NIS-A12R2T01,"Điều Hòa 2 Chiều Nagakawa Inverter NIS-A12R2T01 12000 BTU",1
19849,NIS-A18R2T01,"Điều Hòa 2 Chiều Nagakawa Inverter NIS-A18R2T01 18000 BTU",0
19858,NIS-A24R2T01,"Điều Hòa 2 Chiều Nagakawa Inverter NIS-A24R2T01 24000 BTU",1
19867,NS-C09R1M05,"Điều Hòa 1 Chiều Nagakawa NS-C09R1M05 9000 BTU",1
19875,NS-C12R1M05,"Điều Hòa 1 Chiều Nagakawa NS-C12R1M05 12000 BTU",0
19883,NS-C18R1M05,"Điều Hòa 1 Chiều Nagakawa  18000 BTU",1
19891,NS-C24R1M05,"Điều Hòa 1 Chiều Nagakawa NS-C24R1M05 24000 BTU",1
19899,NS-A09R1M05,"Điều Hòa 2 Chiều Nagakawa NS-A09R1M05 9000 BTU",0
19916,NS-A12R1M05,"Điều Hòa 2 Chiều Nagakawa NS-A12R1M05 12000 BTU",1
19926,NS-A18R1M05,"Điều Hòa 2 Chiều Nagakawa NS-A18R1M05 18000 BTU",1
19935,NS-A24R1M05,"Điều Hòa 2 Chiều Nagakawa NS-A24R1M05 24000 BTU",1
19944,SC09MMC,"Điều Hòa Funiki 1 Chiều SC09MMC 9.000BTU",1
19945,L65C8,"Android Tivi TCL 4K 65 inch L65C8",0
19967,HSC09MMC,"Điều Hòa Funiki 1 Chiều HSC09MMC 9.000BTU",1
19977,SH09MMC,"Điều Hòa Funiki 2 Chiều SH09MMC 9.000BTU",1
19990,SC12MMC,"Điều Hòa Funiki 1 Chiều SC12MMC 12.000BTU",1
20000,HSC12MMC,"Điều Hòa Funiki 1 Chiều HSC12MMC 12.000BTU",0
20012,SH12MMC,"Điều Hòa Funiki 2 Chiều SH12MMC 12.000BTU",1
20032,AH-X9XEW,"Máy lạnh Sharp Inverter 1 HP AH-X9XEW",1
20052,AH-X12XEW,"Máy lạnh Sharp Inverter 1.5 HP AH-X12XEW",1
20062,AH-X18XEW,"Máy lạnh Sharp Inverter 2 HP AH-X18XEW",1
20072,AH-XP10WMW,"Máy lạnh Sharp Inverter 1 HP AH-XP10WMW",0
20091,AH-XP13WMW,"Máy lạnh Sharp Inverter 1.5 HP AH-XP13WMW",1
20110,AH-XP18WMW,"Máy lạnh Sharp Inverter 2 HP AH-XP18WMW",1
20129,AH-XP10WHW,"Máy lạnh Sharp Wifi Inverter 1 HP AH-XP10WHW",1
20151,AH-XP13WHW,"Máy lạnh Sharp Inverter 1.5 HP AH-XP13WHW",1
20166,MS-HP25VF,"Điều hòa 1 chiều Mitsubishi MS-HP25VF 9.000BTU",1
20181,MS-HP35VF,"Điều hòa 1 chiều Mitsubishi MS-HP35VF 12.000BTU",1
20183,MS-HP50VF,"Điều hòa 1 chiều Mitsubishi MS-HP50VF 18.000BTU",1
20196,MS-HP60VF,"Điều hòa 1 chiều Mitsubishi MS-HP60VF 24.000BTU",1
20208,MSY-JP25VF,"Điều hòa 1 chiều Inverter Mitsubishi MSY-JP25VF 9.000BTU",0
20219,MSY-JP35VF,"Điều hòa 1 chiều Inverter Mitsubishi MSY-JP35VF 12.000BTU",0
20230,MSY-JP50VF,"Điều hòa 1 chiều Inverter Mitsubishi MSY-JP50VF 18.000BTU",1
20241,MSY-JP60VF,"Điều hòa 1 chiều Inverter Mitsubishi MSY-JP60VF 24.000BTU",1
20252,MSY-GH10VA,"Máy lạnh Mitsubishi Electric Inverter 1 HP MSY-GH10VA",1
20271,MSZ-HL25VA,"Điều hòa 2 chiều Mitsubishi Electric Inverter MSZ-HL25VA",0
20299,MSZ-HL35VA,"Điều hòa Mitsubishi Electric Inverter 1.5 HP MSZ-HL35VA",1
20320,MSZ-HL50VA,"Điều hòa Mitsubishi Electric Inverter 2 HP MSZ-HL50VA",0
20341,MSAFB-10CRN8,"Điều Hòa 1 chiều Midea MSAFB-10CRN8 9000btu",0
20352,MSAFB-13CRN8,"Điều Hòa 1 chiều Midea MSAFB-13CRN8 12000BTU",0
20369,MSAB1–24CRN1,"Điều hòa 1 chiều Midea MSAB1-24CRN1 24.000BTU",1
20370,55C9PTA,"Smart Tivi OLED LG 4K 55 inch 55C9PTA",0
20397,55E9PTA,"Smart Tivi OLED LG 4K 55 inch 55E9PTA",0
20428,EDV705HQWA,"Máy sấy Electrolux 7 Kg EDV705HQWA",0
20452,SF-S95XC,"Máy giặt Hitachi 9.5 Kg SF-S95XC",0
20453,FS16V7SRV,"Máy giặt Panasonic Inverter 16 Kg NA-FS16V7SRV",0
20488,MSAFB-18CRN8,"Điều Hòa 1 chiều Midea MSAFB-18CRN8 18000BTU",1
20513,MSMA1-13HRN1,"Điều Hòa 2 chiều Midea MSMA1-13HRN1 12000BTU",0
20515,NA-F100A4HRV,"Máy giặt Panasonic 10 kg NA-F100A4HRV",0
20548,MSAB1–24HRN1,"Điều hòa 2 chiều Midea MSAB1-24HRN1 24.000BTU",1
20560,GWC09IB-K3N9B2I,"Máy lạnh Gree 1 HP GWC09IB-K3N9B2I",0
20577,GWC12IC-K3N9B2J,"Máy lạnh Gree 1.5 HP GWC12IC-K3N9B2J",0
20596,GWC18IC-K3N9B2J,"Máy lạnh Gree 2 HP GWC18ID-K3N9B2G",0
20617,GWC24IE-E3N9B2A,"Điều hòa 1 chiều Gree GWC24IE-E3N9B2A",0
20633,GWH09IB-K3N9B2I,"Điều hòa 2 chiều Gree GWH09IB-K3N9B2I 9000 BTU",0
20673,GWH12IC-K3N9B2J,"Điều hòa 2 chiều Gree GWH12IC-K3N9B2J 12000 BTU",0
20687,GWH18ID-K3N9B2J,"Điều hòa 2 chiều Gree GWH18ID-K3N9B2J - 18.000BTU",1
20698,GWC12WA-K3D9B7I,"Máy lạnh Gree Inverter 1.5 HP GWC12WA-K3D9B7I",0
20699,GWH24IE-K3N9B2D,"Điều hòa 2 chiều Gree GWH24IE-K3N9B2D - 24.000BTU",0
20725,GWC09WA-K3D9B7I,"Máy lạnh Gree Inverter 1 HP GWC09WA-K3D9B7I",0
20744,GWC18WC-K3D9B7N,"Máy lạnh Gree Inverter 2 HP GWC18WC-K3D9B7N",0
20762,GWH09WA-K3D9B7L,"Máy điều hòa 2 chiều Gree Inverter 1 HP GWH09WA-K3D9B7L",0
20782,GWH12WA-K3D9B7I,"Máy điều hòa 2 chiều Gree Inverter 1.5 HP GWH12WA-K3D9B7I",0
20803,GN-D315PS,"Tủ lạnh LG Inverter 315 lít GN-D315PS",0
20804,CY550GKVN,"Tủ lạnh Panasonic Inverter 446 lít NR-CY550GKVN",0
20859,BX468VSVN,"Tủ lạnh Panasonic Inverter 405 lít NR-BX468VSVN",0
20879,GN-D315S,"Tủ lạnh LG Inverter 315 lít GN-D315S",0
20945,"G620GV XK","Tủ lạnh Hitachi 657 lít R-G620GV XK",0
20962,FWB545PGV2,"Tủ lạnh 3 cánh Hitachi R-FWB545PGV2 (GBK), 455 Lít",0
20983,GWH18WC-K3D9B7N,"Máy điều hòa 2 chiều Gree Inverter 2 HP GWH18WC-K3D9B7N",0
21002,FJW09C-MA-IU/FJL09C-MA-OU,"Điều hòa 1 chiều Fujiaire FJW09C-9M-IU/ FJL09C-9M-OU 9000BTU",1
21009,FJW12C-MA-IU/FJL12C-MA-OU,"Điều hòa 1 chiều Fujiaire FFJW12C-MA-IU/FJL12C-MA-OU 12000BTU",1
21013,FJW18C-MA-IU/FJL18C-MA-OU,"Điều hòa 1 chiều Fujiaire FFJW18C-MA-IU/FJL18C-MA-OU 18000BTU",1
21017,FJW24C-MA-IU/FJL24C-MA-OU,"Điều hòa 1 chiều Fujiaire FFJW24C-MA-IU/FJL24C-MA-OU 24000BTU",1
21021,FJW09H-9M-IU-FJL09H-9M-OU,"Điều hòa 2 chiều Fujiaire FJW09H-MA-IU/FJL09H-MA-OU 9000BTU",1
21025,FJW12H-MA-IU/FJL12H-MA-OU,"Điều hòa 2 chiều Fujiaire FJW12H-MA-IU/FJL12H-MA-OU 12000BTU",1
21029,FJW18H-MA-IU/FJL18H-MA-OU,"Điều hòa 2 chiều Fujiaire FJW18H-MA-IU/FJL18H-MA-OU 18000BTU",1
21037,FJW24H-MA-IU/FJL24H-MA-OU,"Điều hòa 2 chiều Fujiaire FJW24H-MA-IU/FJL24H-MA-OU 24000BTU",1
21042,FJW09V-MB-IU/FJL09V-MB-OU,"Điều hòa 1 chiều Inverter Fujiaire FJW09V-MB-IU/FJL09V-MB-OU 9000BTU",1
21046,FJW12V-MB-IU/FJL12V-MB-OU,"Điều hòa 1 chiều Inverter Fujiaire FJW12V-MB-IU/FJL12V-MB-OU 12000BTU",1
21056,MR-CX35EM-BRW-V,"Tủ Lạnh Mitsubishi MR-CX35EM-BRW-V 272 lít",1
21057,MR-FX43EN-GSL-V,"Tủ lạnh Mitsubishi Electric MR-FX43EN-GSL - 344 Lít Inverter",0
21090,75UM6970PTA,"Smart Tivi LG 75 inch 4K 75UM6970PTA",1
21101,MR-V50EH-BRW-V,"Tủ lạnh Mitsubishi Electric Inverter 414 lít MR-V50EH-BRW",0
21102,86UT640S,"Smart Tivi LG 86 Inch 86UT640S",0
21107,75SM9900PTA,"Smart Tivi LG 8K 75 inch 75SM9900PTA",0
21108,MR-CX41EJ-BRW-V,"Tủ lạnh Mitsubishi Electric Inverter 326 lít MR-CX41EJ-BRW-V",0
21171,MR-CX41EJ-PS-V,"Tủ lạnh Mitsubishi Electric 326 lít MR-CX41EJ-PS-V",0
21198,FJW18V-MB-IU/FJL18V-MB-OU,"Điều hòa 1 chiều Inverter Fujiaire FJW18V-MB-IU/FJL18V-MB-OU 18000BTU",1
21202,FJW24V-MB-IU/FJL24V-MB-OU,"Điều hòa 1 chiều Inverter Fujiaire FJW24V-MB-IU/FJL24V-MB-OU 24000BTU",1
21210,70UM7300PTA,"Smart Tivi LG 4K 70 inch 70UM7300PTA",0
21239,55B9PTA,"Smart Tivi OLED LG 4K 55 inch 55B9PTA",0
21265,43UJ750T,"Smart Tivi LG 4K 43 inch 43UJ750T",0
21285,43UM7600PTA,"Smart Tivi LG 4K 43 inch 43UM7600PTA",0
21312,43LM6300PTB,"Tivi Led LG 43 Inch 43LM6300PTB",0
21322,MR-WX70C-BR-V,"Tủ lạnh 6 cánh Mitsubishi Electric MR-WX70C-BR-V - 694 Lít",1
21323,MR-CX46EJ-PS-V,"Tủ lạnh Mitsubishi Electric MR-CX46EJ-PS-V 358 lít Inverter",0
21346,MR-WX70C-F-V,"Tủ lạnh 6 cánh Mitsubishi Electric MR-WX70C-F-V - 694 Lít",1
21363,MR-CGX46EN-GBK-V,"Tủ Lạnh Inveter Mitsubishi MR-CGX46EN-GBK-V 358 Lít",1
21365,MR-WX52D-BR-V,"Tủ lạnh 6 cánh Mitsubishi Electric MR-WX52D-BR-V - 506 Lít",1
21394,MR-WX52D-F-V,"Tủ lạnh 6 cánh Mitsubishi Electric MR-WX52D-F-V - 506 Lít",1
21405,MR-CGX41EN-GBK-V,"Tủ Lạnh Inveter Mitsubishi MR-CGX41EN-GBK-V - 326L",1
21416,MR-L78EN-GBK-V,"Tủ lạnh 4 cánh Mitsubishi MR-L78EN-GBK Inverter - 635 lít",0
21426,MR-CGX41EN-GBR-V,"Tủ Lạnh Inveter Mitsubishi MR-CGX41EN-GBR-V - 326L",1
21437,MR-L72EN-GBK-V,"Tủ lạnh 4 cánh Mitsubishi MR-L72EN-GBK Inverter - 580 lít",0
21450,MR-L78EN-GSL-V,"Tủ lạnh 4 cánh Mitsubishi MR-L78EN-GSL Inverter - 635 lít",0
21452,MR-L72EN-GSL-V,"Tủ lạnh Mitsubishi Electric 580 lít MR-L72EN-GSL-V",0
21488,ASAG09LLTB,"Điều hòa 2 chiều Inverter Fujitsu ASAG09LLTB-V 9000BTU",1
21492,ASYG12LLTA,"Điều hòa 2 chiều Inverter Fujitsu ASYG12LLTA 12000BTU",1
21497,ASYA18LEC,"Điều hòa 2 chiều Inverter Fujitsu ASYA18LEC 18000BTU",1
21501,ASYA24LFC,"Điều hòa 2 chiều Inverter Fujitsu ASYA24LEC 24000BTU",1
21511,TD.VH1199HY3,"Tủ Đông SANAKY Inverter 900 Lít VH 1199HY3",1
21520,"HCF 106S1Đ1 / HPF AD6107","Tủ đông Hòa Phát 100 lít dàn đồng HCF 106S1Đ1 / HPF AD6107 (107L)",1
21523,TD.VH568HY2,"Tủ đông Sanaky 410 lít VH-568HY2",0
21534,TD.VH668HY2,"Tủ đông Sanaky  530 lít VH 668HY2",0
21541,TD.VH868HY2,"Tủ đông Sanaky  850 lít VH868HY2",0
21548,TD.VH1168HY2,"Tủ đông Sanaky 1100 lít VH-1168HY2",0
21555,TD.VH1368HY2,"Tủ đông Sanaky 1300 lít VH-1368HY2",0
21559,TD.VH225W2,"Tủ đông Sanaky 165 lít VH-225W2",0
21567,TD.VH255W2,"Tủ đông Sanaky 250 lít VH-255W2",0
21575,TD.VH285W2,"Tủ đông Sanaky 285 lít VH-285W2",0
21585,TD.VH365W2,"Tủ đông Sanaky 360 lít VH-365W2",0
21594,TD.VH405W2,"Tủ đông Sanaky 280 lít VH-405W2",0
21601,TD.VH568W2,"Tủ đông Sanaky 560 lít VH-568W2",0
21610,TD.VH668W2,"Tủ đông Sanaky 660 lít VH-668W2",0
21619,TD.VH1599HY,"Tủ đông Sanaky 100 lít VH-1599HY",1
21626,TD.VH1599HYK,"Tủ đông Sanaky 100 lít VH-1599HYK",1
21630,TD.VH1599HYKD,"Tủ đông Sanaky 100 lít VH-1599HYKD",1
21638,TD.VH2299A1,"Tủ đông Sanaky 180 lít VH-2299A1",1
21649,TD.VH2599A1,"Tủ đông Sanaky 210 lít VH-2599A1",1
21653,TD.VH2599A2K,"Tủ đông Sanaky 210 lít VH-2599A2K",0
21657,TD.VH2599A2KD,"Tủ đông Sanaky 210 lít VH-2599A2KD",1
21662,TD.VH2899A1,"Tủ đông Sanaky 235 lít VH-2899A1",1
21671,TD.VH2899A2K,"Tủ đông Sanaky 240 lít VH-2899A2K",0
21675,TD.VH2899A2KD,"Tủ đông Sanaky 235 lít VH-2899A2KD",1
21682,TD.VH3699A1,"Tủ đông Sanaky 360 lít VH-3699A1",1
21690,VH3699A2K,"Tủ đông Sanaky 280 lít VH3699A2K",0
21694,TD.VH3699A2KD,"Tủ đông Sanaky 280 lít VH-3699A2KD",1
21700,TD.VH4099A2K,"Tủ đông Sanaky 320 lít VH-4099A2K",0
21704,TD.VH4099A2KD,"Tủ đông Sanaky 320 lít VH-4099A2KD",1
21708,TD.VH6699HY,"Tủ đông Sanaky 670 lít VH-6699HY",0
21715,TD.VH8699HY,"Tủ đông Sanaky 760 lít VH-8699HY",1
21723,TD.VH1199HY,"Tủ đông Sanaky 1100 lít VH-1199HY",1
21733,TD.VH1399HY,"Tủ đông Sanaky 1300 lít VH-1399HY",0
21739,TD.VH2299W1,"Tủ đông Sanaky 220 lít VH-2299W1",1
21743,TD.VH2599W1,"Tủ đông Sanaky 200 lít VH-2599W1",1
21747,TD.VH2599W2K,"Tủ đông Sanaky 200 lít VH-2599W2K ĐỒNG",0
21751,TD.VH2599W2KD,"Tủ đông Sanaky 200 lít VH-2599W2KD",0
21757,TD.VH2899W2K,"Tủ đông Sanaky 230 lít VH-2899W2K",1
21761,TD.VH2899W2KD,"Tủ đông Sanaky 230 lít VH-2899W2KD",1
21769,TD.VH3699W2K,"Tủ đông Sanaky 270 lít VH-3699W2K",0
21773,TD.VH3699W2KD,"Tủ đông Sanaky 270 lít VH-3699W2KD",1
21777,TD.VH4099W1,"Tủ đông Sanaky 400 lít VH-4099W1",1
21786,TD.VH4099W2K,"Tủ đông Sanaky 400 lít VH-4099W2K",0
21787,TD.VH5699W1,"Tủ đông Sanaky 500 lít  VH-5699W1",1
21792,TD.VH4099W2KD,"Tủ đông Sanaky 305 lít VH-4099W2KD",1
21806,TD.VH6699W1,"Tủ đông Sanaky 600 lít VH-6699W1",1
21814,TD.VH768K,"Tủ đông đứng Sanaky 590 lít VH-768K",0
21820,TD.VH1368K,"Tủ đông đứng Sanaky 1320 lít VH-1368K",1
21826,TD.VH182K,"Tủ đông Sanaky 180 lít VH-182K",0
21830,TD.VH282K,"Tủ đông Sanaky 280 lít VH-282K",0
21834,TD.VH382K,"Tủ đông Sanaky 260 lít VH-382K",1
21843,TD.VH482K,"Tủ đông Sanaky 400 lít VH-482K",1
21848,TD.VH682K,"Tủ đông Sanaky 680 lít VH-682K",1
21855,TD.VH888K,"Tủ đông Sanaky 800 lít VH-888K",0
21860,VH999K,"Tủ đông Sanaky 516 lít VH-999K",1
21864,TD.VH302KW,"Tủ đông Sanaky 300 lít VH-302KW",0
21868,TD.VH402KW,"Tủ đông Sanaky 312 lít VH- 402KW",0
21872,TD.VH602KW,"Tủ đông Sanaky 432 lít VH- 602KW",0
21876,TD.VH2899K,"Tủ đông Sanaky 210 lít VH-2899K",0
21880,TD.VH3899K,"Tủ đông Sanaky 300 lít VH-3899K",1
21892,TD.VH4899K,"Tủ đông Sanaky 304 lít VH-4899K",1
21896,TD.VH6899K,"Tủ đông Sanaky 508 lít VH-6899K",1
21900,TM.VH168K,"Tủ mát Sanaky 130 lít VH-168K",0
21908,TM.VH218K,"Tủ mát Sanaky 170 lít VH-218K",0
21917,TM.VH258K,"Tủ mát Sanaky 200 lít VH-258K",0
21925,TM.VH308K,"Tủ mát Sanaky 240 lít VH-308K",0
21934,TM.VH358K,"Tủ mát Sanaky 290 lít VH-358K",0
21943,TM.VH408K,"Tủ mát Sanaky 340 lít VH-408K",0
21951,TM.VH218W,"Tủ mát Sanaky 170 lít VH-218W",0
21959,TM.VH258W,"Tủ mát Sanaky 200 lít VH-258W",1
21968,TM.VH308W,"Tủ mát Sanaky 240 lít  VH-308W",0
21977,TM.VH358W,"Tủ mát Sanaky 290 lít  VH-358W",0
21986,TM.VH408W,"Tủ mát Sanaky 340 lít  VH-408W",0
21993,TM.VH168KL,"Tủ mát Sanaky 160 lít VH-168KL",1
21998,TM.VH218KL,"Tủ mát Sanaky 170 lít  VH-218KL",1
22003,TM.VH258KL,"Tủ mát Sanaky 250 lít VH-258KL",1
22013,TM.VH308KL,"Tủ mát Sanaky 300 lít VH-308KL",1
22017,TM.VH358KL,"Tủ mát Sanaky 350 lít VH-358KL",1
22021,TM.VH408KL,"Tủ mát Sanaky 400 lít VH-408KL",1
22025,VH218WL,"Tủ mát Sanaky 200 lít VH-218WL",1
22029,TM.VH258WL,"Tủ mát Sanaky 250 lít VH-258WL",1
22034,TM.VH308WL,"Tủ mát Sanaky 300 lít VH-308WL",1
22038,TM.VH358WL,"Tủ mát Sanaky 350 lít VH-358WL",1
22042,TM.VH408WL,"Tủ mát Sanaky 400 lít VH-408WL",1
22046,TM.VH359K,"Tủ mát Sanaky 350 lít VH-359K",0
22050,TM.VH6009HP,"Tủ mát Sanaky 600 lít VH-6009HP",1
22058,TM.VH8009HP,"Tủ mát Sanaky 700 lít VH-8009HP",1
22066,TM.VH1009HP,"Tủ mát Sanaky 1000 lít VH-1009HP",1
22074,VH1209HP,"Tủ mát Sanaky 1200 lít VH-1209HP",1
22081,VH1520HP,"Tủ mát Sanaky 1520 lít VH-1520HP",1
22089,VH2209HP,"Tủ mát Sanaky 2000 lít  VH-2209HP",1
22093,TM.VH288K,"Tủ mát Sanaky 218 lít VH-288K",0
22103,VH2599A3,"Tủ đông Sanaky 208 lít VH-2599A3",1
22109,EWF8025BQWA,"Máy giặt Electrolux 8kg EWF8025BQWA",0
22120,"CS V9DF-S","Máy sấy Candy 9 kg CS V9DF-S",1
22136,"CS C8LF-S","Máy sấy Candy 8 Kg CS C8LF-S",0
22152,TD.VH2599A4K,"Tủ đông Sanaky 250 lít VH-2599A4K",1
22156,TD.VH2599A4KD,"Tủ đông Sanaky 250 lít VH-2599A4KD",0
22160,TD.VH2899A3,"Tủ đông Sanaky 280 lít VH-2899A3",1
22172,TD.VH2899A4KD,"Tủ đông Sanaky Inverter 280 lít VH-2899A4KD",0
22182,TD.VH3699A3,"Tủ đông Sanaky Inverter 360 lít VH-3699A3",1
22191,TD.VH3699A4K,"Tủ đông Sanaky Inverter 360 lít VH-3699A4K",1
22195,TD.VH3699A4KD,"Tủ đông Sanaky Inverter 360 lít VH-3699A4KD",1
22199,TD.VH4099A3,"Tủ đông Sanaky Inverter 400 lít VH-4099A3",1
22210,TD.VH4099A4K,"Tủ đông Sanaky Inverter 400 lít VH-4099A4K",1
22216,TD.VH4099A4KD,"Tủ đông Sanaky Inverter 400 lít VH-4099A4KD",0
22220,TD.VH1399HY3,"Tủ đông Sanaky Inverter 1144 lít VH-1399HY3",1
22226,TD.VH5699HY3,"Tủ đông Sanaky Inverter 500 lít VH-5699HY3",1
22233,TD.VH6699HY3,"Tủ đông Sanaky Inverter 660 lít H-6699HY3",1
22240,VH2299W3,"Tủ đông Sanaky Inverter 220 lít VH-2299W3",1
22244,TD.VH2599W3,"Tủ đông Sanaky Inverter 250 lít VH-2599W3",1
22249,TD.VH2599W4K,"Tủ đông Sanaky Inverter 208 lít VH-2599W4K",1
22254,TD.VH2599W4KD,"Tủ đông Sanaky Inverter 250 lít VH-2599W4KD",0
22258,TD.VH2899W3,"Tủ đông Sanaky Inverter 280 lít VH-2899W3",1
22269,TD.VH2899W4K,"Tủ đông Sanaky Inverter 280 lít VH-2899W4K",1
22274,TD.VH2899W4KD,"Tủ đông Sanaky Inverter 280 lít VH-2899W4KD",0
22282,43T6000,"Smart Tivi Samsung 43 inch 43T6000",0
22289,43TU7000,"Smart Tivi Samsung 4K 43 inch 43TU7000",0
22300,43TU8100,"Smart Tivi Samsung 4K 34 inch 43TU8100",0
22329,50TU7000,"Smart Tivi Samsung 4K 50 inch 50TU7000",0
22340,50TU8100,"Smart Tivi Samsung 4K 50 inch 50TU8100",0
22354,50TU8500,"Smart Tivi Samsung 4K 50 inch 50TU8500",0
22368,55TU8100,"Smart Tivi Samsung 4K 55 inch 55TU8100",0
22382,65TU7000,"Smart Tivi Samsung 4K 65 inch 65TU7000",0
22393,65TU8100,"Smart Tivi Samsung 4K 65 inch 65TU8100",0
22417,75Q70TAK,"Smart Tivi QLED Samsung 4K 75 inch QA75Q70TAK",0
22434,65TU8500,"Smart Tivi Samsung 4K 65 inch 65TU8500",0
22448,65Q70TAK,"Smart Tivi QLED Samsung 4K 65 inch QA65Q70TAK",0
22469,75TU7000,"Smart Tivi Samsung 4K 75 inch 75TU7000",0
22480,55TU8500,"Smart Tivi Samsung 4K 55 inch 55TU8500",0
22494,55TU7000,"Smart Tivi Samsung 4K 55 inch 55TU7000",0
22505,43T6500,"Smart Tivi Samsung 43 inch 43T6500",0
22547,55Q65TA,"Smart Tivi QLED Samsung 4K 55 inch 55Q65TA",0
22562,55Q70TA,"Smart Tivi Samsung 4K 55 inch 55Q70TA",0
22580,50Q65TA,"Smart Tivi QLED Samsung 4K 50 inch 50Q65TA",0
22593,CU/CS-N9WKH-8,"Máy lạnh Panasonic 1 HP CU/CS-N9WKH-8",1
22612,CU/CS-N12WKH-8,"Điều hòa Panasonic 1.5 HP CU/CS-N12WKH-8",0
22633,YZ9WKH-8,"Điều hòa Panasonic 2 chiều Inverter 9000BTU CS-YZ9WKH-8",1
22654,PU12WKH,"Điều hòa Panasonic Inverter 1.5 HP CU/CS-PU12WKH-8M",0
22664,PU12UKH8,"Điều hòa Panasonic Inverter 1.5 HP CU/CS-PU12UKH-8",1
22675,PU9WKH,"Điều hòa Panasonic Inverter 1 HP CU/CS-PU9WKH-8M",0
22686,PU24UKH,"Điều hòa Panasonic Inverter 2.5 HP CU/CS-PU24UKH-8",0
22696,N18UKH,"Điều hòa Panasonic 2 HP CU/CS-N18UKH-8",1
22717,N12UKH,"Điều hòa Panasonic 1.5 HP CU/CS-N12UKH-8",1
22728,APS/APO-092/Titan,"Điều hòa Sumikura 1 chiều 9000Btu APS/APO-092Titan-A",1
22733,APS/APO-120/Titan-A,"Điều hòa Sumikura 1 chiều APS/APO-120/Titan-A 12.000BTU",0
22734,APS/APO-180/Titan-A,"Điều hòa Sumikura 1 chiều APS/APO-180/Titan-A 18.000BTU",0
22735,APS/APO-240/Titan-A,"Điều hòa Sumikura 1 chiều APS/APO-240/Titan-A 24000BTU",0
22736,APS/APO-H092/Titan-A,"Điều hòa Sumikura 2 chiều APS/APO-H092/Titan-A 9.000BTU",0
22742,APS/APO-H120/Titan-A,"Điều hòa Sumikura 2 chiều APS/APO-H120/Titan-A 12.000BTU",0
22743,APS/APO-H180/Titan-A,"Điều hòa Sumikura 2 chiều APS/APO-H180/Titan-A 18.000BTU",0
22744,APS/APO-092DC,"Điều hòa Sumikura 1 chiều Inverter APS/APO-092DC 9.000BTU",0
22749,APS/APO-120DC,"Điều hòa Sumikura 1 chiều Inverter APS/APO-120DC 12.000BTU",0
22750,APS/APO-180DC,"Điều Hòa Sumikura 1 chiều Inverter APS/APO-180DC 18.000BTU",0
22751,APS/APO-H092DC,"Điều hòa Sumikura 9000BTU inverter 2 chiều APS/APO-H092DC",0
22755,APS/APO-H120DC,"Điều hòa Sumikura 12000BTU 2 chiều Inverter APS/APO-H120DC",0
22757,APS/APO-H180DC,"Điều hòa Sumikura inverter APS/APO-H180DC 18000BTU 2 chiều",1
22760,HSC18MMC,"Điều hòa 18000BTU Funiki HSC18MMC",0
22762,FTF25UV1V,"Điều Hòa Daikin FTF25UV1V/RF25UV1V 1 Chiều 9000Btu Gas R32",0
22771,FTF35UV1V,"Điều Hòa Daikin FTF35UV1V/RF35UV1V 1 Chiều 12000Btu",0
22772,FTF50UV1V,"Điều Hòa Daikin FTF50UV1V/RF50UV1V 1 Chiều 18000Btu",1
22773,FTF60UV1V,"Điều Hòa Daikin FTF60UV1V/RF60UV1V 1 Chiều 22000Btu",0
22782,LC-09TL32,"Điều hòa Casper 1 HP LC-09TL32",0
22803,SC-09TL22,"Điều hòa Casper 1.0 HP SC-09TL22",0
22809,SC-09TL32,"Điều hòa Casper 1 chiều 9000BTU SC-09TL32",0
22817,LC-12TL32,"Điều hòa Casper LC-12TL32 12000Btu",0
22838,LC-18TL32,"Điều hòa Casper LC-18TL32 18000 Btu",1
22850,IC-09TL32,"Điều hòa Casper 1 chiều Inverter IC-09TL32 9000BTU",0
22860,IC-12TL33,"Điều hòa Casper Inverter 1.5 HP IC-12TL33",0
22866,ESV18CRR-C3,"Điều hòa 1 chiều Inverter Electrolux ESV18CRR-C3 - 18.000BTU",0
22896,"HCF 336S1Đ1 HPF AD6162","Tủ đông Hòa Phát Funiki HCF 336S1Đ1 / HPF AD6162 (162L)",1
22902,"HCF 516S1Đ1 / HPF AD6252","Tủ Đông Hòa Phát HCF 516S1Đ1 / HPF AD6252 (252L)",1
22905,"HCF 666S1Đ2 / HPF AD6352","Tủ đông Hòa Phát HCF 666S1Đ2 / HPF AD6352 (352L)",1
22910,"HCF 606S2Đ2 / HPF BD6245","Tủ đông Hòa Phát HCF 606S2Đ2 / HPF BD6245 (245L)",1
22911,"HCF 656S2Đ2 HPF BD6271","Tủ đông Hòa Phát HCF 656S2Đ2 / HPF BD6271 (271L)",1
22912,"HCF 336S1N1 / HPF AN6162","Tủ đông Hòa Phát HCF 336S1N1 / HPF AN6162 (162L)",1
22915,D247MC,"Tủ lạnh LG Inverter 601 lít GR-D247MC",0
22938,BV360GAVN,"Tủ lạnh Panasonic Inverter 322 lít NR-BV360GAVN",0
22948,32BD1X,"Tivi Sharp 32 inch 2T-C32BD1X",0
22954,42BG1X,"Android Tivi Sharp 42 Inch 2T-C42BG1X",0
22964,75TU8100,"Smart Tivi Samsung 4K 75 inch 75TU8100",0
22978,85Q70TA,"Smart Tivi QLED Samsung 4K 85 inch QA85Q70TA",0
22994,18CS-S5,"Điều hòa Mitsubishi Heavy 18.000BTU SRK/SRC 18CS-S5",1
23001,SRK/SRC12CT-S5,"Điều hòa Mitsubishi Heavy 12000BTU SRK/SRC12CT-S5",1
23008,SRK/SRC12CM-5,"Điều hòa Mitsubishi Heavy 1.5 HP SRK/SRC12CM-5",0
23027,43Q65TA,"QLED Tivi 4K Samsung 43Q65T 43 inch Smart TV",0
23044,"SRK/SRC 09CMP-5","Điều hòa Mitsubishi Heavy 1 HP SRK/SRC 09CMP-5",0
23048,65Q65TA,"QLED Tivi 4K Samsung 65Q65T 65 inch Smart TV",0
23060,"HPF AN6252 / HCF 516S1N1","Tủ đông Hòa Phát 252 lít HPF AN6252 / HCF 516S1N1",1
23069,"HCF 106S1DSH / HPF AD6107G","Tủ đông Hòa Phát 100 lít dàn đồng HCF 106S1ĐSH / HPF AD6107G (107L)",1
23070,"HCF-400 S2PĐ2.N","Tủ đông Hòa Phát HCF-400 S2PĐ2.N",0
23074,HCF-830S1PĐ2.N,"Tủ đông Hòa Phát HCF-830S1PĐ2.N",0
23077,HCF-1000S1PĐ2.N,"Tủ đông Hòa Phát HCF-1000S1PĐ2.N",0
23078,HCF-1100S1PĐ2.N,"Tủ đông Hòa Phát HCF-1100S1PĐ2.N",0
23080,HCF-1300S1PĐ3.N,"Tủ đông Hòa Phát HCF-1300S1PĐ3.N",0
23083,HCF-1700S1PĐ3.N,"Tủ đông Hòa Phát HCF-1700S1PĐ3.N",0
23084,"HCF 500S1PĐG.N","Tủ đông Hòa Phát HCF 500S1PĐG.N",0
23085,"SRK/SRC 09CRR-S5","Điều hòa Mitsubishi Heavy 1 HP SRK/SRC 09CRR-S5",0
23088,"HCF 680S1PĐG.N","Tủ đông Hòa Phát HCF 680S1PĐG.N",0
23091,"HCF 800S1PĐG.N","Tủ đông Hòa Phát HCF 800S1PĐG.N",0
23106,HSC116P,"Tủ đông đứng Hòa Phát HSC116P",0
23109,HSC116S,"Tủ đông Hòa Phát HSC116S",0
23112,HSC166P,"Tủ đông đứng Hòa Phát HSC166P",0
23116,HSC166S,"Tủ đông đứng Hòa Phát HSC166S",0
23119,HSC220P,"Tủ đông đứng Hòa Phát HSC220P",0
23122,HSC220S,"Tủ đông đứng Hòa Phát HSC220S",0
23125,HSC280S,"Tủ đông đứng Hòa Phát HSC280S",0
23128,"HCFI 516S1Đ1 / HPF AD8252","Tủ đông Hòa Phát Inverter HCFI 516S1Đ1 / HPF AD8252 (252L)",1
23131,"HCFI 666S1Đ2 / HPF AD8352","Tủ đông Hòa Phát Inverter HCFI 666S1Đ2 / HPF AD8352 (352L)",1
23134,"HCFI 506S2Đ2 / HPF BD8205","Tủ đông Hòa Phát Inverter HCFI 506S2Đ2 / HPF BD8205 (205L)",1
23135,"HCFI 606S2Đ2 / HPF BD8245","Tủ đông Hòa Phát Inverter HCFI 606S2Đ2 / HPF BD8245 (245L)",1
23137,"HCFI 656S2Đ2 / HPF BD8271","Tủ đông Hòa Phát Inverter HCFI 656S2Đ2 / HPF BD8271 (271L)",1
23157,HW-Q60R/XV,"Loa Soundbar Samsung HW-Q60R/XV 5.1 CH",0
23167,"SRK/SRC 19CSS-S5","Điều hòa Mitsubishi Heavy 18.000BTU SRK/SRC 19CSS-S5",1
23182,CU/CS-VU9UKH-8,"Máy lạnh Panasonic Inverter 1 HP CU/CS-VU9UKH-8",0
23201,CU/CS-VU12UKH-8,"Máy lạnh Panasonic Inverter 1.5 HP CU/CS-VU12UKH-8",0
23223,CU/CS-VU18UKH-8,"Máy lạnh Panasonic Inverter 2 HP CU/CS-VU18UKH-8",0
23246,"GVS 148THC3/1-04","Máy Giặt CANDY 8Kg GVS 148THC3/1-04",0
23249,"GVS 149THC3/1-04","Máy Giặt CANDY 9Kg GVS 149THC3/1-04",0
23252,CU/CS-XU9UKH-8,"Điều hòa Panasonic Inverter 1 HP CU/CS-XU9UKH-8",0
23272,CU/CS-XU12UKH-8,"Điều hòa Panasonic Inverter 1.5 HP CU/CS-XU12UKH-8",1
23290,CU/CS-XU18UKH-8,"Điều hòa Panasonic Inverter 2 HP CU/CS-XU18UKH-8",0
23309,CU/CS-XU24UKH-8,"Máy lạnh Panasonic Inverter 2.5 HP CU/CS-XU24UKH-8",0
23328,U9VKH-8,"Điều hòa Panasonic 1 chiều Inverter U9VKH-8 9.000BTU",0
23341,U12VKH-8,"Điều hòa Panasonic 1 chiều Inverter U12VKH-8 12.000BTU",0
23342,U18VKH-8,"Điều hòa Panasonic 1 chiều Inverter U18VKH-8 18.000BTU",0
23343,U24VKH-8,"Điều hòa Panasonic 1 chiều Inverter U24VKH-8 24.000BTU",0
23344,CU/CS-XPU9WKH-8,"Điều hòa Panasonic Inverter 1 HP CU/CS-XPU9WKH-8",0
23345,XPU12WKH-8,"Điều hòa Panasonic Inverter 1.5 HP CU/CS-XPU12WKH-8",0
23346,PU18WKH-8,"Điều hòa Panasonic Inverter 2 HP CU/CS-PU18WKH-8",0
23355,"SRK/SRC 25CSS-5","Điều hòa Mitsubishi Heavy 24000BTU SRK/SRC25CSS-S5",1
23361,"SRK/SRC 13CRS-S5","Điều hòa Mitsubishi Heavy 1.5 HP SRK13CRS-S5",0
23377,"SRK/SRC 10CRS-S5","Điều hòa Mitsubishi Heavy 1.0 HP SRK10CRS-S5",0
23395,"SRK/SRC 24CS-S5","Điều hòa Mitsubishi Heavy 24.000BTU SRK/SRC 24CS-S5",1
23404,"SRK/SRC 09CTR-S5","Điều hòa Mitsubishi Heavy 9.000BTU SRK/SRC09CTR-S5",1
23410,"SRK/SRC 10YW-W5","Điều hòa Mitsubishi Heavy 9.000BTU SRK/SRC10YW-W5",0
23417,"SRK/SRC18 YL-S5","Điều hòa Mitsubishi Heavy 18.000BTU SRK/SRC 18YL-S5",1
23424,"SRK/SRC13 YL-S5","Điều hòa Mitsubishi Heavy 12.000BTU SRK13YL-S5",1
23431,"SRK/SRC 10YL-S5","Điều hòa Mitsubishi Heavy 9.000BTU SRK/SRC 10YL-S5",1
23439,"SRK/SRC18 YN-S5","Điều hòa Mitsubishi Heavy Inverter 2 HP SRK18YN-S5",1
23449,SRK/SRC13YT-S5,"Điều hòa Mitsubishi Heavy Inverter 12.000BTU SRK/SRC13YT-S5",0
23454,SRK/SRC10YT-S5,"Điều hòa Mitsubishi Heavy Inverter 9.000BTU SRK/SRC10YT-S5",0
23464,XPU24WKH-8,"Điều hòa Panasonic Inverter 2 HP CU/CS-XPU24WKH-8",0
23466,SRK/SRC45ZMP-S5,"Điều hòa Mitsubishi Heavy Inverter 17.000BTU SRK/SRC45ZMP-S5",0
23471,"SRK/SRC 35ZMP-S5","Điều hòa Mitsubishi Heavy Inverter 12.000BTU  SRK/SRC35ZMP-S5",0
23476,"SRK/SRC 25ZMP-S5","Điều hòa Mitsubishi Heavy Inverter 9.000BTU SRK/SRC 25ZMP-S5",0
23488,"SRK/SRC 25ZJ-S5","Điều hòa Mitsubishi Heavy Inverter 9.000BTU  SRK/SRC25ZJ-S5",0
23498,EC-12TL22,"Điều hòa 1 chiều 12.000 BTU Casper EC-12TL22",0
23512,EH-09TL22,"Điều hòa 2 chiều 9000BTU Casper EH-09TL22",0
23525,EH-12TL22,"Điều hòa 2 chiều 9000BTU Casper EH-12TL22",0
23526,EH-18TL22,"Điều hòa 2 chiều 18000BTU Casper EH-18TL22",0
23527,EH-24TL22,"Điều hòa 2 chiều 24000BTU Casper EH-24TL22",1
23528,GC-09TL22,"Điều hòa Casper 1 chiều Inverter 9000BTU GC-09TL22",0
23535,GH-12TL22,"Điều hòa Casper 2 chiều Inverter 12000BTU GH-12TL22",0
23547,"SRK/SRC 25ZS-S","Điều hòa Mitsubishi Heavy Inverter 9.000BTU SRK/SRC25ZS-S5",0
23550,SRK/SRC63ZK-S,"Điều hòa Mitsubishi Heavy Inverter 22.000BTU SRK/SRC 63ZK-S",0
23559,SRK/SRC35ZJ-S5,"Điều hòa Mitsubishi Heavy Inverter 12.000BTU SRK/SRC35ZJ-S5",0
23569,SRK/SRC10YXP-W5,"Điều hòa Mitsubishi Heavy Inverter 9000BTU SRK/SRC 10YXP-W5",1
23573,SRK/SRC13YXP-W5,"Điều hòa Mitsubishi Heavy Inverter 12000BTU SRK/SRC 13YXP-W5",1
23578,SRK/SRC18YW-W5,"Điều hòa Mitsubishi Heavy Inverter 18000BTU SRK/SRC18YW-W5",1
23587,SRK/SRC24YW-W5,"Điều hòa Mitsubishi Heavy Inverter 24000BTU SRK/SRC24YW-W5",1
23595,SRK/SRC25ZSPS-S5,"Điều hòa Mitsubishi Heavy Inverter 9.000BTU SRK/SRC25ZSPS-S5",1
23599,SRK/SRC35ZSPS-S5,"Điều hòa Mitsubishi Heavy Inverter 12.000BTU SRK/SRC35ZSPS-S5",1
23603,SRK/SRC45ZSPS-S5,"Điều hòa Mitsubishi Heavy Inverter 18.000BTU SRK/SRC45ZSPS-S5",0
23607,SRK/SRC35ZS-S,"Điều hòa Mitsubishi Heavy Inverter 12.000BTU SRK/SRC35ZS-S",1
23611,SRK/SRC50ZS-S,"Điều hòa Mitsubishi Heavy Inverter 17.060BTU SRK/SRC50ZS-S",0
23615,SRK/SRC71ZS-S,"Điều hòa Mitsubishi Heavy Inverter 24.000BTU SRK/SRC71ZR-S",0
23620,125EN,"Tủ lạnh Aqua 123 lít AQR-125EN (SS)",1
23628,145EN,"Tủ lạnh Aqua 143 lít AQR-145EN (SS)",0
23646,IG288EN,"Tủ lạnh Aqua Inverter 270 lít AQR-IG288EN (GB)",0
23658,I227BN,"Tủ lạnh Aqua Inverter 204 lít AQR-I227BN",1
23664,I248EN,"Tủ lạnh Aqua Inverter 249 lít AQR-I248EN",0
23675,I288EN,"Tủ lạnh Aqua Inverter 284 lít AQR-I288EN",0
23686,IG296DN.GB,"Tủ lạnh Aqua Inverter 284 lít AQR-IG296DN(GB)",1
23692,IG296DN.GG,"Tủ lạnh Aqua Inverter 284 lít AQR-IG296DN(GG)",1
23702,IG386DN.GBN,"Tủ lạnh Aqua Inverter 344 lít AQR-IG386DN GBN",0
23715,T249MA.SV,"Tủ lạnh Aqua Inverter 235 lít AQR-T249MA SV",0
23725,T249MA.PB,"Tủ lạnh Aqua Inverter 235 lít AQR-T249MA PB",0
23743,"AQR-I298EB BS","Tủ lạnh Aqua Inverter 260 lít AQR-I298EB BS",1
23760,"AQR-I298EB SW","Tủ lạnh Aqua Inverter 283 LÍT AQR-I298EB (SW)",1
23788,IW338EB.SW,"Tủ lạnh Aqua Inverter 288 lít AQR-IW338EB SW",0
23881,I565AS.BS,"Tủ lạnh Aqua Inverter 510 lít AQR-I565AS BS",0
23897,I565AS.SW,"Tủ lạnh Aqua Inverter 557 lít AQR-I565AS SW",1
23923,IG595AM.GB,"Tủ lạnh Aqua Inverter 576 lít AQR-IG696FS GB",1
23927,IG585AS.GB,"Tủ lạnh Aqua Inverter 518 lít AQR-IG585AS GB",0
23939,IG585AS.SG,"Tủ lạnh Aqua Inverter 518 lít AQR-IG585AS SG",0
23958,49X7500H,"Android Tivi Sony 4K 49 inch KD-49X7500H",0
23975,55X7500H,"Android Tivi Sony 4K 55 inch KD-55X7500H",0
23976,43X7500H,"Android Tivi Sony 4K 43 inch KD-43X7500H",0
23977,65X7500H,"Android Tivi Sony 4K 65 inch KD-65X7500H",0
23994,IG595AM.SG,"Tủ lạnh Aqua Inverter 505 lít AQR-IG595AM SG",0
24025,IGW525EM.GD,"Tủ lạnh Aqua Inverter 456 lít AQR-IGW525EM GD",0
24036,IGW525EM.GP,"Tủ lạnh Aqua Inverter 456 lít AQR-IGW525EM GP",0
24110,IG696FS.GD,"Tủ lạnh Aqua Inverter 576 lít AQR-IG696FS GD",0
24118,"IG656AM BG","Tủ lạnh Aqua Inverter 542 lít AQR-IG656AM GB",0
24128,TD.VH3699W3,"Tủ đông Sanaky Inverter 270 lít VH 3699W3",1
24163,IW378EB.SW,"Tủ lạnh Aqua Inverter 320 lít AQR-IW378EB SW",0
24176,IG686AM.GG,"Tủ lạnh Aqua Inverter 553 Lít AQR-IG686AM GG",1
24184,TD.VH3699W4K,"Tủ đông Sanaky Inverter 360L VH-3699W4K",1
24190,TD.VH3699W4KD,"Tủ đông Sanaky Inverter 360L VH-3699W4KD",0
24194,TD.VH4099W4K,"Tủ đông Sanaky Inverter 280 lít VH-4099W4K",1
24243,TH-65GX650V,"Smart Tivi 4K Panasonic 65 Inch TH-65GX650V",0
24253,NR-BX460WKVN,"Tủ lạnh Panasonic Inverter 410 lít NR-BX460WKVN",0
24278,NR-BV320WKVN,"Tủ lạnh Panasonic Inverter 290 lít NR-BV320WKVN",0
24306,NR-BV280WKVN,"Tủ lạnh Panasonic Inverter 255 lít NR-BV280WKVN",0
24334,NR-CY550QKVN,"Tủ lạnh Panasonic Inverter 494 lít NR-CY550QKVN",0
24343,NR-CY550AKVN,"Tủ lạnh Panasonic Inverter 494 lít NR-CY550AKVN",0
24353,NR-BV288QSVN,"Tủ lạnh Panasonic Inverter 255 lít NR-BV288QSVN",0
24380,NR-BV320WSVN,"Tủ lạnh Panasonic Inverter 290 lít NR-BV320WSVN",0
24402,NR-BV329QSVN,"Tủ lạnh Panasonic Inverter 290 lít NR-BV329QSVN",0
24437,"R-FM800GPGV2X MIR","Tủ lạnh SBS 3 cánh HITACHI R-FM800GPGV2X (MIR) - 584 Lít",0
24451,"R-FM800GPGV2 GS","Tủ lạnh Hitachi Inverter 584 lít R-FM800GPGV2 GS",0
24459,NR-BX410WPVN,"Tủ lạnh Panasonic Inverter 368L NR-BX410WPVN",0
24470,NR-BX460WSVN,"Tủ lạnh Panasonic Inverter 410 lít NR-BX460WSVN",0
24480,RT32K5932BU/SV,"Tủ lạnh Samsung Inverter 300 lít RT32K5932BU/SV",0
24505,RB30N4170BU/SV,"Tủ lạnh Samsung Inverter 307 lít RB30N4170BU/SV",1
24531,RB30N4010BU/SV,"Tủ lạnh Samsung Inverter 310 lít RB30N4010BU/SV (Model 2020)",0
24562,RB27N4170BU/SV,"Tủ lạnh Samsung Inverter 276 lít RB27N4170BU/SV",0
24589,RB27N4010BU,"Tủ Lạnh Samsung Inverter 280 Lít RB27N4010BU",1
24605,IHC-Y399,"Bếp từ đôi YAMATO IHC-Y399",0
24613,YMT-368,"Bếp điện từ đôi YAMATO YMT-368",0
24620,TH-65GX750V,"Smart Tivi 4K Panasonic 65 Inch TH-65GX750V",0
24630,TH-55GX750V,"Smart Tivi 4K Panasonic 55 Inch TH-55GX750V",0
24632,GWC09KB-K6N0C4,"Máy lạnh Gree 1 HP GWC09KB-K6N0C4 Model 2020",0
24652,GWC09PB-K3D0P4,"Máy lạnh Gree Inverter 1 HP GWC09PB-K3D0P4 Model 2020",1
24671,GWC12FB-K6D9A1W,"Máy lạnh Gree Inverter 1.5 HP GWC12FB-K6D9A1W",0
24690,GWC18KD-K6N0C4,"Máy lạnh Gree 2 HP GWC18KD-K6N0C4 (Model 2020)",1
24719,ADR75-V-ET-1,"Máy lọc nước RO nóng lạnh AOSmith ADR75-V-ET-1 5 lõi",1
24737,AR600-C-S-1,"Máy lọc nước RO AOSmith AR600-C-S-1 5 lõi",1
24756,AR75-A-S-H1,"Máy lọc nước RO có nước nóng AOSmith AR75-A-S-H1 3 lõi",1
24772,AR75-A-S-2,"Máy lọc nước RO AOSmith AR75-A-S-2 5 lõi",1
24793,AR75-A-S-1E,"Máy lọc nước RO AOSmith AR75-A-S-1E 5 lõi",1
24817,AR75-U2,"Máy lọc nước AOSMITH AR75-U2 (Imei) 5 lõi",1
24837,RT35K50822C/SV,"Tủ lạnh Samsung Inverter 360 lít RT35K50822C/SV (Model 2020)",0
24862,QA65Q80TA,"Smart Tivi QLED Samsung 4K 65 inch QA65Q80T",0
24885,QA49Q80TA,"Smart Tivi QLED Samsung 4K 49 inch QA49Q80T (Model 2020)",0
24907,43TU8000,"Smart Tivi Samsung 4K 43 inch 43TU8000",0
24920,50TU8000,"Smart Tivi Samsung 4K 50 inch 50TU8000",0
24922,RT22M4032BU/SV,"Tủ lạnh Samsung Inverter 236 lít RT22M4032BU/SV",1
24947,TM.VH408W3L,"Tủ mát Inverter Sanaky VH-408W3L 400 lít",1
24951,TM.VH358W3L,"Tủ mát Inverter Sanaky VH-358W3L 350 lít",1
24955,TM.VH308W3L,"Tủ mát Inverter Sanaky VH-308W3L 300 lít",1
24959,TM.VH258W3L,"Tủ mát Inverter Sanaky VH-258W3L 250 lít",1
24963,TM.VH218W3L,"Tủ mát Inverter Sanaky VH-218W3L 210 lít",1
24970,RT38K50822C,"Tủ lạnh Samsung Inverter 380 lít RT38K50822C/SV",0
24995,TM.VH408K3L,"Tủ mát Inverter Sanaky VH-408K3L 400 lít",1
24999,TM.VH358K3L,"Tủ mát Inverter Sanaky VH-358K3L 350 lít",1
25003,TM.VH308K3L,"Tủ mát Inverter Sanaky VH-308K3L 300 lít",1
25008,VH-258K3L,"Tủ mát Inverter Sanaky VH-258K3L 250 lít",1
25032,"TW-BK105S3V SK","Máy giặt Toshiba Inverter 9.5 Kg TW-BK105S3V(SK)",1
25050,"TW-BH95M4V SK","Máy giặt Toshiba Inverter 8.5 kg TW-BH95M4V SK",0
25070,"TW-BH105M4V SK","Máy giặt Toshiba Inverter 9.5 kg TW-BH105M4V SK",0
25092,NR-BX410WKVN,"Tủ lạnh Panasonic Inverter 368 lít NR-BX410WKVN Model 2020",0
25124,WA22R8870GV/SV,"Máy giặt Samsung Inverter 22 kg WA22R8870GV/SV",0
25145,WA16R6380BV/SV,"Máy giặt Samsung Inverter 16 kg WA16R6380BV/SV Model 2020",0
25167,TM.VH218K3L,"Tủ mát Inverter Sanaky VH-218K3L 210 lít",1
25171,TM.VH1209HP3,"Tủ mát Sanaky Inverter VH-1209HP3",1
25175,TM.VH1009HP3,"Tủ mát Sanaky Inverter VH-1009HP3",1
25179,"GR-A25VS (DS1)","Tủ lạnh Toshiba Inverter 194 lít GR-A25VS (DS1)",0
25222,"GR-A28VS (DS)","Tủ lạnh Toshiba Inverter 233 lít GR-A28VS (DS1)",0
25250,WW10K44G0UX/SV,"Máy giặt lồng ngang Samsung Inverter 10Kg WW10K44G0UX/SV",0
25253,NR-BV360WSVN,"Tủ lạnh Panasonic Inverter 322 lít NR-BV360WSVN",0
25281,32T4500,"Smart Tivi Samsung 32 inch 32T4500",0
25290,TM.VH408W3,"Tủ mát Sanaky inverter VH 408W3 340 Lít",0
25306,55A8H,"Android Tivi OLED Sony 4K 55 inch KD-55A8H",0
25331,55X9500H,"Android Tivi Sony 4K 55 inch KD-55X9500H Model 2020",0
25349,GR-B247WB,"Tủ lạnh LG Inverter 613 lít GR-B247WB Model 2020",0
25364,RT22M4032BY/SV,"Tủ lạnh Samsung Inverter 236 lít RT22M4032BY/SV Model 2020",1
25394,43X8500H,"Android Tivi Sony 4K 43 inch KD-43X8500H",0
25413,KD-49X9500H,"Android Tivi Sony 4K 49 inch KD-49X9500H",0
25436,65X9500H,"Android Tivi Sony 4K 65 inch KD-65X9500H",0
25455,RS64R5301B4/SV,"Tủ lạnh Samsung Inverter 635 lít RS64R5301B4/SV",1
25524,SH12MMC2,"Điều hòa Funiki 12.000BTU SH12MMC2",0
25527,BX410GKVN,"Tủ lạnh Panasonic Inverter 368 Lít NR-BX410GKVN",0
25540,NR-BX460GKVN,"Tủ lạnh Panasonic Inverter 410 Lít NR-BX460GKVN",0
25553,BX460XKVN,"Tủ lạnh Panasonic Inverter 410 Lít NR-BX460XKVN",0
25568,RT25M4032BU/SV,"Tủ lạnh Samsung Inverter 256 lít RT25M4032BU/SV",1
25593,RT20HAR8DBU/SV,"Tủ lạnh Samsung Inverter 208 lít RT20HAR8DBU/SV",1
25615,RT29K5532BY/SV,"Tủ lạnh Samsung Inverter 300 lít RT29K5532BY/SV",0
25640,RT25M4032BY/SV,"Tủ lạnh Samsung Inverter 256 lít RT25M4032BY/SV",0
25667,ETB2502J-A,"Tủ lạnh ngăn đá trên Inverter 225L- ETB2502J-A",0
25681,ETB2502J-H,"Tủ lạnh ngăn đá trên NutriFresh® Inverter 225L - ETB2502J-H - Đen",0
25696,ETB2802J-A,"Tủ lạnh ngăn đá trên Inverter 256L - ETB2802J-A - Bạc",0
25703,ETB2802J-H,"Tủ lạnh ngăn đá trên NutriFresh® Inverter 256L - ETB2802J-H - Đen",0
25705,ETB3400J-A,"Tủ lạnh ngăn đá trên Inverter 320L - ETB3400J-A",1
25708,ETB3400J-H,"Tủ lạnh ngăn đá trên  Inverter 350L - ETB3400J-H",1
25709,ETB3700J-A,"Tủ lạnh ngăn đá trên Inverter 350L - ETB3700J-A",1
25715,ETB3700J-H,"Tủ lạnh ngăn đá trên Inverter 350L - ETB3700J-H",1
25718,EME3700H-H,"Tủ lạnh 3 cánh Electrolux EME3700H-H - 340L Inverter",1
25744,EHE5224B-A,"Tủ Lạnh ELECTROLUX Inverter 524 Lít EHE5224B-A",0
25771,"R-FS800GPGV2 (GS)","Tủ lạnh SBS Hitachi R-FS800GPGV2 (GS) - 605 Lít",0
25794,65UG6000,"Smart Tivi Casper 4K 65 inch 65UG6000",0
25847,50UG5000,"Smart Tivi Casper 4K 50 inch 50UG5000",0
25870,43FG5000,"Android Tivi Casper 43 inch 43FG5000",0
25916,32HG5100,"Smart Tivi Casper 32 inch 32HG5100",0
25925,32HN5000,"Tivi Casper 32 inch 32HN5000",0
25943,QA85Q80TA,"Tivi Samsung 4k QA85Q80T Smart  85 inch",0
25966,QA75Q80TA,"Tivi Samsung 4k QA75Q80T Smart  75 inch",0
25992,QA55Q80TA,"QA55Q80T Tivi Samsung 4K 55 inch Smart",0
26019,L43A8,"Tivi TCL 4K Android 43 inch L43A8",0
26044,L55P8,"Tivi TCL 4K 55 inch Android L55P8",0
26085,32HN5100,"Tivi Casper 32 inch 32HN5100",0
26103,32HG5000,"Android Tivi Casper 32 inch 32HG5000",0
26124,43FG5100,"Android Tivi Casper 43 inch 43FG5100",0
26147,RT32K5932BY,"Tủ Lạnh SAMSUNG 319 Lít RT32K5932BY",0
26181,TD.VH6899K3,"Tủ đông 450 lít Sanaky VH-6899K3",1
26189,TM.VH218K3,"Tủ Mát Sanaky 180 Lít VH-218K3",0
26197,TM.VH258K3,"Tủ mát Inverter Sanaky VH-258K3 250 lít",0
26199,TM.VH308K3,"Tủ mát Inverter Sanaky VH-308K3 300 lít",0
26201,TM.VH358K3,"Tủ mát Inverter Sanaky VH-358K3 350 lít",1
26202,TM.VH408K3,"Tủ mát Inverter Sanaky VH-408K3 400 lít",0
26204,TM.VH218W3,"Tủ mát Inverter Sanaky VH-218W3 210 lít",0
26205,TM.VH258W3,"TỦ MÁT SANAKY VH-258W3 250 Lít",1
26209,TM.VH308W3,"Tủ mát Inverter Sanaky VH-308W3 300 lít",0
26210,TM.VH358W3,"Tủ mát Sanaky VH-358W3 350 lít",1
26213,NR-CY558GXVN,"Tủ lạnh 3 cánh Inverter Panasonic NR-CY558GXVN 491 Lít",0
26219,NR-BC360WKVN,"Tủ lạnh Panasonic Inverter 322 lít NR-BC360WKVN",0
26246,NR-BA189PAVN,"Tủ lạnh Panasonic Inverter 167 lít NR-BA189PAVN",0
26252,NR-BA189PPVN,"Tủ lạnh Panasonic Inverter 167 lít NR-BA189PPVN",0
26273,55SM9000PTA,"Smart Tivi NanoCell LG 4K 55 inch 55SM9000PTA",0
26301,"R-WB640VGV0 GBK","Tủ lạnh Hitachi Inverter 569 lít R-WB640VGV0 (GBK)",1
26321,QA65Q950TS,"Smart Tivi QLED Samsung 8K 65 inch QA65Q950TS",1
26353,65SM9000PTA,"Smart Tivi NanoCell LG 4K 65 inch 65SM9000PTA",0
26378,75UM7500PTA,"Smart Tivi LG 4K 75 inch 75UM7500PTA",0
26404,SL5R,"Dàn âm thanh LG 4.1 SL5R 520W",0
26431,HW-Q70R,"Loa thanh soundbar Samsung 3.1.2 HW-Q70R 330W",0
26450,SC-12TL32,"Điều hòa Casper 1 chiều 12000BTU SC-12TL32",0
26457,SC-18TL32,"Điều hòa Casper 1 chiều 18000BTU SC-18TL32",0
26459,32S53,"Smart Tivi Asanzo 32 Inch 32S53",0
26461,32SL500,"Smart TV Asanzo 32 inch 32SL500 HD Ready",0
26469,,"Tivi Asanzo 32H21 LED thường 32 inch",0
26477,40AS320,"Smart Tivi Asanzo 40AS320 40 inch",0
26481,S100F,"Loa thanh soundbar Sony 2.0 HT-S100F 120W",0
26500,HT-X9000F,"Loa Soundbar Sony Dolby Atmos HT-X9000F",1
26516,WW90K44G0YW/SV,"Máy giặt Samsung Addwash Inverter 9 Kg WW90K44G0YW/SV",0
26529,AX40R3020WU/SV,"Máy lọc không khí 39m2 AX40R3020WU",0
26544,KD-49X8500H,"Android Tivi Sony 4K 49 inch KD-49X8500H",0
26546,KD-55X8500H,"Android Tivi Sony 4K 55 inch KD-55X8500H",1
26547,HT-ST5000,"Loa Sound Bar Sony HT-ST5000 Dolby Atmos 7.1.2",0
26561,HT-S500RF,"Dàn âm thanh Soundbar Sony HT-S500RF 5.1",0
26563,KD-65X8050H,"Android Tivi Sony 4K 65 inch KD-65X8050H",0
26580,HT-S700RF,"Dàn âm thanh Sony HT-S700RF",0
26595,UA58TU7000,"Smart Tivi Samsung 4K 58 inch UA58TU7000",0
26634,WA12T5360BV/SV,"Máy giặt Samsung Inverter 12 kg WA12T5360BV/SV",0
26654,L50P65-UF,"Smart Tivi TCL 4K 50 inch L50P65-UF",0
26682,L43P65-UF,"Smart Tivi TCL 4K 43 inch L43P65-UF",0
26700,FTC60NV1V,"Máy lạnh Daikin 2.5 HP FTC60NV1V",0
26703,FTHF60RVMV,"Máy lạnh 2 chiều Daikin Inverter 2.5 HP FTHF60RVMV",1
26728,AQR-D99FA,"Tủ lạnh Aqua 93L AQR-D99FA(BS)",0
26737,AQR-IG686AM(GC),"Tủ lạnh Aqua Inverter 515 lít AQR-IG686AM (GC)",0
26761,AQR-IG595AM(GS),"Tủ lạnh Aqua Inverter 505 lít AQR-IG595AM(GS)",0
26769,AW-K1000FV(WW),"Máy giặt Toshiba 9 kg AW-K1000FV(WW)",0
26790,"AW-F920LV WB","Máy giặt Toshiba 8.2 kg AW-F920LV WB",0
26811,"TW-BH105M4V WK","Máy giặt Toshiba Inverter 9.5 kg TW-BH105M4V WK",0
26833,"AW-A800SV WB","Máy giặt Toshiba 7 kg AW-A800SV WB",0
26860,"DMF-2799 AX","Tủ Đông Darling 1 ngăn 230L DMF-2799AX",1
26863,DMF-2799AXL,"Tủ Đông Darling 1 Ngăn 230L DMF-2799AXL",1
26890,KD-43X8050H,"Android Tivi 4K 43 inch Sony KD-43X8050H",0
26924,55NANO81TNA,"Smart Tivi NanoCell LG 4K 55 inch 55NANO81TNA",0
26952,55NANO86TNA,"Smart Tivi NanoCell LG 4K 55 inch 55NANO86TNA",0
26977,43UN7350PTD,"Tivi LG WebOS 4k UHD 43 inch 43UN7350PTD",1
26984,49UN7350PTD,"Tivi LG WebOS 4k UHD 49 inch 49UN7350PTD",0
26988,49NANO81TNA,"Smart Tivi NanoCell LG 4K 49 inch 49NANO81TNA",0
27006,82TU8100,"Tivi Samsung Tizen OS 4K Ultra HD 82 Inch 82TU8100",0
27016,KD-65A8H,"Android Tivi OLED Sony 4K 65 inch KD-65A8H",0
27043,KD-55X8050H,"Android Tivi Sony 4K 55 Inch KD-55X8050H",0
27061,KD-85X9000H,"Android Tivi Sony KD-85X9000H 85 inch 4K",0
27080,KD-65X9000H,"Smart Tivi 4K 65 inch Sony KD-65X9000H HDR",0
27115,KD-75X8050H,"Smart Tivi 4K 75 inch Sony KD-75X8050H HDR Android",0
27138,55X9000H,"Tivi Sony Android 4K Ultra HD 55inch 55X9000H",0
27149,75UN8000PTB,"Smart Tivi LG 4K 75 inch 75UN8000PTB ThinQ AI",0
27183,KD-55X9000H/S,"Android Tivi Sony 4K 55 inch KD-55X9000H/S",0
27197,KD-75X9000H,"Android Tivi Sony 4K 75 inch KD-75X9000H",1
27212,KD-65X9000H/S,"Android Tivi Sony 4K 65 inch KD-65X9000H/S",0
27229,"FVX480PGV9 GBK","Tủ lạnh Hitachi Inverter 366L FVX480PGV9 (GBK)",1
27248,EWF8025EQWA,"Máy giặt Electrolux 8 Kg EWF8025EQWA",0
27256,EWF1141SESA,"Máy giặt Electrolux Inverter 11 kg EWF1141SESA",0
27283,EWF8024BDWA,"Máy giặt Electrolux Inverter 8 kg EWF8024BDWA",0
27313,RS64T5F01B4/SV,"Tủ lạnh Samsung SBS Inverter 595L RS64T5F01B4/SV",0
27339,TWA80-B302GM,"Máy giặt TCL 8 Kg TWA80-B302GM",0
27357,TWA90-B302GM,"Máy giặt TCL 9 Kg TWA90-B302GM",1
27378,TWA100-B302GM,"Máy giặt TCL 10 Kg TWA100-B302GM",0
27401,TWF80-M14303DA03,"Máy giặt TCL Inverter 8 Kg TWF80-M14303DA03",0
27422,TWF90-M14303DA03,"Máy giặt TCL Inverter 9 Kg TWF90-M14303DA03",0
27446,TWF100-M14303DA03,"Máy giặt TCL Inverter 10 Kg TWF100-M14303DA03",0
27468,TWF90-K14508DC04,"Máy giặt TCL Inverter 9 Kg TWF90-K14508DC04",0
27510,QA65Q800TA,"Smart Tivi QLED Samsung 8K 65 inch QA65Q800T",0
27546,DEN48520X,"Máy rửa chén độc lập DEN48520X",1
27561,DFN28422X,"Máy rửa chén độc lập DFN28422X",1
27574,DFN16410W,"Máy rửa chén độc lập DFN16410W",1
27584,DFN05311W,"Máy rửa chén độc lập DFN05311W",1
27595,HIC09MMC,"Điều hòa Funiki 9000BTU 1 chiều inverter HIC09MMC",1
27598,HIC12MMC,"Điều hòa Funiki 12000BTU 1 chiều inverter HIC12MMC",0
27601,HIC18MMC,"Điều hòa Funiki 18000BTU 1 chiều inverter HIC18MMC",0
27617,55UN7190PTA,"Smart Tivi LG 4K 55 inch 55UN7190PTA ThinQ AI",0
27646,49UN7400PTA,"Smart tivi LG 4K 49 inch 49UN7400PTA",0
27663,55UN7350PTD,"Smart Tivi LG 55 inch 55UN7350PTD 4K mới 2020",0
27680,70UN7350PTD,"Smart Tivi LG 70 inch 70UN7350PTD 4K mới 2020",0
27693,43UN7000PTA,"Tivi LG 43UN7000PTA 43 inch 4K",0
27703,49NANO86,"Tivi LG Web OS 4K NanoCell 49 Inch 49NANO86",0
27715,43UN7190PTA,"Tivi LG WebOS 4k UHD 43 inch 43UN7190PTA",0
27722,43UN7400PTA,"Smart tivi LG 4K 43 inch 43UN7400PTA",0
27735,49UN7190PTA,"Tivi LG WebOS 4k UHD 49 inch 49UN7190PTA",0
27745,GJ1208,"Loa kéo cao cấp JBL GJ 1208 (Bass 3 tấc, 2 Micro)",0
27749,GJ1508,"loa kéo 4 tấc - loa karaoke di động - GJ-1508",1
27755,SK-18H3,"Loa kéo Nanomax SK-18H3",0
27772,450SE,"Loa BMB CSV 450SE",1
27776,"CSD- 2000SE","Loa karaoke BMB CSD 2000SE (bass 30cm)",1
27787,KJ-1080,"Loa kéo di động Bose KJ-1080 Bass 50",1
27792,GJ-850,"loa kéo di động sunybox GJ-850 - loa di động Bass 4 tấc",1
27801,J-K86,"Loa Kéo Di Động JBL J-K86 (Bass 3 tấc, 2 Micro, 700W)",0
27813,J1504,"Loa kéo JBL J1504 Bass 40 vỏ gỗ",0
27823,J106,"Loa vali kẹo kéo karaoke bluetooth temeisheng j106",1
27827,J107,"Loa kéo di động JBL J107 ( 10 inch, 2 mic, 180W)",0
27831,J109,"Loa kéo di động JBL J109 ( 12 inch, 2 mic, 180W)",0
27833,J1204,"Loa kéo Jbl J1204 - loa kéo cao cấp hát KARAOKE 3 TẤC J1204",0
27842,S12,"LOA KÉO JBL S12 – BASS 30 X 2 – VỎ GỖ",1
27850,SK-15X1,"Loa kéo di động Nanomax SK-15X1",1
27854,S-10C,"Loa kéo di động Nanomax S-10C",0
27860,S-10d,"Loa kéo di động Nanomax S-10D tặng kèm 2 micro không dây",1
27863,SK-15G4,"Loa kéo di động Nanomax SK-15G4",1
27870,15A7,"Loa kéo Nanomax SK-15A7 - Hàng chính hãng",0
27876,SK-15A6,"Loa kéo di động Nanomax SK-15A6",1
27886,MU15,"Loa kéo Ronamax MU15, loa di động vỏ gỗ 4.5 tấc, max 500W",1
27897,T15,"Loa Kéo Di Động Ronamax T15, hát karaoke",1
27905,T12,"Loa Bluetooth Ronamax T12 Nhỏ gọn",0
27910,F12,"Loa kéo di động ronamax f12",0
27915,MT15,"Loa Kéo Ronamax MT15",1
27919,KMR15,"Loa Kéo Ronamax KMR15 Đẳng Cấp Quá Hay",1
27925,LA-012,"Loa kéo Temeisheng LA-012",1
27934,Q10S,"Loa Kéo Temeisheng Q10S",1
27939,Q8S,"Loa kéo temeisheng Q8S",1
27944,LA-015,"Loa kéo Temeisheng LA-015",0
27948,JBZ-1206,"Loa kéo di động Jbz 1206",1
27953,jbz-0806,"Loa kéo JBZ 0806 bass 20",1
27957,JBZ-1006,"Loa kéo JBZ 1006 bass 25",1
27963,S-10B,"Loa kéo di động Nanomax S-10B",1
27968,FV1408G4W,"Máy giặt sấy LG Inverter 8.5 kg FV1408G4W",0
27989,FV1409G4V,"Máy giặt sấy LG Inverter 9 kg FV1409G4V",0
28003,FV1409S4W,"Máy giặt LG Inverter 9 kg FV1409S4W",0
28021,65C715,"QLED Tivi 4K TCL 65C715 65 inch Smart Android TV",1
28045,50RU7250,"Smart Tivi Samsung 4K 50 inch 50RU7250 UHD",0
28078,DF60R8600CG/SV,"Tủ chăm sóc quần áo Samsung DF60R8600CG/SV",0
28093,WD95J5410AW/SV,"Máy giặt lồng ngang 9.5Kg Samsung WD95J5410AW/SV + Sấy 6kg",1
28106,FV1409S2W,"Máy giặt LG Inverter 9 kg FV1409S2W",0
28124,FV1409S2V,"Máy giặt LG Inverter 9 kg FV1409S2V",0
28143,FV1450S3V,"Máy giặt LG Inverter 10.5 kg FV1450S3V Mới 2020",0
28156,RT29K5532BU,"Tủ lạnh Samsung Inverter 300L RT29K5532BU/SV",0
28171,WD10N64FR2X,"Máy giặt sấy Addwash 10.5Kg Samsung WD10N64FR2X/SV",0
28188,WD10N64FR2W/SV,"Máy giặt sấy Samsung AddWash Inverter 10.5 kg WD10N64FR2W/SV",0
28216,FRI-166ISU,"Tủ lạnh Funiki INVERTER FRI-166ISU 160 lít",0
28227,FRI-186ISU,"Tủ lạnh Funiki INVERTER FRI-186ISU 185 lít",0
28233,FRI-216ISU,"Tủ lạnh Funiki INVERTER FRI-216ISU 209 lít",0
28237,LES17AWF3022,"Máy sấy quần áo Speed Queen LES17AWF3022 - 15Kg",1
28258,FR-125CI,"Tủ lạnh Funiki FR-125CI tủ mini 125 lít không đóng tuyết",1
28260,FR-132CI,"Tủ lạnh Funiki FR-132CI tủ mini 130 lít không đóng tuyết",1
28262,FR-152CI,"Tủ lạnh Funiki FR-152CI 150L không đóng tuyết",1
28270,FR-135CD,"Tủ lạnh Funiki FR-135CD tủ mini 130 lít",1
28272,FR-126ISU,"Tủ lạnh Funiki FR-126ISU tủ mini 126 lít không đóng tuyết",1
28274,FR-212ISU,"Tủ lạnh Funiki FR-212ISU 205 lít không đóng tuyết",0
28276,FR-182ISU,"Tủ lạnh Funiki FR-182ISU 184 lít không đóng tuyết",0
28278,FR-156ISU,"Tủ lạnh Funiki FR-156ISU 150 lít không đóng tuyết",0
28280,FR-136ISU,"Tủ lạnh Funiki FR-136ISU tủ mini 136 lít không đóng tuyết",0
28282,FR-216ISU,"Tủ lạnh Funiki FR-216ISU 209 lít không đóng tuyết",0
28286,FR-186ISU,"Tủ lạnh Funiki FR-186ISU 185 lít không đóng tuyết",0
28290,FR-166ISU,"Tủ lạnh Funiki FR-166ISU 160 lít không đóng tuyết",0
28292,FR-91DSU,"Tủ lạnh Funiki FR-91DSU tủ mini 90 lít",1
28294,FR-71DSU,"Tủ lạnh Funiki FR-71DSU tủ mini 74 lít",1
28296,FR-51DSU,"Tủ lạnh Funiki FR-51DSU tủ mini 50 lít",1
28298,FR-51CD,"Tủ lạnh Funiki FR-51CD tủ mini 50 lít",0
28300,FR-71CD,"Tủ lạnh Funiki FR-71CD tủ mini 74 lít",0
28302,FR-91CD,"Tủ lạnh Funiki FR-91CD tủ mini 90 lít",0
28306,SMI88TS46E,"Máy rửa bát âm tủ Bosch SMI88TS46E",1
28319,SMS88UI36E,"Máy rửa chén Bosch SMS88UI36E",1
28334,SMV88UX36E,"Máy rửa bát Bosch SMV88UX36E, seri 8",1
28351,SMI88US36E,"Máy rửa bát Bosch SMI88US36E , seri 8",1
28362,SMS68TW06E,"Máy rửa bát bosch SMS68TW06E",1
28390,SMS46MI07E,"Máy rửa bát độc lập Bosch SMS46MI07E",1
28400,SMS46MI05E,"Máy rửa bát Bosch SMS46MI05E, Seri 4",1
28414,SMS46NI05E,"Máy rửa bát Bosch SMS46NI05E, Seri 4",0
28426,SMS46NI04E,"Máy rửa bát bosch SMS46NI04E",1
28440,SMS46NI03E,"MÁY RỬA BÁT BOSCH SMS46NI03E",1
28454,PXY875DC1E,"Bếp từ bosch PXY875DC1E",0
28464,PIE875DC1E,"Bếp từ Bosch PIE875DC1E, Seri 8",1
28471,PXX675DC1E,"Bếp từ Bosch PXX675DC1E, Seri 8",1
28478,PUC631BB2E,"Bếp từ Bosch PUC631BB2E, Seri 4",0
28485,PIE631FB1E,"Bếp từ Bosch PIE631FB1E, Seri 6",0
28494,55GX655,"Android Tivi 4K Panasonic 55 Inch TH-55GX655V (Loại O3B-1)",0
28510,FV1409S3W,"Máy giặt lồng ngang thông minh LG AI DD 9kg FV1409S3W",0
28536,48A9S,"OLED TV 4K 48 inch Sony 48A9S UHD mẫu 2020",0
28578,75Q800TA,"Smart Tivi QLED  8K Samsung 75Q800T 75 inch",0
28600,Giant-C,"Bộ Máy Giặt Sấy Chuyên Dụng LG Giant-C Giặt 19kg Sấy 19kg",0
28616,AS95GDWV0,"Máy lọc không khí LG AS95GDWV0",0
28631,AS65GDWD0,"Máy lọc không khí LG AS65GDWD0",0
28651,BCJ2,"Máy Rửa Mặt Sạch Sâu Dual Cleanser Lg Pra.L Bcj2",1
28666,BBJ2,"Máy đẩy dưỡng chất LG Pra.L I-on Galvannic booter BBJ2",1
28682,RN5,"Loa Karaoke LG Xboom RN5",0
28702,SN8Y,"Loa thanh soundbar LG 3.1.2 SN8Y 440W",0
28720,SN9Y,"Loa thanh soundbar LG 5.1.2 SN9Y 520W",0
28740,T420,"Loa thanh Samsung HW-T420",1
28770,43GX655,"Android Tivi 4K Panasonic 43 Inch TH-43GX655V (Loại O2B)",0
28779,TH-65GX655V,"Android Tivi 4K Panasonic 65 Inch TH-65GX655V (Loại O1A)",0
28794,NR-BX410QKVN,"Tủ lạnh Panasonic Inverter 368 Lít NR-BX410QKVN mới 2020",0
28819,BA229PKVN,"Tủ lạnh Panasonic Inverter 188 lít NR-BA229PKVN",0
28842,MRC-690SS,"Tủ lạnh Midea Inverter 530 lít MRC-690SS",0
28865,MRC-690GS,"Tủ lạnh Midea Inverter 530 lít MRC-690GS",0
28886,MRC-626FWEIS,"Tủ lạnh Midea Inverter 482 lít MRC-626FWEIS",0
28908,MAS7501(SG),"Máy giặt Midea 7.5Kg MAS7501(SG) mới 2020",0
28922,MAS8501(SG),"Máy giặt Midea 8.5Kg MAS8501(SG) mới 2020",1
28931,MAS9501(SG),"Máy giặt Midea 9.5Kg MAS9501(SG) Mới 2020",1
28936,MAS7502(WB),"Máy giặt Midea 7.5Kg MAS7502(WB) mới 2020",0
28942,MAS8502(WB),"Máy giặt Midea 8.5Kg MAS8502(WB)Mới 2020",1
28947,MFK85-1401WK,"Máy giặt Midea Inverter 8.5 Kg MFK85-1401WK Mới 2020",1
28970,MFK85-1401SK,"Máy giặt Midea Inverter 8.5 Kg MFK85-1401SK Mới 2020",1
28993,MFK95-1401SK,"Máy giặt Midea Inverter 9.5 Kg MFK95-1401SK Mới 2020",1
29013,MFK95-1401WK,"Máy giặt Midea Inverter 9.5 Kg MFK95-1401WK Mới 2020",1
29036,HW-Q90R,"Loa thanh soundbar Samsung 7.1.4 HW-Q90R 510W",0
29067,JN1648T,"Máy lọc nước RO Midea JN1648T 5 lõi",1
29085,BL26AVPVN,"Tủ lạnh Panasonic Inverter 234 lít NR-BL26AVPVN",0
29105,BL263PKVN,"Tủ lạnh Panasonic Inverter 234 lít NR-BL263PKVN",0
29128,BL263PAVN,"Tủ Lanh Inverter Panasonic 234 Lít NR-BL263PAVN (Loại O1A)",0
29140,BL263PPVN,"Tủ lạnh Panasonic Inverter 234L NR-BL263PPVN mới 2020",0
29149,PIV875DC1E,"Bếp từ Bosch PIV875DC1E",0
29156,PXE845FC1E,"Bếp từ Bosch PXE845FC1E",0
29162,PXY675DC1E,"Bếp từ Bosch PXY675DC1E",0
29168,PVS775FC1E,"Bếp từ Bosch PVS775FC1E",0
29170,PID651FC1E,"Bếp từ Bosch PID651FC1E",0
29172,PIJ675FC1E,"Bếp từ Bosch PIJ675FC1E",0
29174,PIB375FB1E,"Bếp từ Domino Bosch PIB375FB1E",1
29177,PUJ611BB1E,"Bếp từ bosch PUJ611BB1E",0
29184,KAN92VI35O,"Tủ Lạnh BOSCH 661 Lít KAN92VI35O",0
29195,KAD90VI20,"Tủ Lạnh SBS Bosch KAD90VI20",0
29206,KAG90AI20G,"Tủ lạnh Bosch KAG90AI20G Seri 6, dung tích 657L",0
29211,KAD92HI31,"Tủ lạnh Bosch KAD92HI31 Seri 8, dung tích 541L",0
29222,KAD92SB30,"Tủ lạnh Bosch KAD92SB30 Seri 6, dung tích 541L",0
29232,WAW24460EU,"Máy giặt Bosch WAW24460EU 9kg, Seri 6",0
29239,WAW28560EU,"Máy giặt Bosch WAW28560EU 9kg, Seri 8",0
29245,WAN28260BY,"Máy giặt bosch WAN28260BY",0
29254,WTB86201SG,"Máy sấy quần áo Bosch WTB86201SG 8kg, Seri 6",0
29259,WTW87561SG,"Máy sấy quần áo Bosch WTW87561SG 9kg, Seri  8",1
29265,WAW28790HK,"Máy giặt Bosch WAW28790HK 9kg, Seri 8",0
29273,WAW28480SG,"Máy giặt Bosch WAW28480SG 9kg, Seri 8",1
29282,WAW28440SG,"Máy giặt Bosch WAW28440SG 8kg, Seri 8",0
29292,WAW32640EU,"Máy giặt Bosch WAW32640EU 9kg, Seri 8",0
29300,DWB98JQ50,"Máy hút mùi Bosch DWB98JQ50 90cm, Seri 6",1
29307,DEE928BSG,"Máy hút mùi Bosch DEE928BSG",1
29319,DWJ97HM60,"Máy Hút Mùi Bosch DWJ97HM60",1
29323,DWJ67HM60,"Máy Hút Mùi Bosch DWJ67HM60",1
29329,SMS88TI36E,"Máy rửa bát Bosch SMS88TI36E",1
29332,SMI68MS02E,"Máy rửa bát BOSCH SMI68MS02E",1
29339,SMI46MS00E,"Máy rửa chén âm tủ BOSCH SMI46MS00E|Serie 4",0
29343,SMV46MX03E,"Máy rửa bát Bosch SMV46MX03E - Germany",1
29351,SMV67MX01E,"Máy rửa bát Bosch SMV67MX01E, Seri 6",1
29357,SMU46MS03E,"Máy rửa bát bosch SMU46MS03E",1
29367,SMU67MS01E,"Máy rửa bát bosch SMU67MS01E",1
29372,SKS62E22EU,"Máy rửa bát bosch SKS62E22EU",1
29378,SKS51E28EU,"Máy rửa bát bosch SKS51E28EU",1
29383,SKE52M65EU,"Máy rửa bát bosch SKE52M65EU",1
29388,SMS46MW00E,"Máy rửa bát bosch SMS46MW00E",1
29394,,"Máy rửa bát bosch SMS46NI03E",1
29412,TH2112SSAV,"Máy giặt LG Inverter 12 kg TH2112SSAV",0
29433,TH2111SSAL,"Máy giặt LG Inverter 11 kg TH2111SSAL",0
29459,K590-K280,"Bộ đôi loa kéo Karaoke k590 và k280",1
29467,CJ1500,"Loa kéo di động CJONE-CJ1500",1
29473,k8160,"Loa kéo di động AAR-K8160",1
29476,ftkq60svmv,"Máy lạnh Daikin Inverter 2.5 HP FTKQ60SVMV",1
29516,"AQR-IGW525EM GB","Tủ lạnh Aqua Inverter 456 lít AQR-IGW525EM GB",0
29560,"AQR-IG525AM GB","Tủ lạnh Aqua Inverter 456 lít AQR-IG525AM GB",0
29581,AQW-D90CT.BK,"Máy giặt AQUA 9KG AQW-D90CT.BK",0
29587,AQW-DW90CT.N,"Máy giặt Aqua Inverter 9 Kg AQW-DW90CT N",0
29606,AQW-D900BT.N,"Máy giặt Aqua Inverter 9 kg AQW-D900BT N",0
29625,AQW-D901BT.N,"Máy giặt Aqua Inverter 9 kg AQW-D901BT N",0
29645,AQD-D850E.W,"Máy giặt Aqua Inverter 8.5 kg AQD-D850E W",1
29670,"AMOR 15 SQ","Bình nóng lạnh Rossi amore 15 SQ",1
29672,"AMOR 20 SQ","Bình nóng lạnh Rossi Amore RA-20SQ 20 lít",1
29674,"30 SQ","Bình nóng lạnh Rossi Pisa RPS-30SQ - 30 lít",1
29676,"15 sl","Bình nóng lạnh Rossi PISA 15L RPS-15SL",1
29679,"20 sl","Bình nóng lạnh Rossi PISA 20L RPS-20SL",0
29681,"30 sl","Bình nóng lạnh Rossi PISA RPS-30SL - 30 lít",1
29685,AQR-T389FA(WGB),"Tủ lạnh Aqua Inverter 344 lít AQR-T389FA(WGB)",1
29710,AQR-IW378EB(BS),"Tủ Lạnh AQUA Inverter 350 Lít AQR-IW378EB(BS) (Loại O1A)",1
29719,AQR-IG378EB(GB),"Tủ lạnh Aqua Inverter 324 lít AQR-IG378EB GB",0
29755,SF110XA-220VT,"Máy giặt Hitachi 11 kg SF-110XA 220-VT (COG-W)",0
29772,AQR-IG338EB(GB),"Tủ lạnh Aqua 292 lít AQR-IG338EB GB",0
29795,AQR-T359MA(GB),"Tủ lạnh Aqua Inverter 312 lít AQR-T359MA(GB) Mới 2020",1
29817,AQR-IW338EB(BS),"Tủ lạnh Aqua Inverter 288 lít AQR-IW338EB BS",1
29840,AQR-T369FA(WGB),"Tủ lạnh AQUA Inverter 318 lít AQR-T369FA(WGB)",0
29854,AQR-T329MA(GB),"Tủ lạnh AQUA Inverter 291 lít AQR-T329MA(GB)",1
29868,AQR-IG298EB(GB),"Tủ lạnh Aqua Inverter 260 lít AQR-IG298EB GB",1
29891,"AQD-D1050E N","Máy giặt Aqua Inverter 10.5 kg AQD-D1050E N",0
29910,"AQD-DD1050E S","Máy giặt lồng ngang Aqua 10.5kg AQD-DD1050E.S - Màu bạc",0
29918,65P618,"Android Tivi TCL 65P618 Smart 4K 65 Inch",0
29953,75P618,"Android Tivi TCL 75P618 Smart 4K 75 Inch",0
29977,"AQD-DD950E N","Máy giặt AQUA lồng ngang 9.5kg AQD-DD950E.N",0
29984,"AQD-DD950E S","Máy giặt Aqua Inverter 9.5 kg AQD-DD950E S",0
29995,"AQD-D950E N","Máy giặt Aqua Inverter 9.5 kg AQD-D950E N",0
30015,NA-FD11AR1BV,"Máy giặt Panasonic Inverter 11.5 Kg NA-FD11AR1BV",0
30035,NA-FD10AR1BV,"Máy giặt Panasonic Inverter 10.5 Kg NA-FD10AR1BV",0
30056,NA-F100X5LRV,"Máy giặt Panasonic 10 Kg NA-F100X5LRV",0
30095,TH-49DX650V,"Smart Tivi Panasonic 4K 49 inch TH-49DX650V",1
30119,SN5R,"Loa thanh soundbar LG 4.1 SN5R 520W",0
30152,RN7,"Loa Karaoke LG Xboom RN7",0
30174,SNH5,"Loa thanh soundbar LG 4.1 SNH5 600W",1
30195,On2D,"Loa karaoke LG ON2D Mới 2020",0
30201,RM1,"Loa Karaoke LG RM1",0
30220,55tu6900,"Smart Tivi Samsung 4K 55 inch 55TU6900 UHD mới 2020",0
30232,32t4300,"Smart Tivi Samsung 32 inch UA32T4300 mới 2020",0
30254,32AH101,"Tivi Asanzo 32 Inch Model 32AH101",0
30257,50SL700,"Smart Tivi 4K 50 inch Asanzo 50SL700 HDR Android mới 2020",0
30267,HT-S20R,"Dàn âm thanh Sony 5.1 HT-S20R 400W",1
30308,FV1408S4V,"Máy giặt LG Inverter 8.5 kg FV1408S4V",0
30330,FV1408S4W,"Máy giặt LG Inverter 8.5 kg FV1408S4W",0
30354,50UG6000,"Smart Tivi Casper 4K 50 inch 50UG6000 mới 2020",0
30366,MC-CL240DN46,"Máy Hút Bụi PANASONIC MC-CL240DN46",1
30379,MC-YL631RN46,"Máy Hút Bụi PANASONIC MC-YL631RN46 (Loại O2A)",1
30391,MC-CL777HN49,"Máy hút bụi Panasonic MC-CL777HN49 2100 W",1
30409,MC-CL779RN49,"Máy hút bụi Panasonic MC-CL779RN49 2200W",1
30429,MC-CL789RN49,"Máy hút bụi hộp Panasonic MC-CL789RN49",1
30450,MC-CL787TN49,"Máy Hút Bụi PANASONIC MC-CL787TN49 (Loại O2A)",1
30460,MC-YL635TN46,"Máy hút bụi Panasonic MC-YL635TN46",1
30471,MC-CL305BN46,"Máy hút bụi Panasonic MC-CL305BN46 1400 W",1
30479,TW-BK105S2V(WS),"Máy giặt Toshiba Inverter 9.5 Kg TW-BK105S2V(WS)",0
30499,"GR-AG41VPDZ XK1","Tủ lạnh Toshiba Inverter 359 lít GR-AG41VPDZ XK1",1
30518,"GR-AG36VUBZ XB1","Tủ lạnh Toshiba Inverter 305 lít GR-AG36VUBZ XB1",1
30536,"GR-AG39VUBZ XK1","Tủ lạnh Toshiba Inverter 330 lít GR-AG39VUBZ XK1",0
30555,"GR-AG58VA XK","Tủ lạnh Toshiba Inverter 555 lít GR-AG58VA XK",1
30579,"GR-AG66VA XK","Tủ lạnh Toshiba Inverter 608 lít GR-AG66VA (XK)",1
30602,HCF-400S2PH2,"Tủ đông mini 160 lít Hòa Phát HCF-400S2PH2.N, 2 ngăn",0
30604,HCF-1000S1PH2,"Tủ đông Funiki HCF-1000S1PH2 loại 560 Lít",0
30606,HCF-1100S1PH2,"Tủ đông Funiki 2 cánh 1 ngăn đông 588l HCF-1100S1PH2",0
30609,HCF-1300S1PH3,"tủ đông funiki 3 cánh 1 ngăn đông 742l HCF-1300S1PH3",0
30611,HCF-1700S1PH3,"tủ đông funiki 3 cánh 1 ngăn đông 1066l HCF-1700S1PH3",0
30613,HCF-830S1PH2,"Tủ đông Funiki 2 cánh 434l HCF-830S1PH2",0
30616,CN-1582,"Loa kéo CNMAX CN-1582, bass 40",0
30629,MX-T50,"Loa Tháp Samsung MX-T50/XV",0
30652,HW-T550,"Loa thanh Samsung HW-T550",1
30682,WA85T5160BY/SV,"Máy giặt Samsung Inverter 8.5 kg WA85T5160BY/SV",0
30701,55UN7300PTC,"Smart Tivi LG 4K 55 inch 55UN7300PTC",0
30716,49UN7300PTA,"Smart Tivi LED LG 49 inch 49UN7300PTA mới 2020",0
30739,43UN7300PTC,"Smart Tivi LG 4K 43 inch 43UN7300PTC mới 2020",0
30750,WW80T3020WW,"Máy giặt Samsung Inverter 8kg WW80T3020WW",0
30761,75UV10,"Smart TV iSLIM 4K 75” – 75UV10 [New 2020]",0
30806,RS62K62277P/SV,"Tủ lạnh Samsung Inverter 620 lít RS62K62277P/SV",0
30826,65UV10,"Smart TV iSLIM 4K 65” – 65UV10 [New 2020]",0
30846,55LS800,"Smart Tivi 4K 55 inch Asanzo 55SL800",0
30848,50AG600,"Smart tivi asanzo kính cường lực 50AG600 - 50 inch",0
30854,50G660,"Tivi Asanzo 50 INCH kính cường lực 50G660",0
30858,GN-F304PS,"Tủ đông LG Inverter 165 lít GN-F304PS",0
30882,25S200,"Tivi Led ASANZO 25S200 25 inch",0
30886,55UN7400PTA,"Smart Tivi LG 4K 55 inch 55UN7400PTA Mới 2020",0
30909,55CXPTA,"Smart Tivi OLED LG 4K 55 inch 55CXPTA",0
30931,65CXPTA,"Smart Tivi OLED LG 4K 65 inch 65CXPTA",0
30957,55880,"Tivi Asanzo Led 55 inch kính cường lực 55G880",0
30959,43SL600,"Smart Tivi Asanzo 43 inch 43SL600 Full HD",0
30966,32H22,"Tivi LED Asanzo 32 inch model 32H22 [New model]",0
30970,32T2,"Tivi Asanzo 32 inch 32T2 HD Ready",1
30973,40S600T2,"Tivi Led Asanzo 40 Inch 40S600T2",0
30977,40AS350,"Smart Tivi Asanzo 40 Inch Model 40AS350 mới 2020",0
30979,43AT500,"Tivi Led ASANZO 43AT500 43 inch",0
30983,43S51,"Smart Tivi Asanzo iSlim Pro 43 Inch Model 43S51 mới 2020",0
30997,43AS530,"Smart TV ASANZO 43AS530 43 inch",0
31025,88ZX,"TV LG OLED 8K 88ZX (88 inch) - hàng chính hãng",0
31055,55UN7000PTA,"Smart Tivi LG 4K 55 inch 55UN7000PTA mới 2020",0
31074,"DR-2 200-1","Máy nước nóng Ariston 200 lít DR-2 200-1 TR",1
31095,"DR-2 150-1","Máy nước nóng Ariston 150 lít DR-2 150-1 TR",1
31113,"WB640VGV0 GMG","Tủ lạnh Hitachi Inverter 569 Lít 4 cửa WB640VGV0(GMG)",1
31124,R-FWB490PGV9(GBK),"Tủ lạnh Hitachi Inverter 415 lít R-FWB490PGV9(GBK)",0
31140,"FG560PGV8X GBK","Tủ lạnh Hitachi 489L R-FG560PGV8X (GBK)",0
31142,MH-O23-11A,"Quạt sưởi dầu Midea MH-O23-11A",0
31160,MH-P20-BR,"Quạt sưởi nhiệt ceramic Midea MH-P20-BR",0
31166,MH-P20-AR,"Quạt sưởi nhiệt Midea MH-P20-AR",0
31184,MH-P15-C,"Quạt sưởi nhiệt Midea MH-P15-C",0
31205,55GX,"Tivi LG Web OS OLED 55 Inch 55GX",0
31218,GT-5201,"Bếp Đôi Từ GT-5201",1
31225,GT-5202,"Bếp Từ Đôi GT-5202 (2018)",1
31231,"GT-5202 (2019)","Bếp Từ Đôi GT-5202 (Model 2019)",1
31238,"GT-5203 (2018)","Bếp Đôi Điện Từ GT-5203 (2018)",1
31245,"GT-5203 ( 2019 )","Bếp Đôi Điện Từ GT-5203 mẫu thiết kế (Model 2019)",1
31252,GT-5205,"Bếp Ba Từ – Hồng Ngoại GT-5205",1
31254,GT-5206,"Bếp Điện Từ Đôi GT-5206",1
31268,GT-5208,"Bếp Điện Từ Đôi GT-5208",1
31270,GT-450,"Máy Hủy Rác Nhà Bếp GT-450",1
31277,GT-455,"Máy Hủy Rác Thực Phẩm GT-455",1
31284,"V5S PRO","Robot hút bụi lau nhà ILIFE V5s Pro",1
31296,V80,"Robot hút bụi lau nhà Ilife V80 – Phiên bản châu Âu",1
31302,A9S,"Robot hút bụi lau nhà Ilife A9S – Phiên bản cao cấp",1
31308,"R-FM800XAGGV9X DIA","Tủ lạnh Hitachi Inverter 569 Lít R-FM800XAGGV9X (DIA)",1
31325,DMX,"Dàn Karaoke DMX ( combo 1 )",1
31339,"DMX 2","Dàn âm thanh DMX 2 ( Combo 2)",1
31342,65UN7000PTA,"Smart Tivi LG 4K 65 inch 65UN7000PTA mới 2020",0
31361,combo4,"Dàn âm thanh Karaoke dành cho gia đình ( combo 4 )",1
31368,combo3,"Dàn âm thanh karaoke dành cho gia đình ( combo 3 )",1
31374,"dàn âm thanh","Dàn âm thanh karaoke cho gia đình ( combo 6 )",1
31397,VH6699W3,"Tủ Đông Sanaky Dàn Đồng Inverter VH6699W3 ( 1 ngăn đông, 1 ngăn mát)",1
31402,VH5699W3,"Tủ Đông Sanaky Dàn Đồng Inverter VH5699W3",1
31408,VH4099W4KD,"Tủ đông Sanaky Inverter 280 lít VH4099W4KD (mặt kính cường lực)",0
31417,43UN721C0TF,"Smart Tivi LG 43UN721C0TF mới 2020",0
31430,65UN721C0TF,"Smart Tivi LG 65UN721C0TF",0
31442,50UN721C0TF,"Smart Tivi LG 50UN721C0TF mới 2020",1
31454,55UN721C0TF,"Smart Tivi LG 55UN721C0TF",0
31468,50C715,"QLED Tivi 4K TCL 50C715 50 inch Smart Android TV mới 2020",0
31486,55C715,"QLED Tivi 4K TCL 55C715 55 inch Smart Android TV mới 2020",0
31504,50AU6000,"Smart Tivi Asanzo 4K UHD 50 inch 50AU6000",0
31510,65SK900,"Smart TV ASANZO 65SK900 65 inch cường lực",0
31523,S5BB,"Tủ chăm sóc quần áo thông minh LG Styler S5BB",0
31530,S5MB,"Tủ chăm sóc quần áo thông minh LG Styler S5MB",1
31540,S5MBA,"Máy giặt hấp sấy LG Styler S5MBA",0
31554,"KG104A KVO","Máy lọc nước Kangaroo KG104A KVO",1
31556,"KG104A VTU","Máy lọc nước Kangaroo KG104A VTU",1
31558,KG50G4,"Máy lọc nước Kangaroo Hydrogen KG50G4",1
31563,"KG06G4 VTU","Máy lọc nước kangaroo thế hệ mới 8 cấp độ lọc KG06G4 VTU",0
31568,"KG06G4 KVO","Máy lọc nước Kangaroo KG06G4 KVO",0
31570,"KG08G4 KVO","Máy lọc nước Kangaroo KG08G4 KVO",0
31572,"KG08G4 VTU","Máy lọc nước Kangaroo KG08G4 VTU",0
31574,"KG09G4 VTU","Máy lọc nước Kangaroo KG09G4 VTU",0
31576,"KG100HC VTU","Máy lọc nước Hydrogen 10 cấp Kangaroo KG100HC VTU",0
31582,"KG100HP VTU","Máy lọc nước Hydrogen Plus Kangaroo KG100HP VTU",0
31587,"KG100HG VTU","Máy lọc nước kangaroo Hydrogen KG100HG VTU",1
31598,KG100HK,"Máy Lọc Nước RO Hydrogen 2 Vòi KANGAROO KG100HK",1
31604,KG10A3,"Máy lọc nước RO nóng lạnh Kangaroo KG10A3",1
31618,KGMC09,"Máy lọc nước Kangaroo 9 cấp lọc Macca Model KGMC09 có vỏ tủ",1
31622,KG100HU,"Máy lọc nước R.O Hydrogen Kangaroo KG100HU 5 lõi",1
31635,KG100HU+,"Máy lọc nước Hydrogen 5 cấp Kangaroo KG100HU+(điện tử)",0
31641,KG100MED,"Máy lọc nước RO hydrogen ion kiềm Kangaroo KG100MED 5 lõi",1
31659,KG100EO,"Máy Lọc Nước Hydrogen Ion Kiềm Kangaroo KG100EO VTU",1
31666,KG100ES,"Máy lọc nước RO hydrogen ion kiềm Kangaroo KG100ES 7 lõi",1
31681,KG02G4,"Máy lọc nước Kangaroo OMEGA+ KG02G4 (Vỏ hoa Hàn Quốc)",1
31686,KG31H,"Máy làm nóng lạnh nước uống Kangaroo KG31H",0
31688,KG32N,"Cây nước nóng lạnh Kangaroo KG32N",1
31697,KG34H,"Máy làm nóng lạnh nước uống KG34H",1
31699,KG39A3,"Cây nước nóng lạnh Kangaroo KG39A3",1
31706,KG39H,"Máy nước nóng lạnh 3 vòi Kangaroo KG39H",0
31713,KG47A3,"Cây nước nóng lạnh Kangaroo KG47A3",0
31720,KG40N,"Cây nước nóng lạnh Kangaroo KG40N",1
31749,KG41H,"Máy làm nóng lạnh nước uống KG41H",1
31751,KG61A3,"Máy lọc nước RO nóng lạnh Kangaroo KG61A3 5 lõi",1
31770,KG43,"Máy nước nóng lạnh Kangaroo KG43",1
31778,KG44,"Cây nước nóng lạnh Hàn quốc - KG44",1
31780,KG46,"Cây nước nóng lạnh Kangaroo KG46-Korean",1
31787,KG48,"Máy làm nóng lạnh nước uống KG48",0
31789,KG50A3,"Cây nước nóng lạnh Kangaroo KG50A3",0
31810,UA70TU7000,"Tivi Samsung Smart 4K 70 inch UA70TU7000",0
31822,"AS 286MDI","Tủ đông Denver AS 286MDI",1
31826,"AS 328MDI","Tủ đông Denver AS 328MDI",1
31828,"AS 369MD","Tủ đông Denver AS 369MD",1
31830,"AS 428MDI","Tủ đông Denver AS 428MDI",1
31832,"AS 520MD (2)","Tủ đông Denver AS 520MD - Lòng Inox",1
31836,"AS 620MDI (2)","Tủ đông Denver AS 620MDI - Lòng Inox",1
31838,"AS 700MDI (3)","Tủ đông Denver AS 700MDI Inverter - Lòng Inox Inverter",1
31841,AS-770TD,"Tủ Đông Denver AS-770TD 1 Ngăn Đông Dung Tích 600 Lít ( màu Gold )",0
31846,R-201VN-W,"Lò vi sóng Sharp 20 Lít R-201VN-W",0
31864,R-202VN-S,"Lò vi sóng Sharp R-202VN-S",1
31872,R-203VN-M,"Lò vi sóng Sharp R-203VN-M 20 lít",1
31881,R-205VN-S,"Lò vi sóng Sharp R-205VN-S 20 lít",1
31888,R-208VN-WS,"Lò vi sóng Sharp R-208VN-WS",1
31890,R-209VN-SK,"Lò vi sóng Sharp R-209VN-SK",1
31895,R-G222VN-S,"Lò vi sóng SHARP R-G222VN-S 20 lít",1
31905,GR-RS637WE-PMV,"Tủ lạnh Toshiba Inverter 493 Lít GR-RS637WE-PMV",0
31916,R-G223VN-SM,"Lò vi sóng Sharp R-G223VN-SM 20 lít",1
31924,R-G226VN-S,"Lò vi sóng Sharp R-G226VN-S 20 lít",1
31932,R-G227VN-M,"Lò vi sóng Sharp R-G227VN-M 20 lít",1
31947,"AS 950MDI (3)","Tủ đông Denver AS 950MDI - Lòng Inox-Inverter",1
31949,"AS 960M","Tủ Đông Gia Đình Denver AS 960M 1 Chế Độ Dàn Đồng",0
31951,"AS 1600MDI","Tủ đông Denver AS 1600MDI 800L",0
31953,AS-1600,"Tủ Đông Denver AS-1600",1
31955,"AS 1700D","Tủ Đông Denver Dàn Đồng AS-1700",1
31957,AS-2600,"Tủ đông Denver AS 2600",1
31962,"AS 420G","Tủ đông Denver AS 420G",1
31966,"AS 500HDI (2)","Tủ đông Denver AS 500HDI-Lòng Inox",1
31969,"AS 550HDI-2","Tủ đông Denver AS 550HDI-Lòng Inox",1
31975,"AS 588HDI (1)","Tủ đông Denver AS 588HDI-Lòng Inox",1
31981,"AS 850HDI","Tủ đông Denver AS 850HDI",1
31985,"AS 559K (2)","Tủ đông mặt kính Denver AS 559K-Lòng Inox",1
31987,"AS 780K","Tủ đông mặt kính Denver AS 780K",1
31989,"AS 980K","Tủ đông mặt kính Denver AS 980K",1
31991,"AS 880K","Tủ đông mặt kính Denver AS 880K",1
31995,"AS 1280K","Tủ đông mặt kính Denver AS 1280K",1
31997,"AS 1580K","Tủ đông mặt kính cong Denver AS 1580K",1
31999,"AS 59TMD","Tủ mát Denver AS 59TMD",1
32001,"AS 580TMD","Tủ mát Denver AS 580TMD",1
32004,"AS 602GTD","Tủ mát Denver AS 602GTD",0
32006,"AS 570TMD","Tủ mát Denver AS 570TMD",0
32008,"AS 1680GTD","Tủ mát Denver AS 1680GTD",1
32012,"AS 1760TMD","Tủ mát Denver AS 1760TMD",0
32015,"SP 2800","Tủ mát trưng bày siêu thị Denver SP 2800",1
32027,EH-20TL11,"Bình nóng lạnh Casper 20l EH-20TL11",0
32036,SH-20TL11,"Máy nước nóng Casper SH-20TL11",0
32041,EH-30TL11,"Bình nóng lạnh Casper 30l EH-30TL11",0
32048,SH-30TL11,"Bình nước nóng Casper SH-30TL11 30 lít",0
32050,T2555VSAB,"Máy giặt LG Inverter 15.5 Kg T2555VSAB",0
32067,GN-F304WB,"Tủ đông LG Inverter 165 lít GN-F304WB",0
32100,OFR4613,"Máy sưởi dầu FujiE OFR4613",1
32103,CH-2100,"Quạt sưởi gốm ceramic FujiE CH-2100",1
32113,CH-2500,"Máy sưởi điều hòa treo tường FujiE CH-2500",1
32123,OFR4511,"Máy sưởi dầu FujiE OFR4511",1
32125,OFR4411,"Máy sưởi dầu FujiE OFR4411",1
32131,OFR4413,"Máy sưởi dầu FujiE OFR4413",1
32147,CH6000,"Máy sưởi đối lưu thế hệ mới FujiE CH6000",0
32155,OFR6509,"Máy sưởi dầu FujiE OFR6509",1
32159,OFR6511,"Máy Sưởi Dầu Thế Hệ Mới FujiE OFR6511",1
32172,CH-1600,"Máy sưởi gốm Ceramic FujiE CH-1600 2000W",1
32177,MC30VVM-A,"Máy lọc không khí Daikin MC30VVM-A",1
32221,MC55UVM6-7,"Máy lọc không khí Daikin MC55UVM6",1
32241,MC70MVM6,"Máy lọc không khí Daikin MC70MVM6",0
32247,MCK55TVM6,"Máy lọc không khí Daikin MCK55TVM6",1
32275,"SG38PGV9X GBK","Tủ lạnh Hitachi 375L SG38PGV9X (GBK)",0
32291,HE-2B,"Đèn sưởi nhà tắm Heizen HE-2B 2 bóng",1
32298,HE-3B,"Đèn sưởi nhà tắm Heizen HE-3B 3 bóng",1
32302,HE-2BR,"Đèn sưởi nhà tắm heizen 2 bóng HE-2BR",1
32304,HE-3BR,"Đèn sưởi nhà tắm Heizen 3 bóng vàng HE3BR (có điều khiển từ xa)",1
32306,HE-4BR,"Đèn sưởi nhà tắm 4 bóng âm trần HE4BR - Có điều khiển từ xa",1
32308,HE9,"Đèn sưởi nhà tắm 4 bóng âm trần LED HE9 - Điều khiển từ xa",1
32309,HE-IT610,"Đèn Sưởi Nhà Tắm Heizen Không Chói Mắt (HE-IT610)",1
32312,H2B,"Đèn sưởi nhà tắm Hans 2 bóng - H2B",1
32316,H3B,"Đèn sưởi nhà tắm Hans 3 bóng - H3B",1
32320,H4B,"Đèn sưởi 4 bóng âm trần – H4B",1
32324,HA-S,"Quạt sưởi nhà tắm Hans HA-S công tắc",1
32327,H10-S,"Quạt mát nhà vệ sinh âm trần công tắc Hans – H10S",1
32330,H10-R,"Quạt mát nhà vệ sinh âm trần điều khiển từ xa Hans – H10R",1
32333,HA-R,"Quạt sưởi nhà tắm âm trần Hans HA-R điều khiển từ xa",0
32334,APPINO20,"Đèn Sưởi Nhà Tắm Heizen APPINO20",1
32338,HE-ITR,"Đèn sưởi nhà tắm Heizen HE-ITR",1
32341,APPINO15,"Đèn Sưởi Nhà Tắm Heizen APPINO15 Treo Tường Không Chói Mắt",1
32345,APPINO10,"Đèn Sưởi Nhà Tắm Heizen APPINO10 Treo Tường Không Chói Mắt",1
32366,HE-IT5,"Đèn sưởi không chói mắt 500W Heizen HE-IT5",1
32369,HE-IT36,"Đèn sưởi nhà tắm Heizen HE-IT36",1
32375,K4B-T,"Đèn sưởi Kottmann âm trần K4BT",1
32377,K9R,"Đèn sưởi 2 bóng âm trần có ĐKTX – K9R",1
32383,K9S,"Đèn sưởi 2 bóng âm trần Kottmann – K9S",1
32388,K2B-HW-G,"Đèn sưởi nhà tắm Kottmann K2B-HW-G",1
32392,K4B-G,"Đèn sưởi nhà tắm Kottmann K4B-G",0
32396,K3B-Q,"Đèn sưởi 3 bóng treo tường Kottmann – K3BQ",1
32399,K2B-Q,"Đèn sưởi nhà tắm 2 bóng treo tường K2B-Q",1
32402,K3B-G,"Đèn Sưởi Nhà Tắm Kottmann K3B-G 3 Bóng Treo Tường",0
32409,K2B-G,"Đèn Sưởi Nhà Tắm Kottmann K2B-G 2 Bóng Hồng Ngoại",0
32413,AR600-U3,"Máy lọc nước A.O.Smith AR600-U3",1
32422,A1,"Máy lọc nước RO A.O.Smith 5 lõi A1",1
32432,A2,"Máy lọc nước RO 5 lõi A.O.Smith A2",1
32446,Z4,"Máy lọc nước RO AOSmith Z4 5 lõi",1
32465,Z7,"Máy lọc nước RO có nước nóng AOSmith Z7 5 lõi",1
32483,KJ420F-B01,"Máy lọc không khí Aosmith KJ420F-B01",1
32491,KJ500F-B01,"Máy lọc không khí Aosmith KJ500F-B01",1
32500,R400E,"Máy Lọc Nước A. O. Smith R400E",1
32506,K400,"Máy lọc nước RO Aosmith K400",1
32522,E2,"Máy lọc nước RO Aosmith E2 5 lõi",1
32543,E3,"Máy lọc nước RO Aosmith E3",1
32560,M2,"Máy lọc nước RO AOSmith M2 5 lõi",1
32592,43P715,"Android Tivi TCL 43 inch 43P715 mới 2020",0
32614,50P715,"Android Tivi TCL 50 inch 50P715 mời 2020",0
32637,50P618,"Smart Tivi TCL 4K 50P618 50 inch",0
32655,L65P8,"Android Tivi TCL 4K 65 inch L65P8",0
32681,"CZ 986P","BẾP TỪ CANZY CZ 986P",1
32683,"CZ BM720T","Bếp Từ Canzy CZ BM720T",1
32685,QA55Q95T,"Smart Tivi QLED Samsung 4K 55 inch QA55Q95T",0
32714,QA65Q95T,"Smart Tivi QLED Samsung 4K 65 inch QA65Q95T",0
32743,RDNT200I50VWB,"Tủ lạnh Beko Inverter 188 lít RDNT200I50VWB",1
32765,RDNT251I50VWB,"Tủ lạnh Beko Inverter 230 lít RDNT251I50VWB",1
32787,RDNT200I50VS,"Tủ lạnh Beko Inverter 188 lít RDNT200I50VS",1
32806,RDNT231I50VWB,"Tủ lạnh Beko Inverter 210 lít RDNT231I50VWB",1
32825,RDNT271I50VWB,"Tủ lạnh Beko Inverter 250 lít RDNT271I50VWB",1
32845,TS9218,"Máy sưởi dầu Tiross 12 Thanh TS9218 - Có Điều Khiển",0
32852,TS9217,"Máy sưởi dầu Tiross 11 thanh TS9217",1
32864,TS920,"Máy sưởi dầu 11 thanh Tiross TS920",0
32879,TS923,"Máy sưởi dầu TIROSS TS-923 9 thanh",1
32890,TS924,"Máy sưởi dầu Tiross TS-924 11 thanh",1
32899,TS9212,"Máy sưởi dầu Tiross TS9212 11 thanh",0
32909,TS9213,"Máy sưởi dầu Tiross TS9213 13 thanh",0
32918,TS9215,"Máy sưởi dầu Tiross TS9215 15 thanh",0
32927,TS9216,"Máy sưởi dầu Tiross TS9216- 13 thanh",0
32939,TS9214,"Sưởi đối lưu TIROSS TS9214",0
32945,TS9291,"Đèn sưởi nhà tắm Tiross TS9291, 2 bóng",0
32956,TS926-1,"Máy sưởi dầu TIROSS TS926-1 13 thanh",0
32966,TS926,"Máy sưởi dầu TIROSS TS-926, 13 thanh",0
32974,TS9292,"Đèn sưởi nhà tắm Tiross TS9292, 3 bóng",0
33004,32LN560BPTA,"Internet Tivi LG 32 Inch 32LN560BPTA",0
33015,65NANO81TNA,"Smart Tivi LG 4K 65 inch 65NANO81TNA mới 2020",0
33045,55UM7290PTD,"Smart Tivi LG 4K 55 inch 55UM7290PTD",0
33070,43X8500H/S,"Android Tivi Sony 4K 43 inch KD-43X8500H/S mới 2020",0
33106,KD-49X8500H/S,"Android Tivi Sony 4K 49 inch KD-49X8500H/S",0
33107,S5MPC,"Tủ chăm sóc quần áo thông minh LG Styler S5MPC",0
33118,EDH803BEWA,"Máy sấy Electrolux 8 Kg EDH803BEWA",0
33132,EDH903BEWA,"Máy sấy Electrolux 9 Kg EDH903BEWA",0
33213,"TW-BH95M4V WK","Máy giặt Toshiba Inverter 8.5 kg TW-BH95M4V(WK)",0
33238,32HX6200,"Smart Tivi Casper 32 inch 32HX6200",1
33258,55UG6100,"Android Casper 55 inch 55UG6100",0
33274,50UG6100,"Smart Tivi Casper 4K 50 inch 50UG6100",0
33275,55UG6300,"Android Casper 55 inch 55UG6300",0
33277,32HN5200,"Tivi Casper 32 inch 32HN5200",0
33280,32HG5200,"Smart Tivi Casper 32 inch 32HG5200",0
33281,43FG5200,"Smart Tivi Casper 43 Inch 43FG5200",0
33291,43FX6200,"Internet Tivi Casper 43 Inch 43FX6200",0
33299,HCB131R-NV,"Máy sưởi gốm ceramic Erito HCB131R-NV",1
33302,HCB141R-NV,"Máy sưởi gốm ceramic Erito HCB141R-NV",1
33318,GR-A28VM(UKG),"Tủ lạnh Toshiba Inverter 233 lít GR-A28VM(UKG)",0
33345,MX-T40,"Loa Tháp Samsung MX-T40/XV",0
33346,"Botvac D3 Connected","Máy Robot Hút Bụi Botvac D3 Connected",1
33366,"Botvac D4 Connected","Máy Robot Hút Bụi Botvac D4 Connected",1
33367,"Botvac D5 Connected","Máy Robot Hút Bụi Botvac D5 Connected",1
33368,"Botvac D6 Connected","Máy Robot Hút Bụi Botvac D6 Connected",1
33369,"Botvac D7 Connected","Máy Robot Hút Bụi Botvac D7 Connected",1
33373,"BK95G4V WS","Máy Giặt TOSHIBA 8.5Kg TW-BK95G4V (WS)",0
33381,"BK105G4V SS","Máy giặt lồng ngang Toshiba Inverter 9,5kg TW-BK105G4V(SS)",1
33394,"BK115G4V SS","Máy giặt lồng ngang Toshiba Inverter 10,5kg TW-BK115G4V SS",1
33397,"Botvac Connected","Máy Robot Hút Bụi Botvac Connected",1
33436,"OZMO T8","Robot hút bụi Ecovacs Deebot Ozmo T8",1
33437,"OZMO 900","Robot hút bụi Ecovacs Deebot Ozmo 900",1
33438,"OZMO 920","Robot hút bụi Ecovacs Deebot Ozmo 920",1
33439,"OZMO 950","Robot hút bụi Ecovacs Deebot Ozmo 950",1
33440,"Deebot U2 Pro","Robot hút bụi Ecovacs Deebot U2 Pro",1
33453,"Deebot U3 Line Friends","Robot hút bụi Ecovacs Deebot U3 Line Friends",1
33454,"OZMO 610","Robot hút bụi Ecovacs Deebot Ozmo 610",0
33455,"Deebot 710","Robot hút bụi Ecovacs Deebot 710",1
33465,"Deebot 900","Robot hút bụi Ecovacs Deebot 900",1
33466,65NANO86TNA,"Smart Tivi LG 4K 65 inch 65NANO86TNA mới 2020",0
33468,FJVN08-S05F,"Máy rửa bát Fujishan FJVN08-S05F",1
33478,FJVN08-S07F,"Máy rửa bát Fujishan FJVN08-S07F",1
33480,FJVN08-S10f,"Máy rửa bát Fujishan FJVN08-S10F",1
33482,"FJVN15- S03AF","Máy rửa bát Fujishan FJVN15-S03AF",1
33487,FJVN12-S06TF,"Máy rửa bát 12 bộ âm tủ Fujishan FJVN12 – S06TF",1
33490,"FJVN15- S08AF","Máy rửa bát gia đình độc lập Fujishan FJVN15- S08AF (15 bộ)",1
33556,"H350PGV7 BBK","Tủ lạnh Hitachi Inverter 290 lít H350PGV7(BBK)",0
33572,SF80XA-220VT,"Máy giặt Hitachi 8kg SF-80XA 220-VT (WH)",0
33609,KD-85X8000H,"Android Tivi Sony 4K 85 inch KD-85X8000H",0
33637,2T-C32CC1X,"Tivi LED Sharp 32 inch 2T-C32CC1X",0
33648,S5GFO,"Máy giặt hấp sấy LG Styler S5GFO",0
33668,55TU8300,"Smart Tivi Samsung Cong 4K 55TU8300",0
33671,F2515RTGW,"Máy giặt sấy LG F2515RTGW giặt 15 Kg sấy 8 kg Inverter",0
33683,50UN7350PTD,"Smart Tivi LG 4K 50 inch 50UN7350PTD",0
33710,4T-C60CK1X,"Smart Tivi Sharp 60 inch 4T-C60CK1X 4K Ultra HD",0
33751,PUJ631BB2E,"Bếp Từ Bosch PUJ631BB2E",0
33762,PID675DC1E,"Bếp từ Bosch PID675DC1E",1
33778,55P618,"Android Tivi TCL 4K 55 inch 55P618",0
33802,QA85Q950T,"›Tivi›Tivi Samsung Smart Tivi QLED Samsung 8K 85 inch QA85Q950T",0
33845,82UN8000PTB,"Smart Tivi LG 4K 82 inch 82UN8000PTB ThinQ AI",0
33875,55P715,"Android Tivi TCL 55 inch 55P715",0
33927,WW90T3040WW/SV,"Máy giặt Samsung 9 KG WW90T3040WW/SV",0
33937,ES-W80GV-H,"Máy giặt Sharp 8Kg ES-W80GV-H",0
33951,32GS655V,"Android Tivi Panasonic 32 inch TH-32GS655V",0
33960,50GX655V,"Smart Tivi 4K Panasonic 50 Inch TH-50GX655V",0
33971,55GX755V,"Android Tivi Panasonic 4K 55 inch TH-55GX755V",0
33981,65GX755V,"Android Tivi Panasonic 4K 55 inch TH-65GX755V",0
33983,BA189PKVN,"Tủ lạnh Panasonic 167 lít 2 cánh Inverter BA189PKVN",0
34004,BA190PPVN,"Tủ lạnh Panasonic Inverter 170 lít NR-BA190PPVN",1
34024,W621VF-T2,"Tủ lạnh Panasonic 618 lít NR-W621VF-T2",0
34047,V10ENH,"Máy lạnh LG Inverter 1 HP V10ENH1",1
34058,FTKA35UAVMV,"Điều hòa Daikin 1 chiều Inverter 12000BTU FTKA35UAVMV",1
34070,FTKA25UAVMV,"Máy lạnh Dakin 1.0 HP FTKA25UAVMV",0
34086,"HUF 300SR1 / HPF UAH6106","Tủ đông đứng Hòa Phát HUF 300SR1 / HPF UAH6106 (106L)",1
34095,"HUF 350SR1 / HPF UAH6147","Tủ đông đứng Hòa Phát HUF 350SR1 / HPF UAH6147 (147L)",1
34104,"HUF 450SR1 / HPF UAH6208","Tủ đông đứng Hòa Phát HUF 450SR1 / HPF UAH6208 (208L)",1
34120,"W 180SA","Cây Nước Nóng Lạnh Denver W 180SA",1
34130,"W 190SA","Cây Nước Nóng Lạnh Denver W 190SA",1
34136,"W 200A","Cây Nước Nóng Lạnh Denver W 200SA",0
34141,RS575-VBW,"Tủ lạnh Casper Inverter 551 lít RS-575VBW",0
34156,"HSC 650F2.N","Tủ mát Hòa Phát Funiki HSC 650F2.N",0
34160,"HSC 850F2.N","Tủ mát Funiki HSC 850F2.N",0
34163,43NANO79TND,"Smart Tivi NanoCell LG 4K 43 inch 43NANO79TND",0
34193,W631VC-T2,"Tủ lạnh Panasonic 628 lít NR-W631VC-T2",0
34221,NA-FD95V1BRV,"Máy giặt Panasonic Inverter 9.5 Kg NA-FD95V1BRV",0
34243,"BCD 3571","TỦ ĐÔNG ALASKA BCD3571 350L",1
34249,"HB 550CI","Tủ đông Inverter Alaska HB-550CI 550L",1
34253,"HB 650CI","Tủ đông Inverter Alaska HB-650CI 650L",1
34255,"HB 890CI","Tủ đông Inverter Alaska HB-890CI 890L",1
34256,"HB 1200CI","Tủ đông Inverter Alaska HB-1200CI 1200L",1
34260,"HB 1100CI","Tủ đông Inverter Alaska HB-1100CI 1100L",1
34261,"HB 1500CI","Tủ đông Inverter Alaska HB-1500CI 1500L",1
34267,"ISG 9","Tủ kem Alaska ISG 9",1
34270,"HB 890N","Tủ đông Alaska HB-890N",0
34274,KC-210CI,"Tủ đông Inverter Alaska KC-210CI",1
34276,KC-210C,"Tủ đông Alaska KC-210C mặt kính cong 210L",1
34278,KC-210,"Tủ đông Alaska KC-210 mặt kính cong 210 lít",1
34283,"SC 501Y","Tủ đông Alaska 500 lít SC-501Y",0
34285,KC-310,"Tủ Đông Kính Cong ALASKA KC-310",1
34291,"SC 500Y","Tủ đông Alaska SC-500Y",0
34294,KC-203S,"Tủ kem Alaska KC-203S",1
34296,KC-395,"Tủ đông Alaska KC-395 mặt kính cong",1
34298,"IF 23","Tủ đông đứng Alaska IF-23 230L",0
34301,"KN 400","Tủ đông Alaska KN-400 mặt kính cong",1
34303,"KN 850","Tủ đông Alaska KN-850 mặt kính phẳng 850 lít",0
34337,GR-A28VM(UKG1),"Tủ lạnh Toshiba Inverter 233 lít GR-A28VM(UKG1)",0
34360,"GR-B31VU SK","Tủ lạnh Toshiba Inverter 253 lít GR-B31VU SK",0
34369,"KN 450","Tủ đông Alaska KN-450 mặt kính phẳng",1
34382,"GR-B31VU UKG","Tủ lạnh Toshiba Inverter 253 lít GR-B31VU UKG",0
34391,SL7C,"Tủ mát Alaska SL-7C 700 lít 2 cánh",1
34422,SJ-XP660PG-BK,"Tủ lạnh Sharp SJ-XP660PG-BK 2 cánh cửa Inverter 606 lít",0
34433,SJ-XP660PG-SL,"Tủ lạnh Sharp SJ-XP660PG-SL 2 cánh cửa Inverter 606 lít",0
34435,SJ-FXP600VG-BK,"Tủ lạnh Sharp SJ-FXP600VG-BK Inverter 525 lít",1
34446,SKF-250S,"Tủ Đông 1 Ngăn Sumikura SKF-250S (210L)",1
34456,"DMF-3799 AX","Tủ đông 1 ngăn Darling 370L ống đồng - DMF-3799AX",1
34461,"DMF-3799 AS","Tủ đông Darling Smart DMF-3799AS",1
34463,"DMF-4799 AS","Tủ Đông Darling 1 Ngăn 2 Cánh DMF-4799AS 450 Lít",1
34466,"DMF-3799 ASI","Tủ đông Darling Inverter 270 lít DMF-3799 ASI",1
34488,"DMF-4799 ASI","Tủ đông Darling Inverter 360 lít DMF-4799 ASI",1
34514,"DMF-8779 ASI","Tủ đông Darling Smart Inverter DMF-8779ASI",1
34516,"DMF-9779 ASI","Tủ đông Darling Smart Inverter DMF-9779ASI",1
34517,"DMF-1079 ASI","Tủ đông Darling Smart Inverter DMF-1079ASI",1
34543,FD95X1LRV,"Máy giặt Panasonic 9.5 KG NA-FD95X1LRV",0
34553,V90FX2LVT,"Máy giặt cửa trước Panasonic 9kg NA - V90FX2LVT",0
34568,B255S,"Tủ Lạnh LG Inverter 2 Cánh GN-B255S 255 Lít",0
34579,"RF610WE-PMV(37) SG","Tủ lạnh Toshiba Inverter 511 lít GR-RF610WE-PMV(37)-SG",0
34604,"H230PGV7 BBK","Tủ Lạnh Hitachi R-H230PGV7(BBK)- 230L Inverter",0
34623,"H350PGV7 BSL","Tủ Lạnh HITACHI 290 Lít R-H350PGV7 (BSL)",0
34634,TM.VH8009HP3,"Tủ Mát SANAKY 700 Lít VH 8009HP3",1
34638,TD.VH2899K3,"Tủ đông kính cong SANAKY 280 lít VH2899K3",0
34645,TD.VH3899K3,"Tủ đông kính cong SANAKY 380 lít VH3899K3",1
34646,TD.VH4899K3,"Tủ đông kính cong SANAKY 480 lít VH4899K3",1
34647,SKF-450S,"Tủ đông Sumikura SKF-450S 450L",1
34650,SKF-550S,"Tủ đông Sumikura SKF-550S 550L",1
34651,SKF-650S,"Tủ đông Sumikura SKF-650S",1
34657,SKF-750S,"Tủ đông Sumikura SKF-750S 750L",1
34658,SKF-750SI,"Tủ đông Sumikura SKF-750SI Inverter 750L",0
34659,SKF-650SI,"Tủ đông Sumikura SKF-650SI Inverter 650L",0
34663,"LIECTROUX C30B","Robot hút bụi lau nhà Liectroux C30B",1
34674,"TM 2000 GTL","Tủ Mát Denver 1000 Lít TM 2000 GTL",1
34677,"TM 2200 GTL","Tủ Mát Denver 1380 Lít TM 2200GTL",1
34680,"MK 1000","Tủ Mát Denver Trưng Bày 700 Lít MK 1000",1
34683,"TW-BH95S2V WK","Máy giặt Toshiba Inverter 8.5 Kg TW-BH95S2V WK",0
34701,MAS9501(WB),"Máy Giặt Midea 9,5 Kg MAS9501(WB) Lồng Đứng",0
34707,S5BFO,"Tủ chăm sóc quần áo thông minh LG Syler S5BFO",0
34719,TW-BK95S2V(WK),"Máy giặt Toshiba Inverter 8.5 kg TW-BK95S2V(WK)",0
34748,NA-V105FX2BV,"Máy giặt Panasonic Inverter 10.5 Kg NA-V105FX2BV",0
34772,65TU8300,"Tivi Samsung Tizen OS 4K Ultra HD 65 Inch 65TU8300",0
34782,SKF-1100S,"Tủ đông Sumikura SKF-1100S 3 cánh 1100L",1
34785,SKF-1350S,"Tủ đông Sumikura SKF-1350S 3 cánh 1350L",1
34786,65GXPTA,"Smart Tivi OLED LG 4K 65 inch 65GXPTA",0
34843,SJ-FX600V-SL,"Tủ lạnh Sharp SJ-FX600V-SL 4 cánh cửa Inverter",0
34856,SJ-FX640V-SL,"Tủ lạnh Sharp Inverter 572 lít SJ-FX640V-SL",1
34868,"HT- G700","Loa thanh Sony 3.1 HT- G700",0
34895,T2312DSAV,"Máy giặt LG Inverter 12 kg T2312DSAV",0
34916,T2108VSPM,"Máy giặt LG Inverter 8 kg T2108VSPM",0
34932,"SL 15C3","Tủ mát Alaska SL-15C3 1500 lít 3 cánh",0
34934,FTKA50UAVMV,"Máy lạnh Daikin inverter 2 HP FTKA50UAVMV",1
34943,75Q950TS,"QLED Tivi 8K Samsung 75Q950TS 75 inch Smart TV",0
34971,YZ12XKH-8,"Điều hòa Panasonic 2 chiều Inverter 12.000BTU CU/CS-YZ12XKH-8",0
34986,NA-F90A4BRV,"Máy giặt Panasonic 9 kg NA-F90A4BRV",0
34988,V95FX2BVT,"Máy giặt Panasonic Inverter 9.5 Kg NA-V95FX2BVT",0
35030,75Q60AA,"Smart Tivi QLED Samsung 4K 75 inch 75Q60AA",0
35054,55Q60AA,"Smart Tivi QLED Samsung 4K 55 inch 55Q60AA",0
35058,50Q60AA,"Smart Tivi QLED Samsung 4K 50 inch 50Q60AA",0
35089,SJ-XP660PG-MR,"Tủ lạnh Sharp SJ-XP660PG-MR 2 cánh cửa Inverter 606 lít",0
35091,"BG410PGV6 GS","Tủ lạnh Hitachi inverter 330 lít R-BG410PGV6(GS)",0
35097,"FVX450PGV9 GBK","Tủ lạnh Hitachi Inverter 339 lít R-FVX450PGV9(GBK)",1
35112,"H200PGV7 BBK","Tủ lạnh Hitachi Inverter 203 Lít H200PGV7 (BBK)",1
35124,"WB730PGV6X XGR","Tủ lạnh Hitachi Inverter 587 lít R-WB730PGV6X (XGR)",0
35136,"WB800PGV5 GBK","Tủ lạnh Hitachi Inverter 640 lít R-WB800PGV5 GBK",0
35159,"WB800PGV5 XGR","Tủ lạnh Hitachi Inverter 640 lít R-WB800PGV5 XGR",0
35163,"WB640VGV0X MIR","Tủ lạnh Hitachi Inverter 569 lít R-WB640VGV0X(MIR)",0
35177,"AS 550HDI-3","Tủ đông Denver AS 550HDI - Lòng Inox-Inverter",1
35178,"AS 550HDI-1","Tủ đông Denver AS 550HDI - Lòng chống dính",1
35179,ETE5720GA,"Tủ lạnh Electrolux ETE5720GA 573 lít Inverter",0
35186,ETE5720B-A,"Tủ lạnh Electrolux ETE5720BA 573 lít 2 cửa Inverter",0
35196,43TU6900,"Smart Tivi Samsung 4K 43 inch 43TU6900 UHD",0
35226,50TU6900,"Smart Tivi Samsung 4K 50 inch 50TU6900 UHD",0
35228,V10ENW1,"Máy lạnh LG Inverter 1 HP V10ENW1",0
35249,55Q80AA,"Smart Tivi  Qled Samsung 55 inch 55Q80AA",0
35278,55Q70AA,"Smart Tivi Samsung QLED 4K 55 inch QA55Q70AA",0
35283,V13ENS1,"Điều hòa 1 chiều Inverter LG V13ENS1 12.000BTU",0
35299,"ECO 1812","Máy nước nóng năng lượng mặt trời Ariston ECO 1812 (150L)",1
35302,"ECO 1814","Máy nước nóng năng lượng mặt trời Ariston ECO 1814 (175L)",0
35303,"ECO 1816","Máy nước nóng năng lượng mặt trời Ariston ECO 1816 (200L)",1
35304,"ECO 1820","Bình Nóng Lạnh Năng Lượng Mặt Trời Ariston ECO 1820 250 Lít",1
35305,"ECO 1824","Bình Nóng Lạnh Năng Lượng Mặt Trời Ariston ECO 1824 300 Lít",0
35306,ES-W78GV-H,"Máy giặt Sharp 7.8 kg ES-W78GV-H",0
35324,ES-W78GV-G,"Máy giặt Sharp 7.8 kg ES-W78GV-G",0
35327,ES-W82GV-H,"Máy giặt Sharp 8.2Kg ES-W82GV-H",0
35342,ES-W90PV-H,"Máy giặt Sharp 9 kg ES-W90PV-H",0
35356,ES-W95HV-S,"Máy giặt Sharp 9.5Kg ES-W95HV-S",1
35377,ES-W100PV-H,"Máy giặt Sharp 10Kg ES-W100PV-H",1
35389,ES-W102PV-H,"Máy giặt Sharp 10.2Kg ES-W102PV-H",1
35402,ES-W110HV-S,"Máy giặt Sharp 11Kg ES-W110HV-S",1
35403,55TU8000,"Smart Tivi Samsung 4K 55 inch 55TU8000 Crystal UHD",0
35422,65Q60T,"QLED Tivi 4K Samsung 65Q60T 65 inch Smart TV",0
35450,65TU8000,"Smart Tivi Samsung 4K 65 inch 65TU8000 Crystal UHD",0
35452,43Q60AA,"Smart Tivi Samsung QLED 4K 43 inch QA43Q60AA",0
35472,55QN85A,"NEO QLED Tivi 4K Samsung 55QN85A 55 inch Smart TV",0
35496,65QN90A,"NEO QLED Tivi 4K Samsung 65QN90A 65 inch Smart TV",0
35516,2140401,"Bình Cubo 15L chống giật 2.500W – Export",1
35522,0430410,"Bình Cubo 15L thường 2.500W – Export",1
35523,2150401,"Bình Cubo 30L chống giật 2.500W – Export",1
35527,0470410,"Bình Cubo 30L thường 2.500W – Export",1
35528,1500401,"Bình nước nóng QQ EVO 15L loại thường 2.500W - M",1
35532,2160401,"Bình nước nóng QQ EVO 15L chống giật 2.500W - ME",1
35534,1530401,"Bình nước nóng Verdi 15L 3 công suất, chống giật 2.500W TE",1
35542,1560401,"Bình nước nóng Ferroli QQ EVO 15L chống giật, chống cặn 2.500W - AE",1
35548,"FVY480PGV0 GBK","Tủ lạnh Hitachi Inverter 349 lít R-FVY480PGV0 (GBK)",1
35561,"FVY480PGV0 GMG","Tủ lạnh Hitachi Inverter 349 lít R-FVY480PGV0 (GMG)",1
35567,"FVX510PGV9 GBK","Tủ lạnh Hitachi Inverter 406 lít R-FVX510PGV9(GBK)",1
35582,QA55QN90AA,"Smart Tivi Samsung Neo QLED 4K 55 inch QA55QN90AA",0
35604,"FG690PGV7X GBK","Tủ lạnh Hitachi Inverter 550 lít R-FG690PGV7X (GBK)",0
35618,"WB780PGV6X XGR","Tủ Lạnh Hitachi Inverter 587 Lít R-WB780PGV6X (XGR) 4 Cánh",0
35627,"WB780PGV6X GBK","Tủ Lạnh Hitachi Inverter 587 Lít R-WB780PGV6X (GBK) 4 Cánh",0
35632,"WB850PGV5 XGR","Tủ Lạnh Hitachi R-WB850PGV5 XGR Inverter 640 lít",0
35640,"WB850PGV5 GBK","Tủ Lạnh Hitachi R-WB850PGV5 GBK Inverter 640 lít",0
35642,"R-FM800PGV2 GS","Tủ lạnh Hitachi Inverter 600 lít R-FM800PGV2 GS",1
35646,"FWB475PGV2 GS","TỦ LẠNH HITACHI INVERTER 405L R-FWB475PGV2 (GS)",0
35658,"FVX480PGV9 MIR","Tủ lạnh Hitachi Inverter 366 lít R-FVX480PGV9 (MIR)",0
35672,"FM800GPGV2X MBW","Tủ lạnh Hitachi Inverter 584 lít R-FM800GPGV2X(MBW)",0
35684,"FX47EN GSL","Tủ lạnh Mitsubishi Inverter 376 lít MR-FX47EN-GSL-V",1
35691,2170401,"Bình nóng lạnh gián tiếp Ferroli QQ EVO 20 lít chống giật - ME",1
35700,1540401,"MÁY NƯỚC NÓNG FERROLI QQ EVO 20L 3 CÔNG SUẤT, CHỐNG GIẬT 2.500W - TE",1
35710,"SF-130XA WH","Máy Giặt Hitachi SF-130XA (WH) 13 Kg",0
35715,"SF-140XA WH","Máy giặt Hitachi SF-140XA (WH) 14 Kg",0
35723,"SF-100XAV WH-B","Máy giặt Hitachi Inverter 10 kg SF-100XAV 220-VT (WH-B)",0
35743,"SF-110XAV WH-B","Máy giặt Hitachi Inverter 11 kg SF-110XAV 220-VT (WH-B)",0
35751,"SF-120XAV WH-B","Máy giặt Hitachi Inverter 12 kg SF-120XAV 220-VT (WH-B)",0
35758,"SF-130XAV SL","Máy giặt Hitachi inverter 13 kg SF-130XAV 220-VT (SL)",0
35769,"SF-140XAV SL","Máy giặt Hitachi inverter 14 kg SF-140XAV 220-VT (SL)",0
35786,"SF-180XWV SL","Máy giặt 18 Kg Hitachi SF-180XWV SL lồng đứng",0
35804,"SF-200XWV CH","MÁY GIẶT HITACHI 20 KG SF-200XWV CH",0
35814,"SF-200XWV SL","MÁY GIẶT HITACHI 20 KG SF-200XWV SL",0
35817,"SF-200XWV WH","MÁY GIẶT HITACHI 20 KG SF-200XWV WH",0
35819,"SF-240XWV CH","Máy giặt Hitachi Inverter 24 kg SF-240XWV 220-VT CH",0
35830,"SF-240XWV SL","Máy giặt Hitachi Inverter 24 kg SF-240XWV 220-VT SL",0
35843,"SF-240XWV WH","Máy giặt Hitachi Inverter 24 kg SF-240XWV 220-VT WH",0
35853,2500401,"Bình nước nóng Verdi 15L 3 công suất, chống giật 2.500W TE",1
35861,2540401,"Bình nước nóng Verdi 20L 3 công suất, chống cặn, chống giật 2.500W AE",1
35872,2520401,"Bình nước nóng Verdi 30L 3 công suất, chống giật 2.500W TE",1
35873,2510401,"Bình nước nóng Verdi 20L 3 công suất, chống giật 2.500W TE",1
35874,2530401,"Bình nước nóng Verdi 15L 3 công suất, chống cặn, chống giật 2.500W AE",1
35875,2550401,"Bình nước nóng Verdi 30L 3 công suất, chống cặn, chống giật 2.500W AE",1
35876,2730401,"Bình nước nóng Verdi 15L 3 công suất, hiển thị, chống giật 2.500W DE",1
35885,2740401,"Bình nước nóng Verdi 20L 3 công suất, hiển thị, chống giật 2.500W DE",1
35886,2750401,"Bình nước nóng Verdi 30L 3 công suất, hiển thị, chống giật 2.500W DE",1
35887,0510401,"BÌNH NƯỚC NÓNG AQUA 50L ĐỨNG",1
35894,DVHP09B,"Máy sấy LG 9 Kg DVHP09B",1
35909,DVHP09W,"Máy sấy LG 9 Kg DVHP09W",1
35923,QA65Q60AA,"Smart Tivi Samsung QLED 4K 65 inch QA65Q60AA",0
35945,75AU7000,"Smart Tivi Samsung 75 inch 75AU7000",0
35969,0550401,"BÌNH NƯỚC NÓNG GIÁN TIẾP AQUA 80 LÍT TREO ĐỨNG",1
35970,3431001,"Máy nước nóng trực tiếp Ferroli AMORE GDP 4.500W",1
35981,3401001,"MÁY NƯỚC NÓNG TRỰC TIẾP AMORE GSN 4.500W",1
35988,3411001,"Máy nước nóng Ferroli Amore GSP 4500W",1
36000,2791001,"Máy nước nóng trực tiếp đa nhiệm Rita FS-TM 4.500W",1
36007,2831001,"MÁY NƯỚC NÓNG RITA FS-4.5 TE",1
36014,1761001,"Máy nước nóng Ferroli DIVO SDN 4.500W",1
36031,1771001,"Máy nước nóng Ferroli DIVO SDP 4.500W",1
36048,1741001,"Máy Nước Nóng Ferroli Divo SSN 4.500W",1
36065,1751001,"Máy nước nóng Ferroli Divo SSP 4.5S 4500W",1
36078,2821001,"Máy nước nóng trực tiếp Ferroli Slim DIVO SSP 4500W - sen cây",1
36087,0570401,"BÌNH NƯỚC NÓNG AQUA 100L ĐỨNG",1
36088,1030401,"Bình nóng lạnh gián tiếp Ferroli QQ 50L chống giật 2.500W - ME",1
36100,0120401,"Bình QQ 50L chống cặn, chống giật 2.500W - AE",1
36108,1090401,"Bình nóng lạnh gián tiếp Ferroli AQUA chống giật 50 lít ngang",1
36113,ETB3200GG,"Tủ lạnh Electrolux Inverter 317 lít ETB3200GG",0
36125,75AU8000,"Smart Tivi Samsung 4K 75 inch 75AU8000 Crystal UHD",0
36147,65AU7000,"Smart Tivi Samsung 65 inch 65AU7000",1
36163,55AU9000,"Smart Tivi Samsung 4K 55 inch 55AU9000 Crystal UHD",0
36184,85QN85AA,"Smart Tivi Neo QLED 4K 85 inch Samsung QA85QN85A",0
36201,65Q70AA,"Smart Tivi QLED 4K 65 inch Samsung QA65Q70A",0
36228,65Q80AA,"Smart Tivi QLED 4K 65 inch Samsung QA65Q80A",0
36248,QA85Q60A,"Smart Tivi QLED Samsung 4K 85 inch QA85Q60A (85Q60AA)",0
36301,SKF-300D,"TỦ ĐÔNG 2 NGĂN 250 LÍT SUMIKURA SKF-300D",1
36307,SKF-500D,"Tủ đông Sumikura SKF-500D",1
36315,SKF-600D,"Tủ đông Sumikura SKF-600D",1
36316,SKF-500DI,"Tủ đông Sumikura SKF-500DI Inverter",0
36323,SKF-600DI,"Tủ đông Sumikura SKF-600DI Inverter",1
36325,SKSC-250,"Tủ mát Sumikura SKSC-250",0
36330,SKSC-300,"Tủ mát Sumikura SKSC-300",0
36331,SKSC-400,"Tủ mát Sumikura SKSC-400",0
36332,UA50AU7000KXXV,"Smart Tivi Samsung Crystal UHD 4K 50 inch UA50AU7000KXXV",0
36348,77CXPTA,"Smart Tivi OLED LG 4K 77 inch 77CXPTA",0
36378,SKSC-450,"Tủ mát Sumikura SKSC-450",0
36383,SKSC-300I,"Tủ mát Sumikura SKSC-300I Inverter",0
36394,SKSC-400I,"Tủ mát Sumikura SKSC-400I Inverter",0
36395,SKSC-450I,"Tủ mát Sumikura SKSC-450I Inverter",0
36396,SKFU-218,"Tủ đông Sumikura SKFU-218",0
36403,KJ20FE-BD,"Máy lọc không khí Midea KJ20FE-BD",1
36420,MAP-200GD41,"Máy lọc không khí Midea MAP-200GD41",1
36438,MAP-210GC46,"Máy lọc không khí Midea MAP-210GC46",1
36456,MAP-350GS1,"Máy lọc không khí Midea MAP-350GS1",1
36475,KG268DM1,"Tủ đông mềm Kangaroo 140L KG268DM1",1
36479,MAP-550GJA32,"Máy lọc không khí Midea MAP-550GJA32",1
36500,KG399DM1,"Tủ đông mềm Kangaroo KG399DM1",1
36512,43AU8000,"Smart Tivi Samsung Crystal UHD 4K 43 inch UA43AU8000KXXV",0
36513,75Q70AA,"QLED Tivi 4K Samsung 75Q70A 75 inch Smart TV",0
36561,NIS-C09R2H08,"Điều hòa Nagakawa inverter 9000BTU 1 chiều NIS-C09R2H08",1
36568,NIS-C12R2H08,"Điều hòa Nagakawa Inverter 1 chiều 12000 BTU NIS-C12R2H08",1
36583,NIS-C18R2H10,"Máy lạnh Nagakawa Inverter 2 HP NIS-C18R2H10",1
36594,"KG 268DM2","Tủ đông mềm Kangaroo 192 lít KG 268DM2",1
36664,"KG 328DM2","Tủ đông mềm Kangaroo 212 lít KG 328DM2",0
36686,"KG 400DM2","Tủ đông mềm Kangaroo 252 lít KG 400DM2",1
36707,KG408S2,"Tủ đông mềm Kangaroo 252L KG408S2",1
36728,KG168NC1,"Tủ đông Kangaroo 90L KG168NC1",1
36755,GWC12KC-K6N0C4,"Máy lạnh Gree 1.5 HP GWC12KC-K6N0C4",0
36769,GWC24KE-K6N0C4,"Máy lạnh Gree 2.5 HP GWC24KE-K6N0C4",0
36790,GWH09KB-K6N0C4,"Điều hòa Gree 2 chiều 9000BTU GWH09KB-K6N0C4",0
36794,GWH12KC-K6N0C4,"Điều hòa Gree 2 chiều 12000BTU GWH12KC-K6N0C4",0
36798,GWC07PA-K3D0P4,"Điều hòa Gree Inverter 0.8 HP GWC07PA-K3D0P4",0
36810,GWC12PB-K3D0P4,"Điều hòa Gree Inverter 1.5 HP GWC12PB-K3D0P4",1
36831,GWC18PC-K3D0P4,"Điều hòa Gree Inverter 2 HP GWC18PC-K3D0P4",1
36847,GWC24PD-K3D0P4,"Máy lạnh Gree Inverter 2.5 HP GWC24PD-K3D0P4",0
36866,KG265NC1,"Tủ đông Kangaroo 265L KG265NC1",1
36875,KG329NC1,"Tủ đông kháng khuẩn Kangaroo KG329NC1",1
36882,KG399NC1,"Tủ đông Kangaroo KG399NC1 286 Lít - Kháng khuẩn",1
36888,"KG 298C2","Tủ đông Kangaroo 228 lít KG 298C2",1
36897,TM.PNM219K,"Tủ mát Pinimax PNM-219K",1
36917,TD.PNM49AF,"Tủ đông Pinimax PNM-49AF",1
36932,TD.PNM59AF,"Tủ đông Pinimax PNM-59AF",1
36933,KG498C2,"Tủ đông kháng khuẩn Kangaroo KG498C2",0
36939,TD.PNM89AF,"Tủ đông Pinimax PNM-89AF",1
36942,KG498KX2,"Tủ đông Kangaroo 327 lít KG498KX2",1
36949,SKFU-300,"Tủ đông đứng Sumikura SKFU-300",1
36970,KG266NC2,"Tủ đông kháng khuẩn Kangaroo KG266NC2",1
36971,SKFS-700F,"TỦ ĐÔNG SUMIKURA SKFS-700F",1
36990,KG320NC2,"Tủ đông kháng khuẩn Kangaroo KG 320NC2",1
36999,SKSC-55XW,"Tủ mát Sumikura SKSC-55XW",0
37006,SKSC-75XW,"Tủ mát Sumikura SKSC-75XW",0
37019,KG328NC2,"Tủ đông Kangaroo 328L KG328NC2",1
37020,SKSC-95XW,"Tủ mát Sumikura SKSC-95XW",0
37025,"KG 400NC2","Tủ đông Kangaroo 252 lít KG 400NC2",1
37033,B24END,"Điều hòa LG Inverter 2 chiều 24000BTU B24END1",0
37059,KG320IC2,"Tủ đông Kangaroo KG320IC2 320 Lít - Kháng khuẩn",1
37060,N18WKH-8,"Điều hòa Panasonic 2 HP CU/CS-N18UKH-8",0
37085,KG400IC2,"Tủ đông kháng khuẩn Kangaroo KG400IC2",1
37092,N24UKH-8,"Điều hòa Panasonic 24.000 BTU CU/CS-N24UKH-8",0
37096,KG399IC1,"Tủ đông Kangaroo inverter 399 lít KG399IC1",1
37123,KG668C1,"Tủ đông kháng khuẩn Kangaroo KG668C1",1
37124,N24VKH-8,"Máy lạnh Panasonic CU/CS-N24VKH-8 2.5HP 24.000 BTU",0
37135,KG668C1-1,"Tủ đông kháng khuẩn Kangaroo KG699C1",1
37138,KG668VC1,"Tủ đông kháng khuẩn Kangaroo KG668VC1",1
37157,KG809C1,"Tủ đông kháng khuẩn Kangaroo KG809C1",1
37162,Z24VKH-8,"Điều hòa Panasonic 2 chiều Inverter Z24VKH-8 24.000BTU",0
37166,"KG 566C2","Tủ đông Kangaroo KG 566C2 - 566L",0
37189,KG688C2,"Tủ đông kháng khuẩn Kangaroo KG688C2",1
37202,KG566VC2,"Tủ đông kháng khuẩn Kangaroo KG566VC2",0
37203,Z18VKH-8,"Điều hòa Panasonic 2 chiều Inverter 18000 BTU CU/CS-Z18VKH-8",0
37219,KG688VC2,"Tủ đông kháng khuẩn Kangaroo KG688VC2",1
37227,Z12VKH-8,"Điều hòa Panasonic 2 chiều Inverter 12000 BTU CU/CS-Z12VKH-8",0
37229,KG608A1,"Tủ kem kháng khuẩn Kangaroo KG608A1",1
37238,KG308C1,"Tủ đông Kangaroo 248 lít KG308C1",1
37239,Z9VKH-8,"Điều hòa Panasonic 2 chiều Inverter 9000 BTU CU/CS-Z9VKH-8",0
37258,FTKQ50SAVMV,"Máy lạnh Daikin Inverter 2 HP FTKQ50SAVMV",1
37260,KG369CT1,"Tủ mát kháng khuẩn Kangaroo KG369CT1",1
37284,FTKQ50SVMV,"Máy lạnh Daikin Inverter 2 HP FTKQ50SVMV",1
37286,KG409CT1,"Tủ mát kháng khuẩn Kangaroo KG409CT1",1
37298,KG409CT2,"Tủ mát kháng khuẩn Kangaroo KG409CT2",1
37301,SKFS-1500F,"Tủ đông Sumikura SKFS-1500F",0
37304,KG258AT,"Tủ mát kháng khuẩn Kangaroo KG258AT",1
37309,KG298AT,"Tủ mát Kangaroo 298L KG298AT",1
37310,SKSC-1202WG2,"TỦ MÁT SUMIKURA SKSC-1202WG2",0
37325,KG359AT,"Tủ mát Kangaroo 350L KG 359AT",1
37326,SKSC-1403WG3,"TỦ MÁT SUMIKURA SKSC-1403WG3",0
37328,ID4000BS,"BẾP ĐIỆN TỪ ĐÔI FERROLI ID4000BS",1
37339,ID4000BN,"Bếp Từ Ferroli ID4000BN",1
37344,,"Bếp từ đôi Ferroli-ID4000BS-Điều khiển trượt",1
37350,SKSC-1202WG2/HW,"Tủ mát Sumikura SKSC-1202WG2/HW",0
37358,SKSC-1403WG3/HW,"TỦ MÁT SUMIKURA SKSC-1403WG3/HW",0
37359,,"Bếp từ đôi Ferroli kính Schott, điều khiển số - ID4000BN",1
37367,RO-45PB,"Tủ lạnh Casper 44L RO-45PB",0
37368,IC4200BS,"BẾP TỪ-HỒNG NGOẠI IC4200BS",1
37374,IC4200BN,"Bếp từ và hồng ngoại mặt kính Schott IC4200BN",1
37383,IT5700BN,"BẾP BA TỪ IT5700BN ĐIỀU KHIỂN CẢM ỨNG",1
37388,3000M,"Quạt điều hòa không khí Rapido FRESH 3000M",0
37408,IC6600BN,"BẾP BA TỪ – HỒNG NGOẠI IC6600BN",1
37411,3000D,"Quạt điều hòa không khí Rapido 3000D",1
37421,RT-230PB,"Tủ lạnh Casper Inverter 218L RT-230PB",0
37449,RT-258VG,"Tủ lạnh Casper Inverter 240L RT-258VG",0
37450,IS2000HE,"Bếp từ đơn Ferroli 2000W - IS2000HE",1
37455,6000M,"Quạt điều hòa không khí Fresh-O 6000M",1
37478,RT-275VG,"Tủ lạnh Casper Inverter 261L RT-275VG",1
37480,6000D,"Quạt điều hòa không khí Rapido 6000D",1
37481,IS2000EC,"Bếp từ đơn IS2000EC",1
37503,RT-368VG,"Tủ lạnh Casper Inverter 337L RT-368VG",0
37526,CS2000EC,"Bếp hồng ngoại đơn CS2000EC",1
37538,HC703M,"Máy hút mùi cong - HC703M",1
37539,RT-421VGW,"Tủ lạnh Casper Inverter 404L RT-421VGW",0
37544,9000M,"Quạt điều hòa không khí Fresh-O 9000M",1
37566,HT702D,"MÁY HÚT MÙI HT702D",1
37571,RB-365VB,"Tủ lạnh Casper Inverter 325L RB-365VB",0
37580,HI-90DA,"Máy hút mùi nghiêng kính mở HI-90DA",1
37588,RM-522VBW,"Tủ lạnh Casper Inverter 463 lít RM-522VBW",0
37589,9000D,"Quạt điều hòa không khí Rapido 9000D",0
37590,HC73DS,"Máy hút mùi cong - HC73DS",1
37621,HS700A,"Máy hút mùi âm tủ HS-700A",1
37646,12000M,"Quạt điều hòa không khí Rapido FRESH 12000M",0
37652,FPC900-D,"Nồi áp suất điện đa năng FPC900-D",1
37661,RAC168D,"Quạt điều hòa không khí Rapido RAC168D",1
37662,FP2200-PD,"Máy lọc nước tinh khiết để bàn Ferroli FP 2200-PD",1
37663,RM-680VBW,"Tủ lạnh Casper Inverter 645L 4 cửa RM-680VBW",0
37681,FO-7A29E1,"Lò nướng FO-7A29E1",1
37692,FO-9A31E1,"Lò nướng FO-9A31E1",1
37700,FO-9A25MO,"Lò nướng + vi sóng FO-9A25MO",1
37707,32S55,"Android Tivi Asanzo 32 Inch 32S55 HD Ready",0
37717,43SL800,"Smart TV iSLIM 43” – 43SL800",0
37731,AS40CS6000,"Smart Tivi Màn Hình Cong ASANZO 40 Inch AS40CS6000",0
37737,50AU5900,"Smart Tivi 4K Asanzo 50 Inch Model 50AU5900",1
37738,RAF4.0M,"Nồi chiên không dầu Rapido RAF4.0M",1
37751,RAF4.0M2,"Nồi chiên không dầu Rapido RAF4.0M2",1
37753,RAF4.0M3,"Nồi chiên không dầu Rapido RAF4.0M3",1
37756,RAF5.0M,"Nồi chiên không dầu Rapido RAF5.0M 5 lít",0
37777,RAF6.5D,"Nồi chiên không dầu Rapido RAF6.5D 6.5 lít",1
37799,RAF6.5M,"Nồi chiên không dầu Rapido RAF6.5M 6.5 lít",1
37828,"GR-AG36VUBZ XK1","Tủ Lạnh TOSHIBA Inverter 305 Lít GR-AG36VUBZ(XK1)",0
37833,GR-RT400WE-PMV(06)-MG,"Tủ lạnh Toshiba Inverter 312 lít GR-RT400WE-PMV(06)-MG",0
37843,GR-RT440WE-PMV(06)-MG,"Tủ lạnh Toshiba Inverter 338 lít GR-RT440WE-PMV(06)-MG",0
37852,"GR-AG58VA (X)","Tủ lạnh Toshiba Inverter 555 lít GR-AG58VA (X)",1
37864,"GR-AG66VA X","Tủ lạnh Toshiba Inverter 608 lít GR-AG66VA X",1
37877,"TW-BK85S2V (WK)","Máy Giặt Toshiba Inverter 7.5Kg TW-BK85S2V (WK)",0
37884,"TW-BK95S3V (SK)","Máy Giặt Toshiba Inverter 8.5Kg TW-BK95S3V (SK)",1
37890,"TW-BK95M4V (SK)","Máy Giặt TOSHIBA Inverter 8.5Kg TW-BK95M4V (SK)",0
37898,BK105M4V,"Máy Giặt Toshiba Inverter 9.5Kg TW-BK105M4V (SK)",0
37907,50AS800N,"Tivi Smart Asanzo50inch model 50AS800N",0
37908,BX421WGKV,"Tủ lạnh Panasonic 377 lít NR-BX421WGKV",1
37909,55SK900,"Smart Tivi Asanzo Kính Cường Lực 55 inch 55SK900",0
37923,EC-24TL22,"Điều hòa 1 chiều 24000BTU Casper EC-24TL22",0
37924,BX421GPKV,"Tủ lạnh Panasonic Inverter 377 lít NR-BX421GPKV",1
37949,GH-18TL22,"Điều hòa 2 chiều Inverter Casper GH-18TL22",0
37970,BX471GPKV,"Tủ lạnh Panasonic Inverter 417 lít NR-BX471GPKV",0
37971,GH-24TL22,"Điều hòa 2 chiều Inverter Casper GH-24TL22",0
38004,SC-24TL32,"ĐIỀU HÒA CASPER 1 CHIỀU 24000BTU SC-24TL32",0
38010,BX471WGKV,"Tủ lạnh Panasonic Inverter 420 Lít NR-BX471WGKV",1
38012,IC-18TL32,"ĐIỀU HÒA CASPER 1 CHIỀU INVERTER 18000BTU IC-18TL32",0
38023,IC-24TL32,"Điều hòa Casper 1 chiều 24000BTU Inverter IC-24TL32",0
38037,GH-18TL32,"Điều hòa Casper 2 chiều Inverter 18.000BTU GH-18TL32",0
38075,"AS 588HDI (2)","Tủ đông Denver AS 588HDI - Lòng Inox-Inverter",1
38076,FD14V1BRV,"Máy giặt Panasonic Inverter 14 Kg NA-FD14V1BRV",0
38097,FD16V1BRV,"Máy giặt Panasonic Inverter 16 Kg NA-FD16V1BRV",0
38113,MR-FC25EP-OB-V,"Tủ lạnh Mitsubishi 217 Lít 2 cửa Inverter MR-FC25EP-OB-V",0
38121,MR-FC25EP-BR-V,"Tủ lạnh Mitsubishi 217 Lít 2 cửa Inverter MR-FC25EP-BR-V",0
38124,MR-FC25EP-SSL-V,"Tủ lạnh Mitsubishi 217 Lít 2 cửa Inverter MR-FC25EP-SSL-V",0
38126,SJ-XP570PG-SL,"Tủ lạnh Sharp SJ-XP570PG-SL 570 lít 2 cửa Inverter",0
38141,SJ-XP570PG-BK,"Tủ lạnh Sharp SJ-XP570PG-BK 570 lít 2 cửa Inverter",0
38143,SJ-XP570PG-MR,"Tủ lạnh Sharp SJ-XP570PG-MR 570 lít 2 cửa Inverter",0
38146,40L61,"Smart TV TCL Android 8.0 40 inch Full HD Wifi - 40L61",1
38167,L43U50,"Smart Tivi TCL 4K 43 Inch L43U50",0
38179,GC-09TL32,"Điều hòa Casper 1 chiều inverter GC-09TL32",0
38186,IC-12TL32,"Điều hòa Casper 1 chiều Inverter 12000BTU IC-12TL32",1
38192,GC-12TL32,"Máy lạnh Casper Inverter 1.5 HP GC-12TL32",1
38204,GC-18TL32,"Điều hòa Casper 1 chiều Inverter 18000BTU GC-18TL32",0
38211,GC-24TL32,"Máy lạnh Casper Inverter 2.5 HP GC-24TL32",0
38217,65EG8000,"SMART TIVI CASPER 4K 65 INCH 65EG8000",0
38235,NIS-C18R2H08,"MÁY LẠNH NAGAKAWA INVERTER NIS-C18R2H08 2.0 HP",1
38240,NIS-C24R2H10,"Điều hòa Nagakawa 24000BTU 1 chiều NIS-C24R2H10 inverter",1
38250,V18ENF1,"Máy lạnh LG Inverter 2 HP V18ENF1",0
38272,RR8,"Robot hút bụi và lau nhà Rapido RR8",1
38287,R8S,"Robot hút bụi Rapido R8S",1
38297,RR6,"Robot hút bụi và lau nhà Rapido RR6",1
38300,R6S,"Robot hút bụi và lau nhà Rapido R6S",1
38310,RR5,"Robot hút bụi và lau nhà Rapido RR5",1
38321,R5S,"Robot hút bụi và lau nhà Rapido R5S",1
38322,YZ18WKH-8,"Điều hòa Panasonic Inverter 2 chiều 18.000BTU YZ18WKH-8",1
38331,AH-X12VEW,"Máy lạnh Sharp Inverter 1.5 HP AH-X12VEW",0
38351,SC24MMC2,"Điều Hòa 24.000BTU Funiki 1 chiều SC24MMC2",0
38365,"SM35PE SBS VN","Máy Nước Nóng Trực Tiếp SM35PE SBS VN",1
38383,"SM45E SBS VN","Máy nước nóng Ariston AURES SM45E SBS VN",1
38395,"SMC45PE RS-VN","Máy nước nóng trực tiếp có bơm Ariston SMC45PE RS-VN 4500W",0
38402,"SM45PE SBS VN","Máy nước nóng trực tiếp Ariston 4500W Aures SM45PE SBS VN",1
38423,GH-24TL32,"Điều hòa Casper 24000 BTU Inverter GH-24TL32 2 chiều 2.5 HP",0
38447,"SL2 20 R 2.5 FE","Bình nóng lạnh gián tiếp Ariston SL2 20R 2.5 FE",1
38455,"BLU 15 R 2.5 FE","BÌNH NÓNG LẠNH ARISTON 15 LÍT BLU 15R 2.5 FE",1
38462,"DR-2 100-1","Bình nóng lạnh năng lượng mặt trời tấm phẳng Ariston 100 lít DR-2 100-1 TR",1
38465,"20SL 2.5 FE","Bình nóng lạnh Ariston 20L VITALY SL 20",1
38467,FAP-60D,"Máy lọc không khí và tạo ionizer Ferroli FAP-60D",1
38479,FAP-48D,"Máy lọc không khí và tạo ionizer Ferroli FAP-48D",1
38491,FAP-43D,"Máy lọc không khí và tạo ionizer Ferroli FAP-43D",1
38504,20000301,"Bình nước nóng Rapido Greta GE 15L, chống giật 2500W",1
38510,20100301,"Bình nước nóng Rapido Greta GE 20L, chống giật 2500W",1
38511,20200301,"Bình nước nóng Rapido Greta GE 30L, chống giật 2500W",1
38512,20300301,"Bình nước nóng Rapido Greta GA 15L, chống cặn, chống giật 2.500W",1
38519,20400301,"Bình nước nóng Rapido Greta GA 20L, chống cặn, chống giật 2.500W",1
38520,20500301,"Bình nước nóng Rapido Greta GA 30L, chống cặn, chống giật 2.500W",1
38521,TD.PNM29WF,"TỦ ĐÔNG PINIMAX PNM-29WF",1
38524,TD.PNM39WF,"TỦ ĐÔNG PINIMAX PNM-39WF",1
38525,TD.PNM49WF,"TỦ ĐÔNG PINIMAX PNM-49WF",1
38526,TD.PNM59WF,"TỦ ĐÔNG PINIMAX PNM-59WF",1
38527,TD.PNM69WF,"TỦ ĐÔNG PINIMAX PNM-69WF",1
38529,SKFS-300C,"Tủ đông Sumikura SKFS-300C",0
38535,SKFS-400C,"Tủ đông Sumikura SKFS-400C",0
38536,SKFS-500C,"Tủ đông Sumikura SKFS-500C",0
38537,TD.PNM139AF,"Tủ đông Pinimax PNM-139AF",1
38540,TD.PNM119AF,"Tủ đông Pinimax PNM-119AF",1
38542,PNM-29AF,"Tủ đông Pinimax PNM-29AF - 290L",1
38545,PNM-39AF,"Tủ đông Pinimax PNM-39AF - 390L",1
38546,PNM-29AF3,"Tủ đông Inverter Pinimax PNM-29AF3",1
38551,PNM-39AF3,"Tủ đông Inverter Pinimax PNM-39AF3",1
38553,PNM-49AF3,"Tủ đông Inverter Pinimax PNM-49AF3",1
38554,PNM-59AF3,"Tủ đông Inverter Pinimax PNM-59AF3",1
38555,PNM-69AF3,"Tủ đông Inverter Pinimax PNM-69AF3",1
38556,PNM-89AF3,"Tủ đông Inverter Pinimax PNM-89AF3",1
38558,PNM-119AF3,"Tủ đông Inverter Pinimax PNM-119AF3",1
38562,PNM-139AF3,"Tủ đông Inverter Pinimax PNM-139AF3",1
38563,"DMF-1179 ASI","Tủ đông Darling Smart Inverter DMF-1179ASI",1
38566,DMF-1279ASI,"Tủ đông Darling Smart Inverter DMF-1279ASI",1
38567,DMF-1579ASI,"Tủ đông Darling Smart Inverter DMF-1579ASI",1
38578,"DMF-3699 WSI-4","Tủ đông Darling Inverter 260 lít DMF-3699 WSI-4",1
38632,20600301,"Bình nước nóng Rapido Greta-GD15L 2.500W",1
38640,20700301,"Bình nước nóng Rapido Greta-GD20L 2.500W",1
38644,"20L FE","Bình nước nóng Rapido Frido 20L FE, chống giật 2.500W",1
38645,070200301,"Bình nước nóng Rapido Frido 30L FE, chống giật 2.500W",1
38647,MR-FC29EP-OB-V,"Tủ lạnh Mitsubishi MR-FC29EP-OB-V Inverter 243 lít",0
38659,MR-FC29EP-BR-V,"Tủ lạnh Mitsubishi MR-FC29EP-BR-V Inverter 243 lít",0
38661,MR-FC29EP-SSL-V,"Tủ lạnh Mitsubishi MR-FC29EP-SSL-V Inverter 243 lít",0
38663,ZK901,"Robot hút bụi Liectroux ZK901",1
38676,"T5 Hero","Robot hút bụi ECOVACS T5 HERO",1
38689,"T8 Aivi Plus","Robot hút bụi lau nhà Ecovacs Deebot T8 Aivi Plus",0
38701,"T8 Aivi","Robot hút bụi ECOVACS T8 AIVI",0
38709,DD35,"Robot Hút Bụi, Lau Nhà Ecovacs DD35",1
38719,N8,"ROBOT HÚT BỤI LAU NHÀ ECOVACS DEEBOT N8",1
38745,"T5 Max","Robot hút bụi lau nhà Ecovacs Deebot T5 Max",1
38755,"Winbot 950","Robot lau kính Winbot 950",1
38779,XPU12XKH-8,"Điều hòa Panasonic 12000 BTU 1 chiều inverter XPU12XKH-8",1
38787,XPU18XKH-8,"Điều hòa Panasonic 1 chiều inverter 18.000BTU XPU18XKH-8",0
38797,XPU24XKH-8,"Điều Hòa Panasonic 24000Btu 1 Chiều Inverter XPU24XKH-8",1
38805,PU18VKH-8,"Máy lạnh Panasonic 2.0 HP CU/CS-PU18XKH-8",0
38814,PU9XKH-8M,"Máy lạnh Panasonic 1.0 HP CU/CS-PU9XKH-8M",0
38824,PU12XKH-8M,"Máy lạnh Panasonic 1.5 HP CU/CS-PU12XKH-8M",0
38825,DMF–2699WS,"Tủ Đông Darling DMF-2699WS",1
38830,DMF–3699WS,"Tủ Đông Darling DMF-3699WS",1
38831,DMF–4699WS,"Tủ Đông Darling DMF-4699WS",1
38832,DMF-3699WSI,"Tủ Đông Darling DMF-3699WSI Smart Inverter",1
38840,DMF-7699WSI,"Tủ Đông Darling DMF-7699WSI Smart Inverter",1
38841,"DMF-3699 WS-2","Tủ Đông Darling 2 ngăn 370 Lít DMF-3699 WS-2",1
38848,"DMF-4699 WS-2","Tủ Đông Darling 2 ngăn 370 Lít DMF-4699 WS-2",1
38851,"DMF-7699 WS-2","Tủ Đông Darling 2 ngăn 770 Lít DMF-7699 WS-2",1
38853,"DMF-3699 WSI-2","Tủ đông Darling DMF-3699WSI-2",1
38860,"DMF-4699 WSI-2","Tủ đông Darling DMF-4699WSI-2",1
38861,KC-09TL32,"Máy lạnh Casper 1 HP KC-09TL32",0
38883,HW-T450,"Loa thanh Samsung HW-T450",0
38914,"DL-7000 A","Tủ Mát Darling DL-7000A",0
38924,"DL-9000 A","Tủ Mát Darling DL-9000A",0
38925,"DL-12000 A","Tủ Mát Darling DL-12000A",0
38927,WAX28M42,"MÁY GIẶT BOSCH WAX28M42",0
38943,AQF-C4201E,"Tủ đông Aqua Inverter 319 lít AQF-C4201E",0
38949,AQF-C5701E,"Tủ đông Aqua Inverter 425 lít AQF-C5701E",0
38953,AQF-C6901E,"Tủ đông Aqua Inverter 519 lít AQF-C6901E",0
38955,AQF-C4202E,"Tủ đông Aqua Inverter 295 lít AQF-C4202E",0
38957,AQF-C5702E,"Tủ đông Aqua Inverter 365 lít AQF-C5702E",0
38959,AQS-F318S,"Tủ mát Aqua 240 Lít AQS-F318S",0
38967,AQS-F368S,"Tủ mát Aqua 300 Lít AQS-F368S",1
38968,AQS-F418S,"Tủ mát Aqua 340 Lít AQS-F418S",0
38972,AQR-T219FA(PB),"Tủ lạnh Aqua Inverter 186 lít AQR-T219FA(PB)",0
38992,AQR-T359MA(BS),"Tủ lạnh Aqua Inverter 312L AQR-T359MA(BS)",0
39001,AQR-T369FA(WBS),"Tủ lạnh Aqua 318 lít AQR-T369FA(WBS)",0
39010,AQR-T389FA(WBS),"Tủ lạnh Aqua 344 lít AQR-T389FA(WBS)",1
39018,AQR-T150FA(BS),"Tủ lạnh Aqua 130 lít AQR-T150FA(BS)",1
39026,AQR-T238FA(FB),"Tủ lạnh Aqua Inverter 211 lít AQR-T238FA(FB)",1
39031,AQR-T239FA(HB),"Tủ lạnh Aqua Inverter 212 lít AQR-T239FA(HB)",1
39039,AQR-B379MA(WGB),"Tủ lạnh Aqua Inverter 320 lít AQR-B379MA(WGB)",0
39064,"DMF-7079 ASKI","Tủ kem Darling inverter DMF-7079ASKI",1
39075,DMF-10079ASKI,"Tủ đông siêu thị Darling DMF-10079ASKI",1
39080,DMF-3079ASKI,"Tủ kem Darling inverter DMF-3079ASKI",1
39093,DMF-4079ASKI,"Tủ kem Darling inverter DMF-4079ASKI",1
39094,DMF-5079ASKI,"Tủ kem Darling inverter DMF-5079ASKI",1
39096,DMF-6079ASKI,"Tủ kem Darling inverter DMF-6079ASKI",1
39097,DL-2800A,"Tủ mát Darling 280 Lít DL-2800A",1
39100,DL-3200A,"Tủ mát Darling 320 Lít DL-3200A",1
39101,DL-3600A,"Tủ mát Darling 360 lít DL-3600A",1
39102,DL-4000A2,"Tủ mát Darling DL-4000A2",0
39105,DL-5000A2,"Tủ mát Darling DL-5000A2",1
39106,DL-4000A3,"Tủ mát Darling DL-4000A3",1
39113,65X10,"Android Tivi Mini QLED TCL 4K 65 inch 65X10",0
39136,75X915,"QLED Tivi 8K TCL 75X915 75 inch Smart Android TV",0
39165,75P715,"Android Tivi TCL 4K 75 inch 75P715",0
39187,L55U50,"Smart Tivi TCL 4K 55 Inch L55U50",0
39188,AQR-S541XA(BL),"Tủ lạnh Aqua Inverter 541 lít AQR-S541XA(BL)",1
39211,AQA-KCR9NQ-S,"Điều hòa 1 chiều 9000BTU Aqua AQA-KCR9NQ-S",0
39222,AQA-KCR12NQ-S,"Điều hòa 1 chiều 12000BTU Aqua AQA-KCR12NQ-S",0
39223,AQA-KCR18NQ-S,"Điều hòa 1 chiều 18000BTU Aqua AQA-KCR18NQ-S",0
39224,AQA-KCRV9WNZ,"Máy lạnh Aqua Inverter 1HP AQA-KCRV9WNZ",1
39245,AQA-KCRV12WNZ,"Máy lạnh Aqua Inverter 1.5HP AQA-KCRV12WNZ",1
39248,AQA-KCRV18WNZ,"Máy lạnh Aqua Inverter 2.0HP AQA-KCRV18WNZ",1
39254,AQA-KCRV9F,"Điều hòa Aqua 1 chiều Inverter 9000BTU AQA-KCRV9F",1
39283,ASAG09CPTA-V,"Máy lạnh Fujitsu ASAG09CPTA-V / AOAG09CPTA-V (1Hp) Inverter",0
39290,ASAG12CPTA-V,"Máy lạnh Fujitsu ASAG12CPTA-V / AOAG12CPTA-V Inverter",1
39291,"Harman Kardon 5","Loa Bluetooth Harman Kardon Onyx Studio 5",0
39301,"HK 6","Loa Bluetooth Harman Kardon Onyx Studio 6",0
39314,"Go play","Loa Bluetooth Harman Kardon Go + Play",0
39329,"Boombox 2","Loa Bluetooth JBL Boombox 2 Đen",0
39349,"Flip 5","Loa Bluetooth JBL Flip 5",0
39359,HW-T650,"Loa thanh Samsung HW-T650",0
39380,HW-Q60T,"Loa thanh Samsung HW-Q60T",0
39413,"Xboom Go PL5","Loa Bluetooth LG Xboom Go PL5 Xanh Đen",0
39438,ASAG18CPTA-V,"Máy lạnh Fujitsu ASAG18CPTA-V / AOAG18CPTA-V Inverter",1
39439,ASAG24CPTA-V,"Máy lạnh Fujitsu ASAG24CPTA-V / AOAG24CPTA-V Inverter",1
39440,ASGG09JLTB-V,"Máy lạnh General ASGG09JLTB-V (1.0Hp) Inverter",1
39448,ASGG12JLTB-V,"Máy lạnh General ASGG12JLTB-V (1.5Hp) Inverter",1
39449,QA43LS05T,"Smart Tivi QLED Samsung 4K 43 inch QA43LS05T",0
39482,9AGHSGLT,"ĐIỀU HÒA AQUA 2 CHIỀU 9000 BTU KC-9AGHSGLT",1
39487,F2515STGW,"Máy giặt lồng ngang LG AI DD Inverter 15Kg F2515STGW",0
39507,ASGG09LLTB-V,"Điều hòa ASGG09LLTB-V hai chiều inverter 9000BTU",1
39516,ASGG12LLTA,"Điều hòa ASGG12LLTA hai chiều inverter 12000BTU",1
39519,ASHA18LEC,"Điều hòa General 2 chiều inverter ASHA18LEC 18000BTU",1
39536,SJ-FXP600PG-MR,"Tủ lạnh Sharp SJ-FXP600VG-MR Inverter 525 lít",0
39541,AQW-S72CT,"Máy giặt Aqua 7.2 kg AQW-S72CT",1
39553,AQW-S80CT,"Máy giặt Aqua 8 Kg AQW-S80CT",0
39571,AQW-S90CT,"Máy giặt Aqua 9 Kg AQW-S90CT",0
39573,"AQW-U91CT N","Máy giặt Aqua 9 Kg AQW-U91CT N",0
39601,AQW-S85FT.N,"Máy giặt Aqua 8.5 Kg AQW-S85FT.N",0
39612,"AQW-W90CT N","Máy giặt AQUA 9 Kg AQW-W90CT N",0
39630,"AQW-FR100ET W","Máy giặt Aqua 10 Kg AQW-FR100ET W",0
39652,"AQW-FR100ET S","Máy giặt Aqua 10 Kg AQW-FR100ET S",0
39673,AQW-FW110FT-N,"Máy giặt lồng đứng Aqua 11 kg AQW-FW110FT-N",0
39682,"AQD-D900F W","Máy giặt Aqua Inverter 9 kg AQD-D900F W",0
39702,"AQD-D900F S","Máy giặt Aqua Inverter 9 kg AQD-D900F S",0
39733,XR-65A90J,"Android Tivi OLED Sony 4K 65 inch XR-65A90J",0
39757,"HSC 600F1R1","Tủ mát Hòa Phát HSC 600F1R1 242L",0
39760,"HSC 700F1R1","Tủ mát Hòa Phát HSC 700F1R1 280L 1 cánh",0
39761,"HSC 550F1R1","Tủ mát Hòa Phát HSC 550F1R1 195L 1 cánh",0
39762,AQH-V700FW,"Máy sấy thông hơi Aqua 7 Kg AQH-V700FW",1
39785,"AQD-A800F W","Máy giặt Aqua Inverter 8 KG AQD-A800F W",0
39807,GH-12TL32,"Máy lạnh 2 chiều Casper Inverter 1.5 HP GH-12TL32",1
39817,GH-09TL32,"Máy lạnh 2 chiều Casper Inverter 1 HP GH-09TL32",1
39831,50AU8000,"Smart Tivi Samsung 4K 50 inch 50AU8000 Crystal UHD",1
39854,UA50AU9000,"Smart Tivi Led Samsung 4K 50 inch UA50AU9000",0
39875,65AU8000,"Smart Tivi Samsung 4K 65 inch 65AU8000 Crystal UHD",0
39897,UA65AU9000,"Smart Tivi Led Samsung 4K 65 inch UA65AU9000",0
39917,85AU8000,"Smart Tivi Samsung 4K 85 inch UA85AU8000",0
39940,AH-XP10YMW,"Máy lạnh Sharp Inverter 1 HP AH-XP10YMW",0
39958,AH-XP13YMW,"Máy lạnh Sharp Inverter 1.5 HP AH-XP13YMW",1
39965,AH-XP18YMW,"Máy lạnh Sharp Inverter 2 HP AH-XP18YMW",1
39989,AH-XP10YHW,"Máy lạnh Sharp Inverter 1 HP AH-XP10YHW",1
39998,AH-XP13YHW,"Máy lạnh Sharp Inverter 1.5 HP AH-XP13YHW",1
40017,AQA-KCRV18F,"Máy lạnh Aqua Inverter 2 HP AQA-KCRV18F",1
40039,"AQA- KRV9WGSB","Điều hòa Aqua 1 chiều Inverter 9000 BTU AQA-KRV9WGSB/ AQA-CRV9WGSB",1
40049,"AQA- KRV12WGSB","Điều hòa Aqua 1 chiều Inverter 12000 BTU AQA-KRV12WGSB/ AQA-CRV12WGSB",1
40056,AQA-KCRV10TH,"Máy lạnh Aqua Inverter 1 HP AQA-KCRV10TH",0
40064,AQA-KCRV13TH,"Máy lạnh Aqua Inverter 1.5 HP AQA-KCRV13TH",0
40065,MSMAIII-18CRDN1,"Máy lạnh Midea Inverter 2 HP MSMAIII-18CRDN1",1
40086,"DMF-7699 WSI-4","Tủ đông mát 2 dàn lạnh inverter Darling DMF-7699WSI-4",1
40101,75Q60T,"Smart Tivi QLED Samsung 4K 75 inch QA75Q60T",1
40127,QA55Q60T,"Smart Tivi QLED Samsung 4K 55 inch QA55Q60T",0
40154,70UN7070PTA,"Smart Tivi LG 4K 70 inch 70UN7070PTA",0
40162,HW-Q70T,"Loa thanh Soundbar Samsung 3.1.2ch HW-Q70T",0
40193,32PHT5583,"Tivi Philips 32 inch 32PHT5583",0
40200,CC24MMC,"Điều hòa âm trần Funiki 1 chiều 24.000 BTU CC24MMC",1
40205,PNM-29WF3,"TỦ ĐÔNG PINIMAX PNM-29WF3 INVERTER",1
40208,75UN7290PTD,"Smart Tivi LG 4K 75 inch 75UN7290PTD",0
40230,GN-L208PN,"Tủ lạnh LG Inverter 208 lít GN-L208PN",0
40252,R-FWB545PGV2(GS),"Tủ lạnh Hitachi 455 lít R-FWB545PGV2(GS)",0
40261,IF-700G2,"TỦ ĐÔNG ĐỨNG ALASKA IF-700G2",1
40263,IF-350G,"TỦ ĐÔNG ĐỨNG ALASKA IF-350G",1
40266,MR-CGX56EP-GBR-V,"Tủ lạnh Mitsubishi Electric 450 lít MR-CGX56EP-GBR-V",1
40276,PNM-49WF3,"TỦ ĐÔNG PINIMAX PNM-49WF3 INVERTER",1
40279,PNM-59WF3,"TỦ ĐÔNG PINIMAX PNM-59WF3 INVERTER",1
40280,PNM-69WF3,"TỦ ĐÔNG PINIMAX PNM-69WF3 INVERTER",1
40281,FTKC50UVMV,"Máy lạnh Daikin Inverter 2 HP FTKC50UVMV",1
40310,"AS 620MDI (1)","Tủ đông Denver AS 620MDI - Lòng chống dính",1
40313,"AS 700MDI (2)","Tủ đông Denver AS 700MDI - Lòng Inox",1
40314,"AS 700MDI (1)","Tủ đông Denver AS 700MDI - Lòng chống dính",1
40315,"AS 950MDI (2)","Tủ đông Denver AS 950MDI - Lòng Inox",1
40316,"AS 950MDI (1)","Tủ đông Denver AS 950MDI - Lòng chống dính",1
40317,"AS 500HDI (3)","Tủ đông Denver AS 500HDI - Lòng Inox-Inverter",1
40318,"AS 500HDI (1)","Tủ đông Denver AS 500HDI - Lòng chống dính",1
40319,"AQW-S90FT N","Máy giặt Aqua 9Kg AQW-S90FT.N",0
40328,"R-B505PGV6 (GBK)","Tủ lạnh Hitachi Inverter 415 lít R-B505PGV6 (GBK)",0
40348,65UN7400PTA,"Smart Tivi LG 4K 65 inch 65UN7400PTA",0
40372,QA65LS03AAKXXV,"QLED Tivi Khung Tranh Samsung 4K 65 inch 65LS03A",0
40395,QA85Q70A,"Smart Tivi QLED 4K 85 inch Samsung QA85Q70A",0
40423,QA50Q80A,"Smart Tivi QLED 4K 50 inch Samsung QA50Q80A",0
40447,QA50QN90A,"Smart Tivi Neo QLED 4K 50 inch Samsung QA50QN90A",0
40467,55AU8000,"Smart Tivi Samsung 4K 55 inch 55AU8000 Crystal UHD",0
40512,DV90T7240BH,"Máy sấy thông minh Samsung AI Heatpump 9kg DV90T7240BH",0
40524,DV90TA240AX,"Máy sấy Samsung 9.0 KG DV90TA240AX/SV",0
40537,85T554DAW,"Máy giặt Samsung Addwash 8.5kg inverter WW85T554DAW/SV",0
40549,WW90TP44DSH/SV,"Máy giặt Samsung 9kg AI Inverter WW90TP44DSH/SV",0
40566,WW95T4040CE/SV,"Máy giặt Samsung 9.5kg inverter WW95T4040CE/SV",0
40580,RT25HAR4DSA/SV,"Tủ lạnh Samsung Inverter 255 lít RT25HAR4DSA/SV",0
40608,QA75LS03AAKXXV,"QLED Tivi Khung Tranh Samsung 4K 75 inch 75LS03A Lifestyle TV",0
40609,43P618,"Android Tivi TCL 4K 43 inch 43P618",1
40633,XR-65X90J,"Android Tivi Sony 4K 65 inch XR-65X90J",0
40646,KD-85Z8H,"Android Tivi Sony 8K 85 inch KD-85Z8H",0
40668,LC-09FS32,"Máy lạnh Casper 1 HP LC-09FS32",1
40694,LC-12FS32,"Máy lạnh Casper 1.5 HP LC-12FS32",1
40706,"CZ 898DP","Bếp từ Canzy CZ-898DP",1
40708,"LR CZ-989DH","Bếp từ Canzy LR CZ-989DH",1
40710,"CZ 922H","Bếp từ Canzy CZ 922H",1
40712,"CZ 922","Bếp Từ Canzy CZ 922",1
40720,"CZ 999Plus","BẾP TỪ CANZY CZ- 999PLUS",1
40723,"CZ 999DHI","BẾP TỪ CANZY CZ 999DHI",1
40725,"CZ 999DH","BẾP TỪ CANZY CZ 999DH",1
40727,"CZ BMIX-740T","BẾP ĐIỆN TỪ CANZY CZ-BMIX-740T",0
40729,"CZ BMIX-63S","BẾP ĐIỆN TỪ CANZY CZ BMIX-63S",1
40734,"CZ BMIX-65I","Bếp điện từ Canzy CZ BMIX-65I",0
40735,"CZ 822SL","BẾP TỪ CANZY CZ 822SL",0
40737,"CZ MIX823S","BẾP ĐIỆN TỪ CANZY CZ MIX823S",1
40740,,"BẾP ĐIỆN TỪ CANZY CZ MIX823",1
40742,"CZ TL9979G","Bếp Từ Canzy CZ TL9979G",1
40744,"CZ TL67B","Bếp điện từ Canzy CZ TL67B",1
40748,,"Bếp điện từ Canzy CZ TL67B",1
40752,"CZ 67R","BẾP ĐIỆN TỪ CANZY CZ-67R",1
40754,"CZ 67P","BẾP TỪ CANZY CZ-67P",1
40757,"CZ 88NPSH","Bếp điện từ Canzy CZ 88NPSH",1
40760,"CZ I62","Bếp từ Canzy CZ I62",1
40762,"CZ 99I","BẾP TỪ CANZY CZ 99I",1
40764,"CZ 99IH","Bếp Điện Từ Canzy CZ-99IH",1
40766,"CZ 858 LSI","BẾP TỪ CANZY CZ 858 LSI",1
40770,"CZ 900GB","BẾP TỪ CANZY CZ 900GB",1
40772,"CZ 900GEB","BẾP ĐIỆN TỪ CANZY CZ 900GEB",1
40774,"CZ TL67GA","Bếp từ Canzy CZ TL67GA",1
40777,55A90J,"Android Tivi OLED Sony 4K 55 inch XR-55A90J",0
40797,"CZ TL67GB","Bếp 2 từ 1 hồng ngoại Canzy CZ TL67GB",1
40799,"CZ 67GH","BẾP TỪ CANZY CZ-67GH",1
40802,"W 226SA","Cây Nước Nóng Lạnh Denver W 226SA",0
40803,RF48A4000B4/SV,"Tủ lạnh Samsung Inverter 488 lít RF48A4000B4/SV",1
40812,DV90TA240AE/SV,"Máy sấy bơm nhiệt Samsung 9 Kg DV90TA240AE/SV",0
40829,QA55LS03A,"Smart Tivi QLED Samsung 4K 55 inch QA55LS03A",0
40857,"CZ TL67HA","Bếp từ Canzy CZ TL67HA",1
40859,"CZ TL67HB","Bếp Điện Từ Canzy CZ TL67HB",1
40861,"CZ ML883H","BẾP TỪ CANZY CZ-ML883H",1
40864,"CZ ML9989G","BẾP TỪ CANZY CZ-ML9989G",1
40867,"CZ ML86A","Bếp từ Canzy CZ ML86A",1
40869,"CZ ML86B","Bếp điện từ CANZY CZ – ML86B",1
40873,"CZ 87I","Bếp từ Canzy CZ 87I",1
40875,"CZ 86P","BẾP TỪ CANZY CZ-86P",1
40877,"CZ 86R","BẾP ĐIỆN TỪ CANZY CZ-86R",1
40879,"CZ I-89","BẾP ĐIỆN TỪ CANZY CZ I-89",1
40881,"CZ E89","BẾP ĐIỆN TỪ CANZY CZ E89",1
40883,"CZ 58MS","BẾP TỪ CANZY CZ 58MS",1
40886,"CZ ML86GA","Bếp từ Canzy CZ ML86GA",1
40888,"CZ ML86GB","Bếp điện từ Canzy CZ ML86GB",1
40891,"CZ 86GPH","BẾP ĐIỆN TỪ CANZY CZ-86GPH",1
40893,"CZ Z88","Bếp Từ Canzy CZ 288",1
40899,"CZ 29HN","BẾP TỪ CANZY CZ 29HN",1
40902,SH-09FS32,"Điều hòa Casper SH-09FS32 9000BTU 2 chiều",1
40916,SH-12FS32,"Điều hòa Casper SH-12FS32 12000BTU 2 chiều",0
40917,SH-18FS32,"Điều hòa Casper SH-18FS32 18000BTU 2 chiều",0
40921,"CZ 06I","BẾP TỪ CANZY CZ 06I",1
40923,"CH 06H","BẾP ĐIỆN TỪ CANZY CZ 06H",1
40925,"CZ 08I","BẾP TỪ CANZY CZ 08I",1
40927,"CZ 08H","BẾP ĐIỆN TỪ CANZY CZ-08H",1
40929,"CZ 26B","BẾP TỪ CANZY CZ-26B",1
40931,"CZ 26HB","BẾP ĐIỆN TỪ CANZY CZ-26HB",1
40933,"CZ 88ID","BẾP TỪ CANZY CZ-88ID",1
40935,"CZ 72ICBS LUXURY","BẾP ĐIỆN TỪ CANZY CZ 72ICBS LUXURY",1
40937,"CZ 1088I","Bếp từ đơn Canzy CZ-1088I",1
40941,"CZ 1077","BẾP TỪ CANZY CZ-1077",1
40945,"CZ 1088IH","BẾP HỒNG NGOẠI ĐƠN ÂM CANZY CZ-1088IH",1
40947,"CZ 817","BẾP ĐIỆN TỪ CANZY CZ-817",1
40953,"CZ 907GIM","Bếp điện từ Canzy CZ 907GIM",1
40955,"CZ 702I","BẾP TỪ CANZY CZ 702I",1
40958,"CZ 702MIX","Bếp đôi điện từ hồng ngoại Canzy CZ 702MIX",1
40960,R-WX62K,"Tủ lạnh Hitachi R-WX62K 615L",0
40971,R-WX74K-X,"Tủ lạnh Hitachi R-WX74K-X 735L",0
40985,PC-09TL33,"Điều Hòa Di Động Casper 9000Btu 1 Chiều PC-09TL33",1
40991,"AS 520MD (1)","Tủ đông Denver AS 520MD - Lòng chống dính",1
40993,"AS 559K (1)","Tủ đông mặt kính Denver AS 559K-Lòng chống dính",1
40994,HW-Q950,"Loa thanh Samsung HW-Q950",1
41004,PL2.DVNMLLK,"Loa Bluetooth LG Xboom Go PL2",0
41015,PL5,"Loa Bluetooth LG Xboom Go PL5",0
41035,PL7,"Loa Bluetooth LG Xboom Go PL7",0
41037,PN5,"Loa LG XBOOMGo PN5",0
41116,PN7,"Loa Bluetooth LG Xboom Go PN7",0
41132,"CZ MIX833","BẾP HỒNG NGOẠI ĐIỆN TỪ BA CANZY CZ-MIX-833",0
41135,"CZ MIX 1102","BẾP TỪ CANZY CZ MIX 1102",1
41137,"CZ 86HP","BẾP TỪ CANZY CZ-86HP",1
41139,"CZ 86GH","BẾP TỪ CANZY CZ-86GH",1
41141,"CZ B09","MÁY HÚT MÙI CANZY CZ-B09",1
41143,"CZ 0470","Máy Hút Mùi Cao Cấp Canzy – CZ 0470",1
41146,42FX5200,"Smart Tivi Casper 42 Inch 42FX5200",0
41154,"CZ Duluxe 70","MÁY HÚT MÙI CANZY DULUXE 70",1
41159,"CZ 350C","MÁY HÚT MÙI CANZY CZ 350C",1
41160,"CZ Duluxe 90","MÁY HÚT MÙI CANZY DULUXE 90",1
41164,"CZ 607","MÁY HÚT MÙI CANZY CZ 607",1
41166,"CZ 609","Máy Hút Mùi Canzy CZ 609",1
41168,"CZ ISO-90E","Máy Hút Mùi Canzy CZ ISO-90E",1
41170,"CZ A37","Máy Hút Mùi Canzy CZ A37",1
41172,,"MÁY HÚT MÙI ÁP TƯỜNG CANZY CZ-A37",1
41176,"CZ 087D","MÁY HÚT MÙI CANZY CZ 087D",1
41178,"CZ 68D","MÁY HÚT MÙI CANZY CZ 68D",1
41179,"CZ 089D","MÁY HÚT MÙI CANZY CZ 089D",1
41183,"CZ 68DT","MÁY HÚT MÙI CANZY CZ 68DT",1
41186,"CZ B53C","MÁY HÚT MÙI LẮP TƯỜNG CANZY CZ B53C",1
41190,KC-09FC32,"Điều hòa Casper 1 chiều 9000 BTU KC-09FC32",0
41201,KC-12FC32,"Điều hòa Casper 1 chiều 12000 BTU KC-12FC32",0
41202,KC-18FC32,"Điều hòa Casper 1 chiều 18000 BTU KC-18FC32",0
41203,LC-24FS32,"Điều Hòa Casper 24000Btu 1 Chiều LC-24FS32",0
41212,GR-RF610WE-PGV(22)-XK,"Tủ lạnh Toshiba Inverter 511 lít GR-RF610WE-PGV(22)-XK",1
41237,"CZ 25SS","LÒ VI SÓNG CANZY CZ 25SS",1
41243,"CZ 807TP","LÒ NƯỚNG ÂM TỦ CZ 807TP",1
41246,"CZ 11 EBN","Lò nướng Canzy CZ 11 EBN",1
41249,"CZ 900EGB","BẾP ĐIỆN TỪ CANZY CZ 900GEB",1
41253,43T65,"SMART TIVI TCL 4K 43 INCH 43T65",0
41270,65A80J,"OLED Tivi 4K Sony 65 inch 65A80J Android TV",1
41299,V18API,"Máy lạnh LG Inverter 2 HP V18API1",1
41324,55X90J,"Android Tivi Sony 4K 55 inch XR-55X90J",0
41345,75NANO79,"Smart Tivi NanoCell LG 4K 75 inch 75NANO79TND",0
41386,55UX6200,"Smart Tivi Casper 55 Inch 55UX6200",0
41413,MSAG-18CRDN8,"Máy lạnh Midea Inverter 2 HP MSAG-18CRDN8",0
41426,QA75QN85A,"Smart Tivi Neo QLED 4K 75 inch Samsung QA75QN85A",0
41466,75QN800A,"Smart Tivi Neo QLED 8K 75 inch Samsung QA75QN800A",0
41478,43AU9000,"Smart Tivi Led Samsung 4K 43 inch UA43AU9000",0
41500,"CZ MLH670","MÁY HÚT MÙI CANZY CZ MLH670",1
41507,55P615,"Android Tivi TCL 4K 55 inch 55P615",0
41562,RF48A4010B4/SV,"Tủ lạnh Samsung Inverter 488L 4 cửa RF48A4010B4/SV",1
41584,65NANO79TND,"Smart Tivi NanoCell LG 4K 65 inch 65NANO79TND",0
41598,55NANO79TND,"Smart Tivi NanoCell LG 4K 55 inch 55NANO79TND",0
41622,50NANO79TND,"Smart Tivi NanoCell LG 4K 50 inch 50NANO79TND",0
41646,RB27N4190BU/SV,"Tủ lạnh Samsung Inverter 276 lít RB27N4190BU/SV",0
41664,RB30N4190BU/SV,"Tủ lạnh Samsung Inverter 307 lít RB30N4190BU/SV",1
41674,ETB3440K-H,"Tủ lạnh Electrolux Inverter 312 lít ETB3440K-H",1
41722,"CZ 3470","Máy Hút Mùi Canzy CZ 3470",1
41724,43UP7726,"Tivi UHD LG 43 inch 43UP7720",0
41741,65C1PTB,"Smart Tivi OLED LG 4K 65 inch 65C1PTB",0
41802,NR-TV261APSV,"Tủ lạnh Panasonic Inverter 234 lít NR-TV261APSV",0
41835,77A80J,"OLED Tivi 4K Sony 77 inch 77A80J Android TV",0
41866,43UP8100PTB,"Smart Tivi LG 4K 43 inch 43UP8100PTB ThinQ AI",1
41890,50UP8100PTB,"Smart Tivi LG 4K 50 inch 50UP8100PTB ThinQ AI",0
41892,50NANO86,"Smart Tivi 4K LG 50 inch 50NANO86TPA NanoCell HDR ThinQ AI",0
41917,XR-75X90J,"Android Tivi Sony 4K 75 inch XR-75X90J",0
41936,WT-75N70BGA,"Máy giặt  Casper 7.5Kg WT-75N70BGA",0
41942,WT-85N68BGA,"Máy giặt Casper 8.5 Kg  WT-85N68BGA",0
41951,WT-95N68BGA,"Máy giặt Casper 9.5kg WT-95N68BGA",0
41960,WT-95I68DGA,"Máy giặt Casper WT-95I68DGA inverter 9.5kg",0
41970,32S5200,"Smart Tivi TCL 32S5200 32 inch Android TV HDR",0
41991,50P615,"Android Tivi TCL 4K 50 inch 50P615",1
42012,KD-65X86J,"Smart Tivi 4K Sony KD-65X86J 65 inch Android TV",0
42025,KD-43X75,"Android Tivi Sony 4K 43 inch KD-43X75",0
42037,50X75,"Android Tivi Sony 4K 50 inch KD-50X75",0
42038,55UP7550PTC,"Tivi LG 55UP7550 PTC Smart 4K 55 inch",0
42052,ETB3440K-A,"Tủ lạnh Electrolux Inverter 312 lít ETB3440K-A",1
42064,ETB3460K-H,"Tủ lạnh Electrolux Inverter 312L ETB3460K-H",0
42072,"HSC09 TAX","Điều hòa Funiki 1 chiều 9000 BTU HSC09 TAX",0
42120,KD-65X80J/S,"Smart Tivi 4K Sony KD-65X80J/S 65 inch Android TV",1
42134,XR-55A80J,"Android Tivi OLED Sony 4K 55 inch XR-55A80J",1
42147,KD-85X86J,"Android Tivi Sony 4K 85 inch KD-85X86J",0
42167,GR-RS682WE-PMV(06)-MG,"Tủ lạnh Toshiba Inverter 513 lít GR-RS682WE-PMV(06)-MG",0
42206,ETB3740K-A,"Tủ lạnh Electrolux Inverter 341 lít ETB3740K-A",1
42216,ETB3740K-H,"Tủ lạnh Electrolux Inverter 341 lít ETB3740K-H",0
42221,ETB3760K-H,"Tủ lạnh Electrolux Inverter 341 lít ETB3760K-H",0
42229,EBB3402K-A,"Tủ lạnh Electrolux Inverter 308 lít EBB3402K-A",0
42236,EBB3402K-H,"Tủ lạnh Electrolux Inverter 308 lít EBB3402K-H",1
42239,EBB3442K-H,"Tủ lạnh Electrolux Inverter 308 lít EBB3442K-H",0
42253,EBB3702K-H,"Tủ lạnh Electrolux Inverter 335L EBB3702K-H",0
42261,EBB3742K-H,"Tủ lạnh Electrolux Inverter 335 lít EBB3742K-H",0
42275,EBB3762K-H,"Tủ lạnh Electrolux Inverter 335L EBB3762K-H",1
42291,HC-09IA32,"Điều hòa Casper 1 chiều inverter 9000BTU HC-09IA32",0
42302,KD-50X80JS,"Android tivi Sony LED 4K 50 inch KD-50X80J/S",0
42313,KD-55X80J,"Smart Tivi Sony 4K 55 inch KD-55X80J",0
42327,KD-75X80J,"Smart Tivi Sony 4K 75 inch KD-75X80J",0
42342,65QN85AA,"NEO QLED Tivi 4K Samsung 65QN85A 65 inch Smart TV",0
42363,QA55LS03T,"Smart Tivi QLED Samsung 4K 55 inch QA55LS03T",0
42389,55NANO77,"Tivi Smart Tivi LG Nanocell 55 Inch 55NANO77",0
42394,55UP7720PTC,"Smart Tivi LG 4K 55 inch 55UP7720PTC ThinQ AI",0
42412,65UP7720PTC,"Smart Tivi LG 4K 65 inch 65UP7720PTC ThinQ AI",0
42423,50C725,"QLED Tivi 4K TCL 50C725 50 inch Smart Android TV",1
42490,55NANO86TPA,"Smart Tivi NanoCell LG 4K 55 inch 55NANO86TPA",0
42512,"HSC12 TAX","Điều hòa Funiki 1 chiều 12000 BTU HSC12 TAX",0
42517,UA55AU8100,"Smart Tivi Samsung 4K 55 inch UA55AU8100",0
42538,GR-RT535WE-PMV(06)-MG,"Tủ lạnh Toshiba Inverter 407 lít GR-RT535WE-PMV(06)-MG",1
42579,L43S5200,"Android Tivi TCL 43 inch L43S5200",1
42602,SJ-FXP640VG-BK,"Tủ lạnh Sharp Inverter 572 lít SJ-FXP640VG-BK",1
42615,SJ-FXP640VG-MR,"Tủ lạnh Sharp Inverter 572 lít SJ-FXP640VG-MR",0
42656,50UP7720PTC,"Smart Tivi LG 4K 50 inch 50UP7720PTC",0
42668,43UP7550PTC,"Smart Tivi LG 4K 43 inch 43UP7550PTC",0
42686,43NANO77TPA,"Smart Nanocell Tivi LG 4K 43 Inch 43NANO77TPA ThinQ AI",0
42697,75NANO95TNA,"Smart Tivi NanoCell LG 8K 75 inch 75NANO95TNA",0
42719,75NANO85TNA,"Smart Tivi LG 4K 75 inch 75NANO85TNA",0
42732,75NANO91TNA,"Smart Tivi 4K LG 75 inch 75NANO91TNA NanoCell HDR ThinQ AI",0
42806,65UP7550PTC,"Smart Tivi LG 4K 65 inch 65UP7550PTC",0
42823,50NANO77TPA,"Smart Tivi 4K LG 50 inch 50NANO77TPA NanoCell HDR ThinQ AI",0
42840,55UP8100PTB,"Smart Tivi LG 4K 55 inch 55UP8100PTB ThinQ AI",0
42859,75UP7800PTB,"Smart Tivi LG 4K 75 inch 75UP7800PTB",0
42880,65UP8100PTB,"Smart Tivi LG 4K 65 inch 65UP8100PTB ThinQ AI",0
42881,55A1PTA,"Smart Tivi OLED LG 4K 55 inch 55A1PTA",0
42903,65NANO77TPA,"Smart Tivi 4K LG 65 inch 65NANO77TPA NanoCell HDR ThinQ AI",0
42907,65QN800A,"Smart Tivi Neo QLED 8K 65 inch Samsung QA65QN800A",1
42930,65QN900A,"Smart Tivi Neo QLED 8K 65 inch Samsung QA65QN900A",0
42935,QA50Q60T,"Smart Tivi QLED Samsung 4K 50 inch QA50Q60T",0
42959,55C726,"QLED Tivi 4K TCL 55C726 55 inch Smart Android TV",0
42976,42S6500,"Smart Tivi TCL 42 inch 42S6500 Android TV",0
42990,55C725,"QLED Tivi 4K TCL 55C725 55 inch Smart Android TV",0
42991,65C725,"QLED Tivi 4K TCL 65C725 65 inch Smart Android TV",0
42992,43P725,"Android Tivi TCL 4K 43 inch 43P725",0
43008,50P725,"Android Tivi TCL 4K 50 inch 50P725",0
43010,55P725,"Android Tivi TCL 4K 55 inch 55P725",0
43011,65P725,"Android Tivi TCL 4K 65 inch 65P725",1
43012,75P725,"Android Tivi TCL 4K 75 inch 75P725",0
43013,40SF1,"Smart Tivi FFalcon 40 inch 40SF1",0
43030,32SF1,"Smart Tivi FFalcon 32 inch 32SF1",0
43031,32F1,"Tivi FFalcon 32 inch 32F1",1
43043,43UF2,"Android Tivi FFalcon 4K 43 inch 43UF2",1
43057,50UF2,"Android Tivi FFalcon 4K 50 inch 50UF2",1
43083,KD-65X80J,"Smart Tivi 4K Sony KD-65X80J 65 inch Android TV",1
43089,KD-75X86J,"Android Tivi Sony 4K 75 inch KD-75X86J",0
43107,KD-50X86J,"Android Tivi Sony 4K 50 inch KD-50X86J",0
43108,KD-55X86J,"Android Tivi Sony 4K 55 inch KD-55X86J",0
43109,UA65AU7700KXXV,"Tivi Samsung Smart UHD 4K 65 inch UA65AU7700",0
43137,65A1PTA,"Smart Tivi OLED LG 4K 65 inch 65A1PTA",0
43138,55UP7750PTB,"Smart Tivi LG 4K 55 inch 55UP7750PTB",0
43156,65UP7750PTB,"Smart Tivi LG 4K 65 inch 65UP7750PTB",0
43157,43UP7800PTB,"Smart Tivi LG 4K 43 inch 43UP7800PTB",0
43179,32LM575BPTC,"Smart Tivi LG 32 inch 32LM575BPTC ThinQ AI",0
43196,43LM6360PTB,"Smart Tivi LED LG 43 inch 43LM6360PTB",0
43211,43LM5750PTC,"Smart Tivi LG 43 inch 43LM5750PTC FHD ThinQ AI",1
43212,55T65,"Android Tivi TCL 4K 55 inch 55T65",0
43231,"FVX510PGV9 MIR","Tủ lạnh Hitachi Inverter 443 Lít R-FVX510PGV9(MIR)",1
43241,"R-S800PGV0 (GBK)","Tủ lạnh Hitachi R-S800PGV0 (GBK) Inverter 595 lít",1
43256,GR-X22MB,"Tủ lạnh LG Inverter 496 lít GR-X22MB",0
43273,DV90T7240BB,"Máy sấy thông minh Samsung AI Heatpump 9kg DV90T7240BB",1
43289,WD14TP44DSB/SV,"Máy giặt sấy Samsung AI Inverter 14kg WD14TP44DSB/SV",0
43326,HW-Q600A/XV,"Loa Soundbar Samsung HW-Q600A/XV",0
43337,WW85T554DAX/SV,"Máy giặt Samsung Inverter 8.5kg WW85T554DAX/SV",0
43349,WW12TP94DSB/SV,"Máy giặt Samsung AI AddWash Inverter 12kg WW12TP94DSB/SV",0
43364,WD11T734DBX/SV,"Máy giặt sấy Samsung AI Inverter 11kg WD11T734DBX/SV",1
43377,WD95T754DBX/SV,"Máy giặt sấy Samsung Addwash Inverter 9.5kg WD95T754DBX/SV",0
43385,WW90T634DLE/SV,"Máy giặt thông minh Samsung Inverter 9Kg WW90T634DLE/SV",0
43400,L205WB,"Tủ lạnh LG Inverter 187 lít GN-L205WB",0
43406,WW90TP54DSH,"Máy giặt Samsung Inverter 9 Kg WW90TP54DSH/SV",0
43424,B222WB,"Tủ lạnh LG Inverter 209 lít GN-B222WB",0
43425,TS3010,"LOA SOUNDBAR TCL TS3010",0
43430,WW95TA046AX,"Máy giặt Samsung Inverter 9.5kg WW95TA046AX/SV",1
43451,B305PS,"Tủ lạnh LG Inverter 305 lít GR-B305PS",0
43452,WW10TP54DSB/SV,"Máy giặt Samsung Inverter 10 Kg WW10TP54DSB/SV",0
43455,D305PS,"Tủ lạnh LG Inverter 305 lít GR-D305PS",0
43482,WW10TP54DSH/SV,"Máy giặt Samsung Inverter 10 Kg WW10TP54DSH/SV",0
43488,WW10TP44DSB/SV,"Máy giặt Samsung Inverter 10kg WW10TP44DSB/SV",1
43498,AS65GDWH0.ABAE,"Máy lọc không khí LG PuriCare AS65GDWH0.ABAE",1
43521,AS10GDWH0.ABAE,"Máy lọc không khí 2 tầng LG PuriCare AS10GDWH0.ABAE",1
43536,WW90TP54DSB,"Máy giặt Samsung Inverter 9 Kg WW90TP54DSB/SV",0
43548,WD95T4046CE,"Máy giặt sấy Samsung 9.5Kg WD95T4046CE/SV",0
43558,WW10TA046AE,"Máy giặt Samsung Inverter 10kg WW10TA046AE/SV",0
43571,WA11T5260BV/SV,"Máy giặt Samsung DD Inverter 11kg WA11T5260BV/SV",0
43589,55UW6000,"Smart Tivi Casper 4K 55 inch 55UW6000",0
43613,58UX5200,"Smart Tivi Casper 4K 58 inch 58UX5200",0
43624,"R-SX800GPGV0 (GBK)","Tủ lạnh Hitachi R-SX800GPGV0 (GBK) 573 lít Inverter",1
43640,R-M800PGV0(GBK),"Tủ lạnh Hitachi Inverter 590 lít R-M800PGV0(GBK)",1
43649,"R-MX800GVGV0 GBK","Tủ lạnh Hitachi R-MX800GVGV0 GBK 569 lít 3 cánh Inverter",1
43668,"R-MY800GVGV0(D) (MIR)","Tủ lạnh SBS Hitachi Inverter 569L R-MY800GVGV0(D) (MIR)",0
43680,R-HW530NV(X),"Tủ lạnh Hitachi inverter 520 lít R-HW530NV(X)",0
43687,"R-WX620KV (XK)","Tủ lạnh Hitachi Inverter 615L 6 cửa R-WX620KV (XK)",1
43696,R-ZX740KV-X,"Tủ lạnh Hitachi R-ZX740KV-X 735L",1
43703,DZ601VGKV,"Tủ lạnh Panasonic Inverter 550 lít NR-DZ601VGKV",1
43720,43FX5200,"Smart Tivi Casper 43 Inch 43FX5200",0
43721,QA75QN900A,"Smart Tivi Neo QLED 8K 75 inch Samsung QA75QN900A",0
43739,48C1PTB,"Smart Tivi OLED LG 4K 48 inch 48C1PTB",0
43759,50UP7550PTC,"Smart Tivi LG 4K 50 inch 50UP7550PTC",0
43776,77C1PTB,"Smart Tivi OLED LG 4K 77 inch 77C1PTB",0
43800,TL351GPKV,"Tủ lạnh Panasonic Inverter 326 lít NR-TL351GPKV",0
43828,TL381GPKV,"Tủ lạnh Panasonic Inverter 366 lít NR-TL381GPKV",1
43846,GR-RT395WE-PMV(06)-MG,"Tủ lạnh Toshiba Inverter 311 lít GR-RT395WE-PMV(06)-MG",1
43874,GR-RT435WE-PMV(06)-MG,"Tủ lạnh Toshiba Inverter 337 lít GR-RT435WE-PMV(06)-MG",0
43890,"R-WB640VGV0X (MGW)","Tủ lạnh Hitachi Inverter 569 lít R-WB640VGV0X (MGW)",1
43954,TV301BPKV,"Tủ lạnh Panasonic NR-TV301BPKV 268 lít Inverter",1
44004,RT38K5982BS/SV,"Tủ lạnh Samsung Inverter 380 lít RT38K5982BS/SV",0
44028,65NANO95TNA,"Smart Tivi NanoCell LG 8K 65 inch 65NANO95TNA",1
44051,55CJ2X,"Smart Tivi 4K 55 inch Sharp 4T-C55CJ2X Smart TV",0
44133,FC-18TL22,"Điều hòa tủ đứng Casper FC-18TL22",0
44142,CC-18TL22,"Điều hòa âm trần 1 chiều 18000BTU Casper CC-18TL22",0
44159,FC-28TL22,"Điều hòa tủ đứng casper FC-28TL22",0
44232,T2313VS2W,"Máy giặt LG Inverter 13 kg T2313VS2W",0
44495,ES-FK954SV-G,"Máy giặt Sharp Inverter 9.5 Kg ES-FK954SV-G",0
44569,43W660G/Z,"Smart Tivi Sony 43 inch KDL-43W660G/Z",0
44636,NR-TV301VGMV,"Tủ lạnh Panasonic Inverter 268 lít NR-TV301VGMV",1
44661,NR-TV341VGMV,"Tủ lạnh Panasonic Inverter 306 lít NR-TV341VGMV",1
44709,32H22,"Tivi LED Asanzo 32 inch model 32H22 [New model]",0
44725,32T800,"Tivi Led ASANZO 32 inch 32T800",0
44755,W170SA,"Cây Nước Nóng Lạnh Denver W170SA",0
44758,W-220SA,"Cây Nước Nóng Lạnh Denver W-220SA",1
44761,"AN 15 RS 2.5 FE","Máy nước nóng Ariston AN 15 RS 2.5 FE 15 lít",1
44768,WA10T5260BV,"Máy giặt Samsung DD Inverter 10 Kg WA10T5260BV/SV",0
44801,SB35PE-VN,"Máy Nước Nóng ARISTON SB35PE-VN",1
44807,"SMC45E SBS VN","Máy Nước Nóng ARISTON AURES SMC45E SBS VN",1
44815,"30 DI","Bình nước nóng Rossi DI 30L",1
44816,ES-FK1054SV-G,"Máy giặt Sharp Inverter 10.5 Kg ES-FK1054SV-G",1
44836,ES-FK1252SV-G,"Máy giặt Sharp Inverter 12.5 Kg ES-FK1252SV-G",1
44846,ES-FK1054PV-S,"Máy giặt Sharp Inverter 10.5 Kg ES-FK1054PV-S",1
44857,ES-FK1252PV-S,"Máy giặt Sharp Inverter 12.5 Kg ES-FK1252PV-S",1
44921,W-230SA,"Cây Nước Nóng Lạnh Denver W-230SA",1
44925,85X95J,"Android Tivi Sony 4K 85 inch XR-85X95J",0
44950,55U81,"Smart Tivi Asanzo LED 4K 55 Inch 55U81",0
44962,"KG02G4 không vỏ","MÁY LỌC NƯỚC KANGAROO OMEGA+ KG02G4-KV (KHÔNG VỎ)",1
44971,KG40H,"Cây nước nóng lạnh KANGAROO KG40H",1
44990,KG34C,"Máy nước nóng lạnh Kangaroo KG34C",1
44997,KG43H,"Cây nước nóng lạnh Kangaroo KG43H",1
45003,KG44H,"Cây nước nóng lạnh Kangaroo KG44H",1
45006,KG51A3,"Cây nước nóng lạnh Kangaroo KG51A3",1
45011,NR-TV341BPKV,"Tủ lạnh Panasonic Inverter 306 lít NR-TV341BPKV",1
45022,"GR-B22VU UKG","Tủ lạnh Toshiba Inverter 180 lít GR-B22VU UKG",0
45058,EBB3462K-H,"Tủ lạnh Electrolux Inverter 308 lít EBB3462K-H",1
45068,XR-65X95J,"Android Tivi Sony 4K 65 inch XR-65X95J",0
45090,"KG108H - KV","Máy lọc nước Kangaroo 8 lõi KG108H-KV",1
45099,"KG108H - VTU","Máy lọc nước Kangaroo KG108H VTU",1
45107,"GD 30L","Bình nước nóng Rapido Greta-GD30L",0
45114,070300301,"Bình nước nóng Frido FD30L",1
45117,RCH2000-D,"Quạt sưởi gốm Rapido RCH2000-D",1
45125,RCH2000-M,"Máy sưởi gốm Rapido RCH2000-M",0
45128,12000D,"Quạt điều hòa không khí Rapido TURBO 12000M",1
45138,3000,"Tấm lọc Nano bạc tích hợp than hoạt tính dành cho quạt 3000",1
45144,600000,"Tấm lọc Nano bạc tích hợp than hoạt tính dành cho quạt 6000M/6000D",1
45145,900000,"Tấm lọc Nano bạc tích hợp than hoạt tính dành cho quạt 9000M/9000D",1
45152,"20L FD","Bình nước nóng Rapido Frido 20L FD",1
45156,50AU7700,"Smart Tivi Samsung Crystal UHD 4K 50 inch UA50AU7700",0
45165,75AU7700,"Smart Tivi Samsung 4K 75 inch 75AU7700",0
45186,HW-A450,"Loa thanh Samsung HW-A450",0
45196,KG36AP2,"Máy lọc không khí Kangaroo KG36AP2",1
45296,AQR-B339MA.HB,"Tủ lạnh Aqua Inverter 292 lít AQR-B339MA(HB)",1
45303,HW-Q700A,"Loa thanh Samsung HW-Q700A",0
45319,HW-A550,"Loa thanh Samsung HW-A550",0
45375,AQR-B348MA.FB,"Tủ lạnh Aqua Inverter 292 lít AQR-B348MA(FB)",1
45396,AQR-S480XA.BL,"Tủ lạnh Aqua Inverter 480 lít AQR-S480XA(BL)",1
45411,EBB3702K-A,"Tủ lạnh Electrolux Inverter 335 Lít EBB3702K-A",1
45421,EBB3742K-A,"Tủ lạnh Electrolux Inverter 335 lít EBB3742K-A",0
45435,EBB2802K-H,"Tủ lạnh Electrolux Inverter 253 lít EBB2802K-H",0
45449,55C1PTB,"Smart Tivi OLED LG 4K 55 inch 55C1PTB",0
45509,MR-V50ER-BRW,"Tủ lạnh Mitsubishi Electric Inverter 414 lít MR-V50ER-BRW-V",1
45521,55X80J/S,"Android Tivi Sony 4K 55 inch KD-55X80J/S",0
45543,43X80J,"Android Tivi Sony 4K 43 inch KD-43X80J",1
45617,FV1411S5W,"Máy giặt LG Inverter 11 kg FV1411S5W",0
45621,FV1411S4P,"Máy giặt LG Inverter 11 kg FV1411S4P",0
45632,FV1410S5W,"Máy giặt LG Inverter 10 kg FV1410S5W",1
45642,FV1411S3B,"Máy giặt LG Inverter 11 kg FV1411S3B",0
45645,FV1410S4P,"Máy giặt LG Inverter 10 kg FV1410S4P",1
45680,32L52,"Smart Tivi HD TCL 32 inch 32L52",0
45712,KS80GT.S,"Máy giặt Aqua 8 KG AQW-KS80GT S",1
45738,F90A9DRV,"Máy giặt Panasonic 9Kg NA-F90A9DRV",1
45770,F100A9DRV,"Máy Giặt Panasonic 10 Kg NA-F100A9DRV",1
45776,Q10,"Nồi chiên không dầu Kalite Q10 10 lít",1
45801,UE-999,"Nồi chiên không dầu UNIE UE-999",1
45814,55AU7700,"Smart Tivi Samsung 4K 55 inch UA55AU7700",0
45836,43AU7700,"Smart Tivi Samsung 4K 43 inch UA43AU7700",0
45849,IG636FM.GB,"Tủ lạnh Aqua Inverter 549 lít AQR-IG636FM(GB)",1
45878,NK03,"Máy sưởi gốm Nakamoto NK03",0
45881,NK06,"Máy sưởi gốm Nakamoto NK06",0
45884,NK08,"Máy sưởi gốm Nakamoto NK08",0
45887,NK09,"Máy sưởi gốm Nakamoto NK09",1
45891,48A1PTA,"Smart Tivi OLED LG 4K 48 inch 48A1PTA, 48A1",0
45910,55NANO95TNA,"Tivi LG Web OS 8K NanoCell 55 Inch 55NANO95",0
45975,KG310,"Máy sấy quần áo Kangaroo KG310",1
45985,LBT-19S,"Tủ sấy quần áo Camel LBT-19S",1
45995,70UP7800,"Smart Tivi LG 4K 70 inch 70UP7800PTB",0
46022,PIJ651FC1E,"Bếp từ BOSCH PIJ651FC1E",0
46029,PPI82560MS,"Bếp điện từ đôi Bosch PPI82560MS",1
46041,PID651DC5E,"Bếp từ Bosch PID651DC5E",1
46060,PXE601DC1E,"Bếp Từ Bosch PXE601DC1E",0
46082,50C726,"Tivi TCL QLED 4K 50 INCH 50C726",0
46098,85QN900,"Smart Tivi Neo QLED 8K 85 inch Samsung QA85QN900A",0
46120,BA229PAVN,"Tủ lạnh Panasonic Inverter 188 lít NR-BA229PAVN",0
46124,"R-FVY510PGV0 GBK","Tủ lạnh Hitachi Inverter 406 Lít R-FVY510PGV0(GBK)",0
46137,"R-FVY510PGV0 GMG","Tủ lạnh Hitachi Inverter 390 lít R-FVY510PGV0(GMG)",0
46160,PXE631FC1E,"Bếp từ Bosch PXE631FC1E",0
46165,PXE875DC1E,"Bếp từ Bosch PXE875DC1E",1
46172,PXE801DC1E,"Bếp từ BOSCH PXE801DC1E",1
46190,PVJ611FB5E,"Bếp Từ Bosch PVJ611FB5E",0
46194,PVS775FC5E,"Bếp từ Bosch PVS775FC5E",0
46197,KL-1200,"Nồi chiên không dầu Kalite KL-1200 12 Lít",0
46210,55AU7000,"Smart Tivi Samsung 4K 55 inch 55AU7000",0
46225,50T65,"Android Tivi TCL 4K 50 inch 50T65",0
46245,A900FS,"Máy giặt Aqua Inverter 9.0 KG AQD-A900F S",0
46265,A900FW,"Máy giặt Aqua Inverter 9.0 KG AQD-A900F W",0
46286,A1000G.S,"Máy giặt Aqua Inverter 10 KG AQD-A1000G S",0
46308,A1000G.W,"Máy giặt Aqua Inverter 10 KG AQD-A1000G W",0
46331,K905DV(SG),"Máy giặt Toshiba 8 kg AW-K905DV(SG)",0
46353,F85A9DRV,"Máy giặt Panasonic 8.5 kg NA-F85A9DRV",0
46397,"AS 1500MD","Tủ đông Denver AS 1500MD",1
46415,G-802S,"Máy sấy bát Giovani G-802S",1
46463,FV1410S3B,"Máy giặt LG Inverter 10 kg FV1410S3B",1
46476,"AQR-IG696FS (GP)","Tủ lạnh Aqua Inverter 576 lít AQR-IG696FS GP",0
46485,"KN 650","Tủ bày hàng kính phẳng Alaska KN-650",1
46489,K1005FV(SG),"Máy giặt Toshiba 9 kg AW-K1005FV(SG)",0
46514,10TP44DSH,"Máy giặt Samsung Inverter 10kg WW10TP44DSH/SV",0
46539,EWW1142Q7WB,"Máy giặt sấy Electrolux Inverter 11 kg EWW1142Q7WB",1
46555,EWW1024P5WB,"Máy giặt sấy Electrolux Inverter 10 kg EWW1024P5WB",1
46563,EWW9024P5WB,"Máy giặt sấy Electrolux Inverter 9 kg EWW9024P5WB",0
46576,EWF1141R9SB,"Máy giặt Electrolux Inverter 11 kg EWF1141R9SB",0
46593,EWF1142R7SB,"Máy giặt Electrolux Inverter 11 kg EWF1142R7SB",0
46609,EWF1142Q7WB,"Máy giặt Electrolux Inverter 11 kg EWF1142Q7WB",0
46626,EWF1042R7SB,"Máy giặt Electrolux Inverter 10 kg EWF1042R7SB",1
46643,EWF1042Q7WB,"Máy giặt Electrolux Inverter 10 kg EWF1042Q7WB",0
46659,EWF1024P5SB,"Máy giặt Electrolux Inverter 10 kg EWF1024P5SB",1
46674,EWF1024P5WB,"Máy giặt Electrolux Inverter 10 kg EWF1024P5WB",1
46689,EWF9042R7SB,"Máy giặt Electrolux Inverter 9 kg EWF9042R7SB",0
46708,D22MB,"Tủ lạnh LG Inverter 494 lít GR-D22MB",0
46731,EWF9042Q7WB,"Máy giặt Electrolux Inverter 9 kg EWF9042Q7WB",0
46749,EWF9024P5SB,"Máy giặt Electrolux Inverter 9 kg EWF9024P5SB",1
46764,EWF9024P5WB,"Máy giặt Electrolux Inverter 9 kg EWF9024P5WB",0
46781,EWF8024P5SB,"Máy giặt Electrolux Inverter 8 kg EWF8024P5SB",0
46798,EWF8024P5WB,"Máy giặt Electrolux Inverter 8 kg EWF8024P5WB",0
46814,WF-85I140BGB,"Máy giặt Casper Inverter 8.5 kg WF-85I140BGB",0
46902,F100A9BRV,"Máy giặt Panasonic 10 Kg NA-F100A9BRV",0
46925,F90A9BRV,"Máy giặt Panasonic 9 Kg NA-F90A9BRV",0
46961,F85A9BRV,"Máy giặt Panasonic 8.5 Kg NA-F85A9BRV",0
46983,FD85X1LRV,"Máy Giặt PANASONIC 8.5Kg NA-FD85X1LRV",0
47137,TX461GPKV,"Tủ lạnh Panasonic Inverter 405 lít NR-TX461GPKV",1
47167,TL381VGMV,"Tủ lạnh Panasonic Inverter 366 lít NR-TL381VGMV",1
47197,TL351VGMV,"Tủ lạnh Panasonic Inverter 326 lít NR-TL351VGMV",1
47224,TV261BPKV,"Tủ lạnh Panasonic Inverter 234 lít NR-TV261BPKV",0
47248,DZ601YGKV,"Tủ lạnh Panasonic Inverter 550 lít NR-DZ601YGKV",1
47253,43AU7000,"Smart Tivi Samsung 4K 43 inch 43AU7000",1
47268,FD125V1BV,"Máy giặt Panasonic Inverter 12.5 Kg NA-FD125V1BV",0
47292,S106FX1LV,"Máy giặt sấy Panasonic NA-S106FX1LV",0
47301,50AQT6600UG,"Android Tivi AQUA 4K 50 inch 50AQT6600UG",0
47324,58AQT6610UG,"Android Tivi AQUA 4K 58 inch LE58AQT6600UG",0
47352,WF-95I140BGB,"Máy giặt Casper Inverter 9.5 kg WF-95I140BGB",0
47376,WF-105I150BGB,"Máy giặt Casper Inverter 10.5 kg WF-105I150BGB",0
47388,WF-125I140BGB,"Máy giặt Casper Inverter 12.5 kg WF-125I140BGB",0
47413,EWF8024D3WB,"Máy giặt Electrolux 8Kg Inverter EWF8024D3WB",0
47423,EWF9024D3WB,"Máy giặt Electrolux 9Kg Inverter EWF9024D3WB",0
47432,R-2235H-G,"Lò vi sóng điện tử Sharp R-2235H - G",1
47440,R-2235H-R,"Lò vi sóng điện tử Sharp R-2235H - R",1
47444,SP8A,"Loa thanh soundbar LG SP8A",0
47474,SP9A,"Loa thanh soundbar LG SP9A",0
47526,TL381BPKV,"Tủ Lạnh Inverter Panasonic 366 Lít NR-TL381BPKV",1
47537,TL351BPKV,"Tủ Lạnh Inverter Panasonic NR-TL351BPKV",1
47539,TV261BPAV,"Tủ Lạnh Inverter PANASONIC 234 Lít NR-TV261BPAV",0
47543,SV280BPKV,"Tủ lạnh Panasonic inverter 255L NR-SV280BPKV",1
47563,EQE6000A-B,"Tủ lạnh Electrolux Inverter 541 lít EQE6000A-B",1
47580,60AU8000,"Smart Tivi Samsung 4K 60 inch UA60AU8000",0
47587,70AU8000,"Smart Tivi Samsung 4K 70 inch UA70AU8000",0
47588,65T65,"Android Tivi TCL 4K 65 inch 65T65",0
47608,YW590YHHV,"Tủ lạnh Panasonic Inverter 540 lít NR-YW590YHHV",0
47618,86UP8000,"Smart Tivi LG 4K 86 inch 86UP8000PTB",0
47699,DMF-4699WSI-4,"Tủ đông Darling Inverter 350 lít DMF-4699 WSI-4",1
47746,DMF-4799AX,"Tủ đông Darling DMF-4799AX",1
47753,"DL - 5000 A3","Tủ mát Darling DL-5000A3",1
47761,CK700,"Tủ mát trưng bày bánh kem Denver CK 700",1
47791,HW-A650,"Loa thanh Samsung HW-A650",1
47824,98QN90A,"Smart Tivi Neo QLED 4K 98 inch Samsung QA98QN90A",0
47846,YW590YMMV,"Tủ lạnh Panasonic Inverter 540 lít NR-YW590YMMV",1
47896,CN-1281,"Loa kéo di động CN-1281 (Bass 12"", 1 Micro)",1
47899,"N1 PLUS","Robot hút bụi lau nhà Neabot Nomo N1 Plus",1
47944,MX-T70,"Loa Tháp Samsung MX-T70",0
47976,43JX620V,"Tivi Panasonic android 4K 43inch TH-43JX620V",0
47985,50JX700V,"Android Tivi 4K Panasonic 50Inch TH-50JX700V",0
47988,50JX620V,"Tivi Panasonic android 4K 50inch TH-50JX620V",0
48013,SJ-FXP480VG-CH,"Tủ lạnh Sharp Inverter 401 lít SJ-FXP480VG-CH",1
48124,WF-95I140BWC,"Máy giặt Casper Inverter 9.5Kg WF-95I140BWC",0
48131,WF-105I140BWC,"Máy giặt Casper Inverter 10.5Kg WF-105I140BWC",0
48160,75UP7750,"Smart Tivi LG 4K 75 inch 75UP7750PTB",0
48224,90TP44DSB,"Máy giặt Samsung AI Inverter 9kg WW90TP44DSB/SV",0
48276,ESE6141A-BVN,"Tủ lạnh Electrolux Inverter 571 lít ESE6141A-BVN",1
48430,32LM636B,"Smart Tivi LED LG 32 inch 32LM636BPTB",0
48533,55X85J,"Android Tivi Sony 4K 55 inch KD-55X85J",0
48563,F100A4BRV,"Máy giặt Panasonic 10kg NA-F100A4BRV",0
48583,E70JA1WVT,"Máy Sấy Panasonic 7kg NH-E70JA1WVT",0
48586,E80JA1WVT,"Máy Sấy Panasonic 8kg NH-E80JA1WVT",0
48597,RCNT340E50VZWB,"Tủ lạnh Beko Inverter 323 lít RCNT340E50VZWB",1
48617,RCNT415E50VZGW,"Tủ lạnh Beko Inverter 396 lít RCNT415E50VZGW",1
48641,RDNT371I50VS,"Tủ lạnh Beko Inverter 340 lít RDNT371I50VS",1
48662,RDNT371E50VZK,"Tủ lạnh Beko Inverter 340 lít RDNT371E50VZK",1
48688,RDNT371E50VZGB,"Tủ lạnh Beko Inverter 340 lít RDNT371E50VZGB",1
48710,RDNT401E50VZGB,"Tủ lạnh Beko Inverter 375 lít RDNT401E50VZGB",1
48734,RS9051P,"Tủ lạnh Beko 93 lít RS9051P",1
48755,RS4020S,"Tủ lạnh mini Beko 40 lít RS4020S",1
48759,KFN86AA76J,"Tủ lạnh Bosch KFN86AA76J 627 lít Inverter",0
48765,NTD-388-New,"Tủ đông Nishu NTD-388-New",1
48770,NTD-488-New,"Tủ đông Nishu NTD-488-New",1
48773,NTD-788-New,"Tủ đông Nishu NTD-788-New",1
48777,"NTD-788 H-New","Tủ đông Nishu NTD-788-H-New",1
48781,NTD-188S-New,"Tủ đông Nishu mini  NTD- 188S-New",1
48787,NTD-388S-New,"Tủ đông Nishu NTD- 388S-New",1
48792,NTD-488S-New,"Tủ đông Nishu NTD- 488S-New",1
48798,"NTD - 588S-New","Tủ đông Nishu NTD- 588S-New",1
48804,NTD-788S-New,"Tủ đông Nishu NTD-788S-New",1
48809,NTD-988S-New,"Tủ đông Nishu NTD-988S-New",1
48815,NTD-1088S-New,"Tủ đông Nishu NTD-1088S-New",1
48856,NTK-488-SK,"Tủ kem Nishu NTK-488-SK",1
48859,NTK-688-SK,"Tủ kem Nishu NTK-688SK",1
48863,NTK-888-SKI,"Tủ kem Nishu NTK-888SKI",1
48866,NTK-488-SKI,"Tủ kem Nishu NTK-488SKI",1
48869,NTK-888-SK,"Tủ kem Nishu NTK-888SK",1
48883,S96FG1WVT,"Máy Giặt Sấy Inverter Panasonic 9 kg NA-S96FG1WVT",0
48895,V11FX2LVT,"Máy giặt Panasonic 11kg NA-V11FX2LVT",0
48903,FM1209S6W,"Máy Giặt LG Inverter 9 Kg FM1209S6W",0
49000,75NANO86TPA,"Smart Tivi NanoCell LG 4K 75 inch 75NANO86TPA",0
49046,S480XA.SG,"Tủ lạnh Aqua Inverter 480 lít AQR-S480XA(SG)",1
49068,WD21T6500,"Máy giặt sấy Samsung Inverter 21 kg WD21T6500GV/SV",0
49127,HCB-12MR,"Máy sưởi gốm Ceramic Erito HCB12RM",1
49130,HCB-15R,"Máy sưởi gốm Ceramic Erito HCB15R",1
49137,"HCL 16RM","Máy sưởi gốm Ceramic Erito HCL16RM",1
49138,"HCB- 18R","Máy sưởi gốm Ceramic Erito HCB18R",1
49187,1208S4W,"Máy giặt LG Inverter 8.5 kg FV1208S4W",0
49262,55Q726,"Android Tivi QLED TCL 4K 55 inch 55Q726",1
49296,S95FT.S,"Máy giặt AQUA 9.5 Kg AQW-S95FTS",0
49304,85Z9J,"Android Tivi Sony 8K 85 inch XR-85Z9J",0
49330,40S66A,"Android Tivi TCL 40 inch L40S66A",0
49349,50W660GZ,"Smart Tivi Sony 50 inch KDL-50W660GZ",0
49396,55UP7500,"Smart Tivi LG 4K 55 inch 55UP7500PTC",0
49397,50UP7500,"Smart Tivi LG 4K 50 inch 50UP7500PTC",0
49447,43X80JS,"Android Tivi Sony 4K 43 inch KD-43X80J/S",0
49471,32L61,"Smart Tivi TCL HD 32 inch 32L61",0
49480,75US8000,"Smart Tivi Casper Android 4K 75inch 75US8000",0
49491,RS-570VT,"Tủ lạnh Casper side by side 552 lít RS-570VT",0
49496,RM-520VT,"Tủ lạnh Casper RM-520VT 4 cửa 462L",0
49501,SMS6ECI07E,"Máy rửa chén độc lập BOSCH SMS6ECI07E |Serie 6",1
49519,55UG6000,"Android Tivi Casper 55 inch 55UG6000",0
49541,FV1413H3BA,"Máy giặt sấy LG Inverter 13 kg FV1413H3BA",1
49558,43UP7500,"Smart Tivi LG 4K 43 inch 43UP7500PTC",0
49590,RB405WE-PMV(06)-MG,"Tủ lạnh Toshiba Inverter 322 lít GR-RB405WE-PMV(06)-MG",0
49617,43AQT6610FG,"Smart Tivi Aqua 43 Inch LE43AQT6610G",0
49626,RB410WE-PMV(37)-SG,"Tủ lạnh Toshiba Inverter 325 lít GR-RB410WE-PMV(37)-SG",1
49650,RB410WE-PMV(06)-MG,"Tủ lạnh Toshiba Inverter 325 lít GR-RB410WE-PMV(06)-MG",0
49664,RB385WE-PMV(30)-BS,"Tủ lạnh Toshiba Inverter 294 lít GR-RB385WE-PMV(30)-BS",0
49677,"WB640PGV1 GCK","Tủ lạnh Hitachi Inverter 569 lít R-WB640PGV1 (GCK)",1
49685,32S3U,"Smart Tivi HD 32inch 32S3U CooCaa",0
49688,"65S6G Pro Max","Smart TV Coocaa 4K UHD 65 inch 65S6G Pro Max",0
49709,FR101GT.BK,"Máy giặt Aqua 10 Kg AQW-FR101GT BK",1
49725,DUK1300,"Máy giặt Toshiba Inverter 12 kg AW-DUK1300KV(SG)",0
49748,"M700GPGV2X MBW","Tủ lạnh Hitachi Inverter 584L R-M700GPGV2X(MBW)",0
49800,65JX700V,"Smart Tivi Panasonic 65 inch TH-65JX700V",0
49815,65JX750V,"Smart Tivi 4K Panasonic 65 inch TH-65JX750V",0
49834,T2313VSPM,"Máy giặt LG Inverter 13kg T2313VSPM",0
49889,R-370VN-S,"Lò vi sóng Sharp R-370VN-S 23 lít",1
49906,10T5260BY,"Máy giặt Samsung Inverter 10 kg WA10T5260BY/SV",0
49989,EBB3442K-A,"Tủ lạnh Electrolux Inverter 308 lít EBB3442K-A",1
50039,FV1413S3WA,"Máy giặt LG Inverter 13 kg FV1413S3WA",0
50079,"HCF 506Đ2SH","Tủ Đông Funiki Hòa Phát HCF 506Đ2SH 205 Lít 2 Ngăn Đông",1
50084,EDS854J3WB,"Máy sấy Electrolux 8,5Kg EDS854J3WB",1
50100,EDS854N3SB,"Máy sấy Electrolux EDS854N3SB 8.5 Kg",1
50109,EDV754H3WB,"Máy sấy Electrolux 7,5Kg EDV754H3WB",1
50117,EDV854J3WB,"Máy sấy Electrolux 8,5 kg EDV854J3WB",0
50122,EDV854N3SB,"Máy sấy Electrolux 8,5Kg EDV854N3SB",0
50126,75AQTS5UG,"Android Tivi Aqua QLED 4K 75 inch LE75AQTS5UG",0
50155,UK1150HV,"Máy giặt Toshiba 10.5 kg AW-UK1150HV(SG)",0
50183,SKSC-400-D2,"Tủ Mát Sumikura 2 Cánh 400 Lít SKSC-400/D2 – Dàn Nhôm",0
50191,SKSC-450-D2,"Tủ Mát 2 cửa Sumikura 450 lít SKSC-450D2 NHÔM (R134A)",0
50197,SKSC-250-FC,"Tủ mát Sumikura SKSC-250 (250 lít)",1
50204,SKSC-300-FC,"Tủ mát Sumikura SKSC-300FC",0
50207,"SKSC-300I-FC Inverter","Tủ mát Sumikura SKSC-300IFC Inverter",0
50213,SKSC-400-FC,"Tủ mát Sumikura SKSC-400FC",1
50218,"SKSC-400I-FC Inverter","Tủ mát Sumikura SKSC-400IFC (400 lít)",1
50221,SKSC-450-FC,"Tủ mát Sumikura SKSC-450FC",0
50249,"55S6G PRO","Smart TV Coocaa 4K UHD 55 inch 55S6G Pro Max",0
50296,"SKSC-450IFC Inverter","Tủ mát Sumikura SKSC-450IFC Inverter",0
50350,SKSC-802WG2/E,"Tủ mát Sumikura SKSC-802WG2/E",0
50356,SKSC-802WG2/HW,"Tủ mát Sumikura SKSC-802WG2/HW",1
50442,AQW-FR120CT.S,"Máy giặt Aqua 12 kg AQW-FR120CT.S",0
50451,S5ROC,"Tủ chăm sóc quần áo thông minh LG Styler S5ROC",0
50470,D257JS,"Tủ lạnh Side By Side LG GR-D257JS 635 lít",1
50495,TD-72VWD,"Máy sấy Casper TD-72VWD 7.2kg",1
50502,RS-570VBW,"Tủ lạnh Casper Inverter 550 lít RS-570VBW",0
50518,D392PSA,"Tủ Lạnh Smart Inverter LG 394 Lít GN-D392PSA",1
50525,D372BLA,"Tủ lạnh LG Inverter 374 lít GN-D372BLA",0
50544,D372PSA,"Tủ lạnh LG GN-D372PSA inverter 374 lít",1
50562,B257JDS,"Tủ lạnh LG Inverter GR-B257JDS 649 lít",0
50575,H1000GV.SB,"Máy giặt Toshiba 9 Kg AW-H1000GV SB",0
50598,DA8112RX0W,"Máy sấy thông hơi Beko 8 Kg DA8112RX0W",0
50620,DU8133GA0W,"Máy sấy ngưng tụ Beko 8 Kg DU8133GA0W",0
50643,DA9112RX0WB,"Máy sấy thông hơi Beko 9 kg DA9112RX0WB",0
50654,DA9112RX0MB,"Máy sấy thông hơi Beko 9 kg DA9112RX0MB",0
50668,C8TE-S,"Máy sấy ngưng tụ Candy 8 Kg CSO C8TE-S",1
50694,EDH10TRBW1,"Máy hút ẩm Electrolux UltimateHome 300 EDH10TRBW1",1
50702,EDH12TRBD2,"Máy hút ẩm Electrolux công suất 24L EDH12TRBD2",1
50707,EDH14TRBD2,"Máy hút ẩm Electrolux EDH14TRBD2",1
50795,50LS03A,"Smart Tivi QLED Samsung 4K 50 inch QA50LS03A",0
50863,D257MC,"Tủ lạnh LG Inverter 635 Lít GR-D257MC",0
50867,X257MC,"Tủ lạnh LG Inverter 635 Lít GR-X257MC",0
50880,55QG8000,"Smart Tivi QLED Casper 55 inch 55QG8000",0
50888,FXP480V-SL,"Tủ lạnh Sharp Inverter 401 lít SJ-FXP480V-SL",1
51037,65AQTS6UG,"Android Tivi AQUA QLED 4K 65 inch LE65AQTS6UG",1
51059,RT325WE-PMV(06)-MG,"Tủ lạnh Toshiba Inverter 249 lít GR-RT325WE-PMV(06)-MG",1
51086,65QNED91,"Smart Tivi QNED LG 4K 65 inch 65QNED91TPA",0
51123,FTKA35VMVMV,"Điều hòa Daikin Inverter 1.5 HP FTKA35VMVMV",0
51135,BL105A4V(SS),"Máy giặt Toshiba inverter 9.5 kg TW-BL105A4V(SS)",0
51161,ESE6645A-B,"Tủ lạnh Electrolux Inverter 619 lít ESE6645A-BVN",0
51189,65AQT6600UG,"Android Tivi AQUA 4K 65 inch LE65AQT6600UG",0
51211,55JX620V,"Tivi Panasonic android 4K 55 inch TH-55JX620V",0
51219,D257WB,"Tủ lạnh LG Inverter 635 Lít GR-D257WB",1
51238,B257WB,"Tủ lạnh LG Inverter 649 Lít GR-B257WB",0
51265,X257JS,"Tủ lạnh LG Inverter 635 Lít GR-X257JS",0
51278,HC-12IA32,"Điều hòa Casper 1 chiều inverter 12.000BTU HC-12IA32",0
51282,GC-12IS32,"Điều hòa Casper Inverter 1.5 HP GC-12IS32",0
51304,HC-24IA32,"Điều hòa Casper 1 chiều inverter 24.000 BTU HC-24IA32",0
51314,HC-18IA32,"Máy lạnh Casper Inverter 2 HP HC-18IA32",1
51322,SC-09FS32,"Máy lạnh Casper 1 HP SC-09FS32",0
51329,SC-12FS32,"Điều hòa Casper 1 chiều 12.000BTU SC-12FS32",0
51339,GC-09IS32,"Máy lạnh Casper Inverter 1 HP GC-09IS32",1
51359,LC-18FS32,"Điều Hòa Casper 2 HP LC-18FS32",0
51378,V24ENF1,"Điều hòa LG Inverter 2.5 HP V24ENF1",0
51400,SH09MMC2,"Điều hòa 2 chiều Funiki SH09MMC2",1
51402,SH18MMC2,"Điều hòa Funiki 2 chiều SH18MMC2",0
51403,SH24MMC2,"Điều hòa Funiki 2 chiều SH24MMC2",0
51404,HSC09TMU,"Điều hòa Funiki 1 HP HSC09TMU",1
51416,"HSC12 TMU","Điều Hòa Funiki 1 chiều 12.000btu HSC12TMU",1
51424,"HSC18 TMU","Điều Hòa Funiki 18.000btu HSC18TMU",1
51427,"HSC24 TMU","Điều Hòa Funiki 24.000btu HSC24TMU",1
51432,B10END1,"Điều Hòa 2 chiều LG Inverter 1 HP B10END1",1
51433,B13END1,"Máy lạnh 2 chiều LG Inverter 1.5 HP B13END1",1
51434,B18END1,"Điều hòa 2 chiều LG Inverter 18000 BTU B18END1",0
51435,N18XKH-8,"Điều hòa Panasonic 2 HP CU/CS-N18XKH-8",0
51436,CU/CS-XPU9XKH-8,"Điều hòa Panasonic Inverter 1 HP CU/CS-XPU9XKH-8",0
51437,FTV25BXV1V9,"Điều hòa Daikin 1 HP FTV25BXV1V9",0
51444,FTKA25VAVMV,"Máy lạnh Dakin 1.0 HP FTKA25VAVMV",0
51445,FTKA35VAVMV,"Điều hòa Daikin Inverter 1.5 HP FTKA35VAVMV",0
51446,FTKB50WAVMV,"Máy lạnh Daikin inverter 2 HP FTKB50WAVMV",0
51447,FTKA60UAVMV,"Máy lạnh Daikin Inverter 2.5 HP FTKA60UAVMV",0
51458,FTHF25VAVMV,"Điều hòa 2 chiều Daikin Inverter 1.0 HP FTHF25VAVMV",1
51459,FTHF35VAVMV,"Điều hòa 2 chiều Daikin Inverter 1.5 HP FTHF35VAVMV",0
51460,FTHF50VVMV,"Máy lạnh 2 chiều Daikin Inverter 2.0 HP FTHF50VVMV",0
51461,FTHF60VVMV,"Máy lạnh 2 chiều Daikin Inverter 2.5 HP FTHF60VVMV",0
51464,AH-X10ZW,"Máy lạnh Sharp Inverter 1 HP AH-X10ZW",0
51470,AH-X13ZW,"Máy lạnh Sharp Inverter 1.5 HP AH-X13ZW",1
51476,AH-X18ZW,"Máy lạnh Sharp Inverter 2 HP AH-X18ZW",1
51482,GWH09PA-K6D1P4,"Điều hòa 2 chiều Gree Inverter 1 HP GWH09PA-K6D1P4",1
51500,GWH12PB-K6D1P4,"Điều hòa 2 chiều Gree Inverter 11942 BTU GWH12PB-K6D1B4",1
51518,GWH18PD-K6D1P4,"Điều hòa Gree 18000BTU 2 chiều inverter GWH18PD-K6D1P4",1
51525,GWH18PD-K3D0P4,"Điều hòa Gree GWH18PD-K3D0P4 - 2 chiều inverter - 18000BTU",1
51529,GWH24PD-K3D0P4,"Điều hòa Gree GWH24PD-K3D0P4 - 2 chiều inverter - 24000BTU",1
51532,55LS01,"The Serif QLED Samsung 4K 55 inch 55LS01T",0
51566,HSH10TMU,"Điều Hòa Funiki 2 Chiều 1 HP HSH10TMU",1
51568,HSH12TMU,"Điều hòa Funiki 1,5 HP 2 chiều HSH12TMU",1
51570,HSH18TMU,"Điều hòa Funiki 2 chiều 18000 BTU HSH18TMU",1
51572,HSH24TMU,"Điều hòa Funiki 2 chiều 24000BTU HSH24TMU",1
51574,HIC09TMU,"Điều hòa Funiki 1 chiều Inverter 9000BTU HIC09TMU",1
51576,HIC12TMU,"Điều hòa Funiki 1 chiều Inverter 12000BTU HIC12TMU",1
51578,HIC18TMU,"Điều hòa Funiki 1 chiều Inverter 18000BTU HIC18TMU",1
51580,HIC24TMU,"Điều hòa Funiki 1 chiều Inverter 24000BTU HIC24TMU",1
51582,HIH09TMU,"Điều hòa Funiki 2 chiều Inverter 9000BTU HIH09TMU",1
51584,HIH12TMU,"Điều hòa Funini 2 chiều Inverter 12000BTU HIH12TMU",1
51586,HIH18TMU,"Điều hòa Funiki 2 chiều Inverter 18000BTU HIH18TMU",1
51587,HIH24TMU,"Điều hòa Funiki 2 chiều Inverter 24000BTU HIH24TMU",1
51588,SRC18YXP-W5,"Điều hòa Mitsubishi 1 chiều Inverter SRK/SRC18YXP-W5",1
51595,SRC24YW-W5,"Điều hòa Mitsubishi 1 chiều Inverter SRK/SRC24YXP-W5",1
51598,SRC25ZSS-W5,"Điều hòa Mitsubishi Heavy 2 chiều inverter SRK/SRC25ZSS-W5",1
51604,FC21,"Điều hòa tủ đứng Funiki 1 chiều 21.000Btu FC21",1
51606,SRC35ZSS-W5,"Điều hòa Mitsubishi Heavy 2 chiều inverter SRK/SRC35ZSS-W5",1
51610,SRC50ZSS-W5,"Điều hòa Mitsubishi Heavy 2 chiều inverter SRK/SRC50ZSS-W5",1
51613,FC27,"Điều hòa tủ đứng Funiki 1 chiều FC27",1
51615,FH27,"Điều hòa tủ đứng Funiki FH27 2 chiều 27000 BTU",1
51616,SRC71ZRS-W5,"Điều hòa Mitsubishi Heavy 2 chiều inverter SRK/SRC71ZRS-W5",1
51628,FC36,"Điều hòa đứng 1 chiều Funiki FC36",1
51632,FH36,"Điều hòa tủ đứng 2 chiều Funiki FH36",1
51635,FC50,"Điều hoà đứng 1 chiều Funiki FC50",1
51636,XU12XKH8,"Điều hòa Panasonic Inverter 11900 BTU CU/CS-XU12XKH-8",0
51654,XU9XKH8,"Điều hòa Panasonic Inverter 1 HP CU/CS-XU9XKH-8",0
51675,U12XKH8,"Điều hòa Panasonic 1 chiều inver 12.000BTU CU/CS-U12XKH-8",0
51684,U9XKH8,"Điều hòa Panasonic 1 chiều Inverter 9.000BTU CU/CS-U9XKH-8",0
51693,FH50,"Điều hoà đứng 2 chiều Funiki FH50",1
51695,FC100,"Điều hoà đứng 1 chiều Funiki FC100",1
51697,FH100,"Điều hòa 2 chiều Funiki FH100",1
51699,SC-18FS32,"Điều hòa Casper 1 chiều 18.000BTU SC-18FS32",0
51712,CC18,"Điều hòa âm trần Funiki 1 chiều CC18",1
51713,SC-24FS32,"Điều hòa Casper 1 chiều 24.000BTU SC-24FS32",1
51718,CH33,"Điều hoà âm trần 2 chiều Funiki CH18",1
51740,CC24,"Điều hoà âm trần 1 chiều Funiki CC24",1
51744,CH24,"Điều hoà âm trần 2 chiều Funiki CH24",1
51756,CC36,"Điều hoà âm trần 1 chiều Funiki CC36",1
51758,CH36,"Điều hoà âm trần 2 chiều Funiki CH36",1
51761,CC50,"Điều hoà âm trần 1 chiều Funiki CC50",1
51764,CH50,"Điều hoà âm trần 2 chiều Funiki CH50",1
51774,ES-FK852EV-W,"Máy giặt lồng ngang Sharp Inverter 8.5Kg ES-FK852EV-W",0
51786,APS/APO-H240/Titan-A,"Điều hòa Sumikura APS/APO-H240/Titan-A 24000BTU 2 chiều",1
51793,APS/APO-H280/Titan-A,"Điều hòa Sumikura APS/APO-H280/Titan-A 28000BTU 2 chiều",1
51796,TD.VH888KA,"Tủ đông nắp kính lùa Sanaky 500L VH888KA",1
51799,TD.VH1008KA,"Tủ đông Sanaky VH1008KA 750L",1
51801,TD.VH899K,"Tủ đông Sanaky VH899K 516L",0
51805,TM.VH299K,"Tủ mát Sanaky VH299K 278L",1
51807,VH4899K3B,"Tủ đông kính lùa Sanaky Inverter VH-4899K3B",1
51811,TD.VH899K3A,"Tủ đông Sanaky inverter 500L VH899K3A",1
51813,TMDA.VH1520HP3,"Tủ mát Sanaky 1500L VH1520HP3",1
51815,TM.VH15HP,"Tủ mát siêu thị Sanaky VH15HP",0
51817,TM.VH20HP,"Tủ mát Sanaky VH20HP",0
51819,TM.VH25HP,"Tủ mát Sanaky VH25HP",0
51821,TT.VH1500T,"Tủ mát trưng bày Sanaky VH1500T",0
51823,TT.VH2000T,"Tủ mát trưng bày Sanaky VH2000T",0
51825,TT.VH2500T,"Tủ mát trưng bày Sanaky VH2500T",0
51827,QB.VH1500HP,"Tủ quầy bánh Sanaky VH1500HP",0
51829,QB.VH1800HP,"Tủ quầy bánh Sanaky VH1800HP",0
51831,QB.VH900HP,"Tủ quầy bánh Sanaky VH900HP 900L",0
51833,TD.VH1099W,"Tủ đông inox Sanaky VH1099W",1
51835,TD.VH4899KB,"Tủ đông Sanaky VH4899KB",1
51837,TD.VH899KA,"Tủ đông Sanaky VH899KA",1
51839,TD.VH1099KA,"Tủ đông Sanaky VH1099KA",1
51841,TD.VH1099K3A,"Tủ đông Sanaky inverter VH1099K3A",1
51872,M332PS,"Tủ lạnh LG Inverter 335 lít GN-M332PS",1
51875,M312BL,"Tủ lạnh LG Inverter 315 Lít GN-M312BL",0
51895,D332PS,"Tủ lạnh LG Inverter 334 lít GN-D332PS",0
51898,D332BL,"Tủ lạnh LG Inverter 334 lít GN-D332BL",0
51921,M332BL,"Tủ lạnh LG Inverter 335 lít GN-M332BL",1
51943,65QN700,"Smart Tivi Neo QLED 8K 65 inch Samsung QA65QN700A",1
51973,43X80K,"Google Tivi Sony 4K 43 inch KD-43X80K",0
51988,50X80K,"Google Tivi Sony 4K 50 inch KD-50X80K",0
52003,55X80K,"Google Tivi Sony 4K 55 inch KD-55X80K",0
52020,65X80K,"Google Tivi Sony 4K 65 inch KD-65X80K",0
52035,75QN900B,"Smart Tivi Neo QLED 8K 75 inch Samsung QA75QN900B",0
52050,D372PS,"Tủ lạnh LG Inverter 374 lít GN-D372PS",0
52054,M312PS,"Tủ lạnh LG Inverter 315 Lít GN-M312PS",0
52074,GR-RS780WI-PGV(22)-XK,"Tủ lạnh Toshiba Inverter 596 lít GR-RS780WI-PGV(22)-XK",1
52089,CW530XMMV,"Tủ lạnh Panasonic Inverter 495 lít NR-CW530XMMV",1
52116,CW530XHHV,"Tủ lạnh Panasonic Inverter 495L NR-CW530XHHV",0
52128,ESE5401A-BVN,"Tủ lạnh Electrolux Inverter 505 lít ESE5401A-BVN",1
52151,ESV09CRR-C6,"Điều hòa Electrolux Inverter 1 HP ESV09CRR-C6",1
52174,ESV18CRR-C2,"Điều hòa Electrolux Inverter 2 HP ESV18CRR-C2",0
52192,ESV09CRR-C7,"Điều hòa Electrolux 1 chiều Inverter 9000BTU ESV09CRR-C7",1
52222,D312BL,"Tủ lạnh LG Inverter 314 Lít GN-D312BL",0
52246,D312PS,"Tủ lạnh LG Inverter 314 Lít GN-D312PS",0
52267,65QN700B,"Smart Tivi Neo QLED 8K 65 inch Samsung QA65QN700B",0
52285,65QN90BA,"NEO QLED Tivi 4K Samsung 65 inch Smart TV 65QN90BA",0
52290,65QN85BA,"Smart TV Samsung Neo QLED 4K 65 inch 65QN85BA",0
52297,65BU8500,"Smart Tivi Samsung 4K Crystal UHD 65 inch UA65BU8500",0
52311,55BU8500,"Smart Tivi Samsung 4K Crystal UHD 55 inch UA55BU8500",0
52323,75BU8000,"Smart Tivi Samsung 4K Crystal UHD 75 inch UA75BU8000",0
52340,65BU8000,"Smart Tivi Samsung 4K Crystal UHD 65 inch UA65BU8000",0
52357,55BU8000,"Smart Tivi Samsung 4K Crystal UHD 55 inch UA55BU8000",0
52359,43X75K,"Smart Tivi Sony 4K 43 inch KD-43X75K",1
52374,65X90K,"Google Tivi Sony 4K 65 inch XR-65X90K",1
52397,55X75K,"Google Tivi Sony 4K 55 inch KD-55X75K",0
52420,"WB640PGV1 GMG","Tủ lạnh Hitachi Inverter 569 lít R-WB640PGV1 GMG",0
52434,MR-CX41ER-BRW,"Tủ lạnh Mitsubishi Electric Inverter 330 lít MR-CX41ER-BRW-V",1
52440,BX471XGKV,"Tủ lạnh Panasonic NR-BX471XGKV Inverter 420 lít",1
52443,75Q70BA,"Smart Tivi QLED 4K Samsung 75Q70B 75 inch",1
52466,55AU7200,"Smart Tivi Samsung 4K 55 inch UA55AU7200",0
52493,32S7G,"Smart TV HD Coocaa 32S7G 32 Inch",0
52496,40S7G,"Smart TV HD Coocaa 40S7G 40 Inch",0
52497,43S7G,"Smart TV HD Coocaa 43S7G 43 Inch",0
52500,65Q70BA,"Samsung Smart Tivi QLED 4K 65 inch 65Q70BA",0
52504,D372BL,"Tủ lạnh LG Inverter 374 Lít GN-D372BL",0
52528,75X80K,"Google Tivi Sony 4K 75 inch KD-75X80K",0
52529,GH-09IS33,"Điều hòa Casper 9000 BTU 1 chiều inverter TC-09IS35",1
52538,GH12IS33,"Điều hòa Casper 12000 BTU 2 chiều inverter GH-12IS33",1
52542,GC-24IS32,"Máy lạnh Casper Inverter 2.5 HP GC-24IS32",0
52564,43Q60BA,"Smart Tivi Samsung QLED 43 Inch 4K 43Q60BA",1
52572,50Q60BA,"Smart Tivi Samsung QLED 50 Inch 4K 50Q60BA",1
52573,55QN700,"Smart Tivi QLED Samsung 8K 55 Inch QA55QN700A",0
52590,50BU8500,"Smart Tivi Samsung 4K Crystal UHD 50 inch UA50BU8500",0
52605,50BU8000,"Smart Tivi Samsung 4K Crystal UHD 50 inch UA50BU8000",0
52629,65AU7200,"Smart Tivi Samsung 4K Crystal UHD 65 inch UA65AU7200",0
52652,65Q80BA,"Smart Tivi QLED 4K 65 inch Samsung QA65Q80BA",0
52665,55QN90BA,"Smart Tivi Neo QLED 4K 55 inch Samsung QA55QN90B",0
52679,55Q80BA,"Smart Tivi QLED 4K 55 inch Samsung QA55Q80BA",0
52695,75QN85BA,"Smart Tivi QLED 4K Samsung 75 inch 75QN85B",0
52717,75QN90BA,"Smart Tivi Neo QLED 4K 75 inch Samsung QA75QN90B",0
52723,85BU8000,"Smart Tivi Samsung 4K Crystal UHD 85 inch UA85BU8000",0
52731,50Q80BA,"Tivi Samsung QA50Q80BA Smart QLed 50 Inch 50Q80BA",0
52740,85Q60BA,"Smart Tivi Samsung QLED 85 Inch 4K 85Q60BA",1
52741,75Q60BA,"Smart Tivi Samsung QLED 75 Inch 4K 75Q60BA",0
52742,BX421XGKV,"Tủ lạnh Panasonic Inverter 380 lít NR-BX421XGKV",1
52751,50up751c,"Smart Tivi LG 4K 50 inch 50UP751C0TC",0
52763,32HX5200,"Android Tivi Casper 32 inch 32HX5200",0
52795,65Q60BA,"Smart Tivi Samsung QLED 65 Inch 4K 65Q60BA",0
52796,75X95K,"Google Tivi Mini LED Sony 4K 75 inch XR-75X95K",0
52811,85QN85BA,"Smart Tivi QLED 4K Samsung 85 inch 85QN85BA",0
52813,55Q60BA,"Smart Tivi Samsung QLED 55 Inch 4K 55Q60BA",1
52815,43P615,"Android Tivi TCL 4K 43 inch 43P615",0
52836,43P737,"Google Tivi TCL 4K 43 inch 43P737",0
52853,55P737,"Google Tivi TCL 4K 55 inch 55P737",0
52870,75QNED91,"Smart Tivi QNED LG 4K 75 inch 75QNED91TPA",0
52885,55NANO75,"Smart Tivi NanoCell LG 4K 55 inch 55NANO75TPA",0
52911,32LQ576,"Smart Tivi LG 32 inch 32LQ576BPSA",0
52915,H392BL,"Tủ lạnh LG Inverter 394 lít GN-H392BL",0
52927,RT-250VD,"Tủ lạnh Casper Inverter 238 lít RT-250VD",0
52947,RT-215VS,"Tủ lạnh Casper Inverter 200 lít RT-215VS",0
52965,RT-200VS,"Tủ lạnh Casper 185 lít RT-200VS",0
52986,50UW6000,"Smart Tivi Casper 4K 50 inch 50UW6000",0
52987,AR09TYHQASINSV,"Điều hòa Samsung Inverter 1 HP AR09TYHQASINSV",0
53009,85Q70BA,"Smart Tivi QLED 4K Samsung 85Q70B 85 inch, 85Q70BA",0
53010,75Q80BA,"Smart Tivi QLED 4K 75 inch Samsung QA75Q80BA",0
53011,55QN85BA,"Smart TV Samsung Neo QLED 4K 55 inch 55QN85BA",1
53012,65AU7002,"Smart Tivi Samsung 4K 65 inch UA65AU7002",0
53025,55AU7002,"Smart Tivi Samsung 4K 55 inch UA55AU7002",0
53029,50X75K,"Google Tivi Sony 4K 50 inch KD-50X75K",0
53030,65X75K,"Google Tivi Sony 4K 65 inch KD-65X75K",1
53044,QA85Q80BA,"Smart Tivi QLED Samsung 4K 85 inch QA85Q80B",0
53070,32LQ636,"Smart Tivi LG 32 inch 32LQ636BPSA",1
53094,RT46K603JB1/SV,"Tủ lạnh Samsung Inverter 460 Lít RT46K603JB1/SV",0
53128,98C735,"Android Tivi QLED TCL 4K 98 inch 98C735",0
53147,DF60A8500EG/SV,"Tủ Chăm Sóc Quần Áo Thông Minh Samsung DF60A8500EG/SV",1
53183,DF10A9500CG/SV,"Tủ Chăm Sóc Quần Áo Thông Minh Samsung DF10A9500CG/SV",0
53206,32ATV,"Tivi UBC 32ATV 32 Inch",1
53213,32W830K,"Google Tivi Sony 2K 32 inch KD-32W830K",0
53234,RT29K503JB1,"Tủ lạnh Samsung Inverter 302 Lít RT29K503JB1/SV",0
53253,RT32K503JB1,"Tủ lạnh Samsung Inverter 322 Lít RT32K503JB1/SV",0
53263,RF48A4010M9,"Tủ lạnh Samsung Inverter 488 lít RF48A4010M9/SV",1
53287,D59FA(BS),"Tủ lạnh Aqua 50 lít AQR-D59FA(BS)",0
53325,55Q70BA,"Samsung Smart Tivi QLED 4K 55 inch 55Q70BA",0
53340,32AS9B,"Tivi Asiatic Full HD 32 inch  32AS9B",0
53343,43AS9B,"Tivi Asiatic Full HD 43 inch 43AS9B",0
53344,50AS9B,"Smart Tivi Asiatic 4K 50 inch 50AS9B",0
53345,55AS9B,"Smart Tivi Asiatic 4K 55 inch 55AS9B",0
53346,65AS9B,"Smart Tivi Asiatic 4K 65 inch 65AS9B",0
53348,75AS9B,"Smart Tivi Asiatic 4K 75 inch 75AS9B",0
53351,85X85K,"Google Tivi Sony 4K 85 inch KD-85X85K",0
53366,55X85K,"Google Tivi Sony 4K 55 inch KD-55X85K",0
53367,65X85K,"Google Tivi Sony 4K 65 inch KD-65X85K",1
53395,DUK1150HV(MG),"Máy giặt Toshiba Inverter 10,5 kg AW-DUK1150HV(MG)",0
53428,RF22FARBD,"Tủ lạnh Samsung 234 lít RT22FARBDSA",0
53450,H10L3KCVG,"Máy lạnh Toshiba Inverter 1 HP RAS-H10L3KCVG-V",0
53477,H10U2KSG,"Điều hòa Toshiba Inverter 1 HP RAS-H10U2KSG-V",0
53495,D903G.BK,"Máy giặt Aqua Inverter 9 kg AQD-D903G.BK",1
53512,DD1001G.PS,"Máy giặt Aqua Inverter 10 kg AQD- DD1001G PS",1
53522,FR110GT.PS,"Máy giặt Aqua 11 kg AQW-FR110GT.PS",0
53542,T299FA.FB,"Tủ lạnh Aqua Inverter 283 lít AQR-T299FA(FB)",1
53561,BL115A2V.SS,"Máy giặt Toshiba inverter 10.5 kg TW-BL115A2V(SS)",0
53582,90T5260BY,"Máy giặt Samsung Inverter 9 kg WA90T5260BY/SV",0
53603,43BU8500,"Smart Tivi Samsung 4K Crystal UHD 43 inch UA43BU8500",0
53621,S3CW,"Tủ chăm sóc quần áo thông minh - LG styler S3CW",0
53625,55A80K,"Google Tivi OLED Sony 4K 55 inch XR-55A80K",0
53640,65A80K,"Google Tivi OLED Sony 4K 65 inch XR-65A80K",0
53643,75X85K,"Tivi Sony 75 inch 4K KD-75X85K",0
53653,75X90K,"Google Tivi Sony 4K 75 inch XR-75X90K",0
53668,S40R,"Dàn âm thanh Sony HT-S40R",0
53693,"DL-3200 A3","Tủ mát inverter Darling 320 lít DL-3200A3",1
53704,AS40GWWJ1,"Máy lọc không khí LG PuriCare Pro AS40GWWJ1",0
53715,YZ12WKH,"Điều hòa 2 chiều Panasonic Inverter 1.5 HP CU/CS-YZ12WKH-8",0
53732,43UP751,"Smart Tivi LG 43 inch 43UP751",0
53742,F90S10BRV,"Máy Giặt Panasonic 9 Kg NA-F90S10BRV",0
53754,AR12TYHQASINSV,"Điều hòa Samsung Inverter 1.5 Hp AR12TYHQASINS",0
53755,H13L3KCVG,"Điều hòa Toshiba Inverter 1.5 HP RAS-H13L3KCVG-V",0
53771,ATKA35UAVMV,"Điều Hòa Daikin Inverter 1.5 HP ATKA35UAVM",1
53802,N24XKH,"Điều hòa Panasonic 2.5 HP N24XKH-8M",1
53814,27ART10AKPL,"Tivi LG StanbyME 2K 27 inch 27ART10AKPL",0
53840,50AU7002,"Smart Tivi Samsung 4K 50 inch UA50AU7002",0
53841,43AU7002,"Smart Tivi Samsung 4K 43 inch UA43AU7002",1
53843,50X85K,"Tivi Sony 50 inch 4K KD-50X85K",0
53866,85X90K,"Google Tivi Sony 4K 85 inch XR-85X90K",0
53872,85X95K,"Google Tivi Mini LED Sony 4K 85 inch XR-85X95K",0
53884,77A80K,"Google Tivi OLED Sony 4K 77 inch XR-77A80K",0
53890,55X90K,"Google Tivi Sony 4K 55 inch XR-55X90K",0
53896,D902G.BK,"Máy giặt Aqua Inverter 9 kg AQD- D902G BK",0
53915,DD1002G.BK,"Máy giặt Aqua Inverter 10 kg AQD- DD1002G.BK",1
53930,DD1102G.BK,"Máy giặt Aqua Inverter 11 kg AQD - DD1102G.BK",0
53942,F-P15EHA,"Máy lọc không khí Panasonic F-P15EHA",0
53965,25S200T2,"Tivi LED ASANZO 25 inch 25S200T2",1
53973,32SL900,"Smart Tivi Asanzo 32 Inch 32SL900",1
53976,43U72,"Smart Tivi Asanzo 4K 43 Inch 43U72",1
53983,50P737,"Google Tivi TCL 4K 50 inch 50P737",0
53991,50Q726,"Android Tivi QLED TCL 4K 50 inch 50Q726",0
54008,65P737,"Google Tivi TCL 4K 65 inch 65P737",0
54023,SJ-FXP480VG-BK,"Tủ lạnh Sharp Inverter 401 lít SJ-FXP480VG-BK",1
54048,GC-18IS33,"Điều hòa Casper 1 chiều Inverter 18.000BTU GC-18IS33",0
54056,ATF35UV1V,"Điều hòa Daikin 1.5 HP ATF35UV1V",0
54089,"RF605WI- PMV(06)-MG","Tủ lạnh Toshiba Inverter 509 lít GR-RF605WI-PMV(06)-MG",1
54114,FX420VDS,"Tủ lạnh Sharp Inverter 362 lít SJ-FX420V-DS",1
54122,FX420VGBK,"Tủ lạnh Sharp Inverter 362 Lít SJ-FX420VG-BK",1
54151,43BU8000,"Smart Tivi Samsung 4K Crystal UHD 43 inch UA43BU8000",1
54168,65up751,"Smart Tivi LG 4K 65 inch 65UP751C0TC",0
54171,"VH - 199HP","Tủ lạnh Sanaky 185 lít VH-199HPA",1
54187,"MX800GVGV0 GMG","Tủ lạnh Hitachi Inverter 569 lít R-MX800GVGV0(GMG)",0
54197,"VH - 199KD","Tủ lạnh Sanaky Inverter 185 lít VH-199KD",1
54202,"VH - 199KG","Tủ lạnh Sanaky Inverter VH-199KG",1
54207,"VH - 209HP(D)","Tủ lạnh sanaky inverter  205 lít VH-209HP(D)",1
54215,"VH - 209KD","Tủ lạnh Sanaky Inverter 205 lít VH-209KD",1
54243,F10S10BRV,"Máy Giặt Panasonic 10 Kg NA-F10S10BRV",0
54246,"VH - 209KG","Tủ lạnh Sanaky Inverter VH-209KG",1
54247,"VH - 269KD","Tủ lạnh Sanaky Inverter VH-269KD",0
54249,"VH - 269KG","Tủ lạnh Sanaky Inverter VH-269KG",1
54251,"DMF-1979 ASI","Tủ đông Darling DMF-1979ASI Inverter 2500L 4 cánh",1
54256,"DMF-9079 ASKI","Tủ kem Darling Inverter DMF-9079ASKI",1
54271,ES-Y9QHV-S,"Máy giặt Sharp 9kg inverter ES-Y90HV-S",0
54277,X105HV-S,"Máy Giặt Sharp Inverter 10.5Kg ES-X105HV-S",1
54284,55LS03BA,"QLED Tivi Khung Tranh Samsung 4K 55 inch 55LS03B",0
54290,65LS03BA,"QLED Tivi Khung Tranh Samsung 4K 65 inch 65LS03B",0
54291,97G2PSA,"Smart Tivi OLED LG 4K 97 inch 97G2PSA",0
54305,83C2PSA,"Smart Tivi LG OLED 4K 83 Inch 83C2PSA",0
54316,77C2PSA,"Smart Tivi OLED LG 4K 77 inch 77C2PSA",0
54328,65C2PSA,"Smart Tivi OLED LG 4K 65 inch 65C2PSA",0
54329,65G2PSA,"Smart Tivi OLED LG 4K 65 inch 65G2PSA",1
54346,77A2PSA,"Smart Tivi OLED LG 4K 77 inch 77A2PSA",0
54390,50T66,"Google Tivi TCL 4K 50 inch 50T66",0
54404,43T66,"Google Tivi TCL 4K 43 inch 43T66 UHD",0
54405,65T66,"Google Tivi TCL 4K 65 inch 65T66",0
54406,13T504DAW,"Máy giặt Samsung Inverter 13 kg WW13T504DAW/SV",0
54421,75P735,"Google Tivi TCL 4K 75 inch 75P735",0
54435,H70D6UG,"Android Tivi Aqua 4K 70 inch H70D6UG",1
54446,50X81DK,"Google Tivi Sony 4K 50 inch KD-50X81DK",1
54461,85LS03BA,"QLED Tivi Khung Tranh Samsung 4K 85 inch 85LS03B",0
54462,65X81DK,"Google Tivi Sony 4K 65 inch KD-65X81DK",0
54463,"MR-CX46ER- BRW","Tủ lạnh Mitsubishi Electric Inverter 365 lít MR-CX46ER-BRW-V",1
54484,43P635,"Google Tivi TCL 4K 43 inch 43P635",0
54500,50P635,"Google Tivi TCL 4K 50 inch 50P635",0
54502,55P635,"Google Tivi TCL 4K 55 inch 55P635",0
54506,65NANO80,"Smart Tivi 4K LG 65 inch 65NANO80",0
54524,32LS03BB,"Smart TV Samsung 4K The Frame 32 inch 32LS03B",0
54529,55P638,"Google Tivi TCL LED 4K 55 inch 55P638",1
54533,50P638,"Google Tivi TCL LED 4K 50 inch 50P638",1
54535,43P638,"Google Tivi TCL LED 4K 43 inch 43P638",0
54537,55T66,"Google Tivi TCL 4K 55 inch 55T66",0
54545,D262BL,"Tủ lạnh LG Inverter 264 Lít GV-D262BL",1
54569,GV-B242BL,"Tủ lạnh LG Inverter 243 Lít GV-B242BL",0
54590,L55M6-6ARG,"Android Tivi Xiaomi 4K UHD 55 Inch L55M6-6ARG",0
54593,L58M7-EASEA,"Smart Tivi Xiaomi A2 58 inch L58M7 - EASEA",0
54606,43AU8100,"Smart Tivi Samsung 4K Crystal UHD 43 inch UA43AU8100",0
54642,L43P1,"Smart Tivi TCL 43 inch L43P1-SF",0
54673,55QN700BA,"NEO QLED Tivi 8K Samsung 55 inch 55QN700B Smart TV",1
54729,58AU7000,"Smart TV Samsung UHD 4K 58 inch 58AU7000",0
54748,65Q63B,"Tivi Samsung 65 inch QLED 4K 65Q63B",0
54782,70BU8000,"Smart Tivi Samsung 4K 70 inch 70BU8000 Crystal UHD",0
54814,75LS03BA,"Smart Tivi Samsung The Frame 4K 75 inch QA75LS03BA 2022",1
54859,50UQ7550,"Tivi LED LG 50UQ7550 UHD 4K Smart ThinQ AI 50 Inch",0
54870,FV1450S3W2,"Máy giặt LG Inverter 10.5 kg FV1450S3W2",0
54894,T2313VSAB,"Máy giặt LG Inverter 13 kg T2313VSAB",0
54911,FV1411D4W,"Máy Giặt Sấy LG Inverter 11/7 Kg FV1411D4W",1
54928,FV1411H3BA,"Máy Giặt Sấy LG Inverter 11/7 Kg FV1411H3BA",1
54933,WW90T634DLN,"Máy Giặt Samsung AI Inverter 9Kg WW90T634DLN",0
54945,10TA046AX,"Máy giặt Samsung inverter 10kg WW10TA046AX",0
54968,TV2402NTWW,"Máy giặt LG Mini Wash 2.5 kg TV2402NTWW",0
55012,B450,"Loa Soundbar Samsung HW-B450/XV",0
55022,"BL115A2V (WW)","Máy giặt Toshiba Inverter 10.5 kg TW-BL115A2V(WW)",0
55036,DUK1160HV(SG),"Máy giặt Toshiba Inverter 10.5 kg AW-DUK1160HV(SG)",0
55043,EDH903R9WB,"Máy sấy bơm nhiệt Electrolux 9 kg EDH903R9WB",0
55058,EDH804H5WB,"Máy sấy bơm nhiệt Electrolux 8 kg EDH804H5WB",0
55074,EDH803Q7WB,"Máy sấy bơm nhiệt Electrolux 8 kg EDH803Q7WB",0
55090,EDC804P5WB,"Máy sấy ngưng tụ Electrolux 8 kg EDC804P5WB",1
55132,AW-M901BV(WK),"Máy giặt Toshiba 8kg AW-M901BV(WK)",0
55139,S106FR1BV,"Máy giặt sấy Panasonic Inverter 10 kg NA-S106FR1BV",0
55152,S106FC1LV,"Máy giặt sấy Panasonic Inverter 10 kg NA-S106FC1LV",1
55171,S96FR1BVT,"Máy giặt Panasonic Inverter 9Kg+sấy 6Kg NA-S96FR1BVT",0
55181,S96FC1LVT,"Máy giặt sấy Panasonic Inverter 9 kg NA-S96FC1LVT",0
55184,55UQ7550,"Smart Tivi LG 4K 55 inch 55UQ7550PSF",0
55196,43UQ7550,"Smart Tivi LG 4K 43 inch 43UQ7550PSF",0
55208,B262BL,"Tủ Lạnh LG Inverter 266 Lít GV-B262BL",1
55209,13T504DAB,"Máy giặt Samsung Inverter 13 kg WW13T504DAB/SV",1
55244,23A8377GV,"Máy Giặt Samsung Inverter 23 kg WA23A8377GV/SV",1
55252,S956FR1BV,"Máy giặt sấy Panasonic Inverter 9.5 kg NA-S956FR1BV",1
55273,V90FR1BVT,"Máy giặt lồng ngang Panasonic Inverter 9Kg NA-V90FR1BVT",0
55275,S056FR1BV,"Máy giặt sấy Panasonic Inverter 10.5 kg NA-S056FR1BV",1
55314,T2350VSAB,"Máy giặt LG Inverter 10.5 kg T2350VSAB",1
55357,55UQ8000,"Smart Tivi LG 4K 55 inch 55UQ8000PSC",0
55370,65UQ7550,"Smart Tivi LG 4K 65 inch 65UQ7550PSF",0
55384,65UQ8000,"Smart Tivi LG 4K 65 inch 65UQ8000PSC",0
55399,43X81DK,"Google Tivi Sony 4K 43 inch KD-43X81DK",0
55415,TV2402NTWB,"Máy giặt LG Mini Wash 2.5 kg TV2402NTWB",0
55435,MC30YVM7,"Máy lọc không khí Daikin MC30YVM7",1
55457,MC50UVM6-7,"Máy lọc không khí Daikin MC50UVM6",1
55481,55X81DK,"Google Tivi Sony 4K 55 inch KD-55X81DK",1
55496,65X95K,"Google Tivi Mini LED Sony 4K 65 inch XR-65X95K",0
55522,75NANO75,"Smart Tivi NanoCell LG 4K 75 inch 75NANO75TPA",0
55555,55A2,"Smart Tivi OLED LG 4K 55 inch 55A2PSA",0
55567,55C2,"Smart Tivi OLED LG 4K 55 inch 55C2PSA",1
55580,55NANO76,"Smart Tivi LG 4K 55 inch 55NANO76SQA",0
55598,65NANO76,"Smart Tivi NanoCell LG 4K 65 inch 65NANO76SQA",1
55611,65A2,"Smart Tivi OLED LG 4K 65 inch 65A2PSA",0
55636,75UQ8000,"Smart Tivi LG 4K 75 inch 75UQ8000PSC",0
55651,75Q65A,"Smart Tivi QLED 4K 75 inch Samsung QA75Q65A",0
55675,65Q65A,"Smart Tivi QLED 4K 65 inch Samsung QA65Q65A",0
55692,FP-J30E-A,"Máy lọc không khí Sharp FP-J30E-A",1
55710,TT2886A,"BẾP TỪ ĐÔI EUROKING EU-TT2886A",0
55717,TT5886A,"Bếp từ đôi EUROKING EU-TT5886A",1
55733,FP-J30E-B,"Máy lọc không khí Sharp FP-J30E-B",1
55743,FP-J30E-P,"Máy lọc không khí Sharp FP-J30E-P",0
55750,FP-J40E-W,"Máy lọc không khí Sharp FP-J40E-W",1
55771,FP-J50V-H,"Máy lọc không khí Sharp FP-J50V-H",1
55887,FV1410D4P,"Máy giặt sấy LG Inverter 10Kg Sấy 6Kg FV1410D4P",0
55903,DW-D12A-W,"Máy hút ẩm có lọc không khí Sharp DW-D12A-W",1
55929,KI-L60V-W,"Máy lọc không khí tạo ẩm Sharp KI-L60V-W",1
55947,KI-L80V-T,"Máy lọc không khí tạo ẩm Sharp KI-L80V-T",1
55953,IG-NX2E-A,"Máy lọc không khí tạo ion cho xe hơi Sharp IG-NX2E-A",1
55962,IG-NX2E-B,"Máy lọc không khí tạo ion cho xe hơi Sharp IG-NX2E-B",1
55967,IG-NX2E-W,"Máy lọc không khí tạo ion cho xe hơi Sharp IG-NX2E-W",0
55971,V90FX1LVT,"Máy giặt Panasonic Inverter 9 Kg NA-V90FX1LVT",0
55996,V95FC1LVT,"Máy giặt Panasonic Inverter 9.5 Kg NA-V95FC1LVT",0
56014,MX-ST40B,"Loa tháp Samsung MX-ST40B",0
56033,MX-ST50B,"Loa tháp Samsung MX-ST50B",0
56051,KV12,"Loa di động Karaoke LEQI AUDIO KV-12",0
56055,KV15,"Loa di động Karaoke LEQI AUDIO KV-15",1
56058,KS15,"Loa di động Karaoke LEQI AUDIO KS-15",0
56062,65X85J,"Android Tivi Sony 4K 65 inch KD-65X85J",0
56086,SMS8ZDW48M,"MÁY RỬA BÁT ĐỘC LẬP BOSCH SMS8ZDW48M SERIE 8 SẤY ZEOLITH",0
56116,RT270VD,"Tủ lạnh Casper Inverter 258 lít RT-270VD",0
56134,AC0820/10,"Máy lọc không khí Philips AC0820/10",0
56153,AP-250MAH,"Máy lọc không khí Casper AP-250MAH",0
56173,"BHZ T16","Loa Karaoke Bluetooth BHZ T16",0
56187,"BHZ T17","Loa Karaoke Bluetooth BHZ T17",0
56200,FA31-202GY,"Máy lọc không khí Electrolux Inverter FA31-202GY",0
56210,FA41-402GY,"Máy lọc không khí Electrolux FA41-402GY",1
56230,PA91-406GY,"Máy lọc không khí Electrolux PA91-406GY",0
56250,PA91-606DG,"Máy lọc không khí Electrolux PA91-606DG",1
56273,PA31-202GY,"Máy lọc không khí Electrolux FA31-202GY",0
56293,EUM0930AD-VN,"Tủ lạnh Electrolux 94 Lít EUM0930AD-VN",1
56310,V90FC1WVT,"Máy giặt sấy Panasonic 9kg inverter NA-V90FC1WVT",0
56316,EUM0930BD-VN,"Tủ lạnh Electrolux 94 Lít EUM0930BD-VN",1
56334,EUM0500AD-VN,"Tủ lạnh Electrolux 45 lít EUM0500AD-VN",0
56354,EME2600MG,"Tủ lạnh Electrolux 283 lít EME2600MG",0
56355,V90FC1LVT,"Máy giặt lồng ngang Panasonic Inverter 9Kg NA-V90FC1LVT",0
56380,V95FR1BVT,"Máy giặt Panasonic Inverter 9.5 Kg NA-V95FR1BVT",0
56397,V10FC1LVT,"Máy giặt lồng ngang Panasonic Inverter 10Kg NA-V10FC1LVT",1
56410,V10FX2LVT,"Máy Giặt Panasonic Inverter 10 Kg NA-V10FX2LVT",0
56426,50UQ8000,"Smart Tivi LG 4K 50 inch 50UQ8000PSC",0
56440,V105FC1LV,"Máy giặt Panasonic Inverter 10.5 Kg NA-V105FC1LV",1
56480,V10FR1BVT,"Máy giặt lồng ngang Panasonic Inverter 10Kg NA-V10FR1BVT",0
56504,F2515RTGB,"Máy giặt sấy LG Inverter 15 kg F2515RTGB",1
56529,65P635,"Google Tivi TCL 4K 65 inch 65P635",1
56572,V10FC1WVT,"Máy giặt sấy Panasonic 10 KG NA-V10FC1WVT",1
56579,DV-70T5C(W),"Máy sấy thông hơi Galanz 7 Kg DV-70T5C(W)",1
56615,VH2899A4K,"Tủ đông Sanaky Inverter 280 lít VH-2899A4K",1
56638,R-G322VN-S,"Lò vi sóng cơ có nướng 23L Sharp R-G322VN-S",1
56646,R-G223VN-W,"Lò vi sóng Sharp R-G223VN-W 20 lít",0
56649,EWS202DX-DWM,"Máy nước nóng gián tiếp Electrolux 20 lít 2500W EWS202DX-DWM",1
56668,EWS302DX-DWM,"Máy nước nóng gián tiếp Electrolux 30 lít 2500W EWS302DX-DWM",1
56687,EWS202DX-DWE,"Máy nước nóng gián tiếp Electrolux 20 lít 2500W EWS202DX-DWE",1
56704,C32EG2X,"Android Tivi Sharp 2T-C32EG2X Smart 32 Inch - Model 2022",0
56711,C42EG2X,"Android Tivi Sharp 2T-C42EG2X Smart 42 Inch - Model 2022",0
56716,C50EK2X,"Android Tivi Sharp 4T-C50EK2X Smart 50 inch new 2022",0
56720,C55EK2X,"Android Tivi Sharp 4T-C55EK2X Smart 55 inch new 2022",0
56723,DV-80T5C(W),"Máy sấy thông hơi Galanz 8 Kg DV-80T5C(W)",0
56749,SC24FS33,"Điều hòa Casper 1 chiều 24.000BTU SC-24FS33",1
56763,75UQ8050,"Smart Tivi LG UHD 4K 75 inch 75UQ8050PSB Mới 2022",0
56783,RF60A91R177,"Tủ lạnh Samsung Inverter 599 lít RF60A91R177/SV",1
56812,AR18TYHYCWKNSV,"Máy lạnh Samsung Inverter 2 HP AR18TYHYCWKNSV",0
56834,LC09TL32,"Máy lạnh Casper 1 HP LC-09TL32",0
56855,LC12TL32,"Máy lạnh Casper 1.5 HP LC-12TL32",1
56877,KGAC12CN,"Máy lạnh Kangaroo 1.5 HP KGAC12CN",1
56897,SP2,"Loa thanh LG SP2",0
56932,55G2PSA,"Smart Tivi OLED LG 4K 55 inch 55G2PSA",0
56952,32S6300,"Smart Tivi TCL 32S6300 32 inch HD Ready",1
56971,43U62,"Google Tivi iFFALCON 4K 43 inch 43U62",1
56987,"SWAT 15V","Bình nóng lạnh Sơn Hà 15L SWAT 15V",1
56993,"SWAT 20V","Bình nóng lạnh Sơn Hà 20L SWAT 20V",0
57000,"SWAT 30V","Bình nóng lạnh Sơn Hà 30L SWAT 30V",1
57005,SWAT15N,"Bình nóng lạnh Sơn Hà SWAT15N Ngang 15L",1
57008,50U62,"Google Tivi iFFALCON 4K 50 inch 50U62",0
57020,55U62,"Google Tivi iFFALCON 4K 55 inch 55U62",1
57040,SWAT20N,"Bình nóng lạnh Sơn Hà SWAT20N Ngang 20L",1
57041,65U62,"Google Tivi iFFALCON 4K 65 inch 65U62",0
57042,SWAT30N,"Bình nóng lạnh Sơn Hà SWAT30N Ngang 30L",0
57054,B262PS,"Tủ lạnh LG Inverter 266 lít GV-B262PS",1
57061,D262PS,"Tủ lạnh LG Inverter 264 lít GV-D262PS",0
57064,BW530XMMV,"Tủ lạnh Panasonic 500 lít NR-BW530XMMV",0
57074,MR-LA78ER-GBK,"Tủ lạnh Mitsubishi MR-LA78ER-GBK 635 lít Inverter",1
57078,MR-LX68EM-GBK-V,"Tủ lạnh Mitsubishi Electric Inverter 564 lít MR-LX68EM-GBK-V",1
57095,DH15HBM,"Bình nước nóng Panasonic DH-15HBM 15 Lít",1
57114,DH20HBM,"Bình nước nóng Panasonic DH-20HBM 20 Lít",0
57122,T259FA.FB,"Tủ lạnh Aqua Inverter 245 lít AQR-T259FA(FB)",1
57135,EJF446,"Nồi chiên không dầu Lock&Lock EJF446 3,5L",1
57161,E3TB1-210K,"Máy xay sinh tố Electrolux E3TB1-210K",0
57168,H900G.PS,"Máy sấy bơm nhiệt AQUA 9 Kg AQH-H900G PS",0
57188,43A2,"Smart Tivi Xiaomi A2 43 inch 43A2",0
57195,B306MA.HB,"Tủ lạnh Aqua Inverter 260 Lít AQR-B306MA(HB)",1
57221,RPO15SL,"Bình tắm nóng lạnh Rossi Puro 15 lít ngang RPO 15SL",1
57233,RPO20SL,"Bình tắm nóng lạnh Rossi Puro 20 lít ngang RPO 20SL",1
57236,RPO30SL,"Bình tắm nóng lạnh Rossi Puro 30 lít ngang RPO 30SL",1
57237,RPO20SQ,"Bình tắm nóng lạnh Rossi Puro 20 lít vuông RPO 20SQ",1
57247,RPO15SQ,"Bình tắm nóng lạnh Rossi Puro 15 lít vuông RPO 15SQ",1
57249,FX420VSL,"Tủ lạnh Sharp Inverter 362 lít SJ-FX420V-SL",1
57250,RPO30SQ,"Bình tắm nóng lạnh Rossi Puro 30 lít vuông RPO 30SQ",1
57261,RDO15SL,"Bình nóng lạnh 15L Rossi Dello RDO-15SL Ngang",0
57272,M525XAFB,"Tủ lạnh Aqua Inverter 456 lít AQR-M525XA(FB)",1
57300,RDO20SL,"Bình nóng lạnh 20L Rossi Dello RDO-20SL Ngang",0
57301,RDO30SL,"Bình nóng lạnh 30L Rossi Dello RDO-30SL Ngang",0
57302,RDO15SQ,"Bình Nóng Lạnh Rossi Dello RDO-15SQ 15L Vuông",0
57306,U100FT.BK,"Máy Giặt Aqua 10 Kg AQW-U100FT (BK)",1
57317,RDO20SQ,"Bình Nóng Lạnh Rossi Dello RDO-20SQ 20L Vuông",0
57318,FW120GT.BK,"Máy giặt Aqua 12 kg AQW-FW120GT.BK",0
57338,RDO30SQ,"Bình Nóng Lạnh Rossi Dello RDO-30SQ 30L Vuông",0
57339,FR85GT.S,"Máy giặt Aqua 8.5 kg AQW-FR85GT.S",1
57348,FR88GT.BK,"Máy giặt Aqua 8.8 KG AQW-FR88GT.BK",0
57389,"S Series 15SL","Bình Nóng Lạnh Rossi S-Series 15L Ngang 15SL",0
57407,FR90GT.S,"Máy giặt Aqua 9 kg AQW-FR90GT.S",1
57419,"S Series 20SL","Bình Nóng Lạnh Rossi S-Series 20L Ngang 20SL",0
57423,F91GT.S,"Máy giặt Aqua 9 kg AQW-F91GT S",1
57427,Mode-30SL,"Bình Nóng Lạnh Rossi S-Series 30L Ngang 30SL",0
57443,WGG254A0SG,"Máy Giặt Bosch 10 Kg WGG254A0SG",1
57451,"Vitaly 30 2.5 FE","Máy nước nóng gián tiếp Ariston Vitaly 30 2.5 FE",1
57456,KG109A,"Máy lọc nước RO Kangaroo VTU KG109A",1
57473,ESF5206LOW,"Máy rửa chén độc lập Electrolux ESF5206LOW",1
57496,"CZ 922P","Bếp Từ Canzy CZ 922P",1
57502,CZ-989DH,"Bếp từ Canzy NC CZ-989DH",1
57513,CZ-998S,"Bếp từ Canzy CZ-998S",1
57518,"CZ 939Plus","Bếp từ Canzy CZ 939PLUS",1
57522,"CZ 585Luxury","Bếp Từ Canzy CZ-595LUXURY",1
57529,"CZ 970Plus","Bếp Điện Từ Canzy CZ 970 PLUS 3 Vùng Nấu",1
57538,"CZ 898B-62ID","Bếp Điện Từ Canzy CZ 898B-62ID",1
57545,"CZ IG822","Bếp Từ Canzy CZ IG822",0
57551,"CZ QD02","Bếp Từ Canzy CZ QD02",0
57560,"CZ 88NPSI","Bếp từ Canzy CZ-88NPSI",1
57573,"CZ LX i63","Bếp Từ Đôi Canzy CZ LX I63",1
57580,"CZ 6868PLUS","Bếp từ Canzy CZ-6868PLUS",1
57592,"CZ ML396 PLUS","Bếp từ Canzy CZ-ML396PLUS",1
57605,"CZ 63B","Bếp Từ Đôi Canzy CZ 63B",1
57618,CZ-288,"Bếp từ Canzy CZ-288",1
57636,"CZ 2870GH","Máy Hút Mùi Độc Lập Canzy CZ 2870GH",1
57641,"CZ 2890GH","Máy Hút Mùi Độc Lập Canzy CZ 2890GH",1
57642,"CZ 2770H","Máy Hút Mùi Độc Lập Canzy CZ 2770H",1
57647,"CZ 7038GB","Máy Hút Mùi Độc Lập Canzy CZ 7038GB",1
57656,"CZ MLH690","Máy hút mùi Canzy CZ-MLH-690",1
57669,"CZ MLH870","Máy hút mùi Canzy CZ MLH870",1
57680,"CZ MLH890","Máy hút mùi Canzy CZ MLH890",1
57684,"CZ M6670","Máy hút mùi kính cong Canzy CZ-M6670",1
57691,"CZ 70BDS","Máy hút mùi Canzy CZ-70BDS",1
57700,"CZ 90BDS","Máy hút mùi Canzy CZ-90BDS",1
57702,"CZ B07 Pro Max","Máy hút mùi Canzy CZ-B07 Pro Max",1
57710,"CZ B09 Pro Max","Máy hút mùi Canzy CZ-B09 Pro Max",1
57718,B242PS,"Tủ lạnh LG Inverter 243 Lít GV-B242PS",0
57731,"GR-A25VM UKG","Tủ lạnh Toshiba Inverter 194 lít GR-A25VM (UKG)",0
57740,CZ-VT70,"Máy hút mùi Canzy CZ-VT70",1
57757,"CZ VT70EA","Máy Hút Mùi Canzy CZ 70EA Luxury",1
57768,"CZ VT90EA","Máy Hút Mùi Canzy CZ 90EA Luxury",1
57771,"CZ 70LCD","Máy Hút Mùi Canzy CZ 70LCD",1
57777,"CZ 0490","Máy hút mùi Canzy CZ-0490",1
57784,"CZ A39","Máy hút mùi Canzy CZ-A39",1
57790,"DELUXE 70","Máy hút mùi Canzy CZ DELUXE 70",1
57800,"DELUXE 90","Máy hút mùi Canzy CZ DELUXE 90",1
57802,"CZ 70AB","Máy Hút Mùi Canzy CZ 70AB",1
57807,CZ-1870,"Máy hút mùi Canzy CZ-1870",1
57816,CZ-1890,"Máy hút mùi Canzy CZ-1890",1
57821,"CZ TB70","Máy hút mùi Canzy CZ-TB70",1
57829,"CZ TB90","Máy hút mùi Canzy CZ-TB90",1
57832,"CZ 8970H","Máy hút mùi Canzy CZ-8970H",1
57840,"CZ 3679","Máy hút mùi CZ-3679",1
57846,"CZ 2060B","Máy hút mùi Canzy CZ-2060B",1
57852,"CZ 2060I","Máy hút mùi Canzy CZ-2060I",1
57857,"CZ 2070I","Máy hút mùi Canzy CZ-2070I",1
57864,"CZ 2070B","Máy hút mùi Canzy CZ-2070B",1
57870,"CZ 70WY","Máy hút mùi Canzy CZ-70WY",1
57877,"CZ 6002","Máy hút mùi Canzy CZ-6002SYP",1
57885,CZ-6002G,"Máy Hút Mùi Canzy CZ-6002G",1
57891,"CZ 7002","Máy hút mùi Canzy CZ-7002SYP",1
57900,"CZ 7002G","Máy hút mùi Canzy CZ-7002G",1
57910,SC09FS33,"Điều hòa Casper 1 chiều 9.000BTU SC-09FS33",0
57919,FR98GT.BK,"Máy giặt Aqua 9.8 KG AQW-FR98GT.BK",0
57933,A802G.W,"Máy giặt Aqua AQD-A802G.W | 8kg inverter lồng ngang",0
57939,KG498N,"Bếp từ đôi lắp âm Kangaroo KG498N",1
57956,KG15IC1,"Bếp điện từ Kangaroo KG15IC1",1
57976,KG68A3,"Bình nước nóng kháng khuẩn 30L Kangaroo KG68A3",1
57989,KN-TC50VN-SL,"Nồi cơm 2 ngăn đa năng Sharp 1.8 lít KN-TC50VN-SL Bạc",0
58017,KSH-218SNV-SF,"Nồi cơm nắp rời Sharp KSH-218SNV-SF 1.8 lít",1
58036,KS-18TJV,"Nồi cơm điện Sharp 1.8 lít KS-18TJV",1
58071,DW11GB,"Máy Rửa Bát Canzy CZ DW11GB",1
58077,CZ-WDC0315B,"Máy rửa bát Canzy CZ-WDC0315B SMART",1
58082,"CZ WQP892","Máy rửa bát Canzy CZ-WQP892",1
58094,"CZ DE8B05EU","Máy rửa bát Canzy CZ-DE8B05EU",1
58103,"CZ P1036R","Máy rửa bát Canzy CZ P1036R NEW",1
58119,DSW809EU,"Máy rửa bát Canzy DSW809EU Seri 8",1
58130,"CZ BHN14PTC","Máy Rửa Bát Canzy CZ BHN14PTC",1
58138,CZ-1006,"Máy sấy bát Canzy CZ-1006",1
58149,"CZ 100G","Máy sấy bát Canzy CZ 100G",1
58158,"CZ 06DL","Lò nướng Canzy CZ-06DL",1
58167,"CZ 09DL","Lò nướng Canzy CZ-09DL",1
58170,CZ-34GS,"Lò vi sóng CZ-34GS",1
58179,"CZ 28GS","Lò vi sóng CZ-28GS",1
58184,"CZ AF07R","Nồi chiên không dầu Canzy CZ-AF07R",1
58188,"CZ K11PLUS","Nồi chiên không dầu Canzy CZ-K11PLUS",1
58193,"CZ R11PLUS","Nồi chiên không dầu Canzy CZ-R11PLUS",1
58194,"CZ D12GS","Nồi chiên hơi nước Canzy CZ D12GS",1
58201,"CZ 007R","Máy ép chậm Canzy CZ-007R",1
58207,"CZ 780K","Máy xay sữa hạt Canzy CZ-780K",1
58214,"CZ 802","Vòi rửa cao cấp Canzy CZ 802",1
58217,CZ-803,"Vòi rửa bát Canzy CZ-803",1
58220,"CZ 805","Vòi rửa bát Canzy CZ-805",1
58224,"CZ 805D","Vòi rửa bát Canzy CZ-805D",1
58229,"CZ 805T","Vòi rửa bát Canzy CZ-805T",1
58234,"CZ 808D","Vòi rửa bát Canzy CZ-808D",1
58239,"CZ 806","Vòi rửa nóng lạnh Canzy CZ-806",1
58245,"CZ 8243","Chậu rửa Canzy CZ-8243",1
58249,"CZ 1150","Chậu rửa Canzy CZ-1150",1
58254,"CZ 816S22B","Máy lọc nước Canzy CZ-816S22B",1
58258,"CZ 815TDB","Cây nước nóng lạnh úp bình Canzy CZ-815TDB",1
58262,"CZ 816SDR","Cây nước nóng lạnh Canzy CZ 816SDR",1
58266,"CZ Deluxe 08/09","Máy lọc nước RO Canzy CZ-Deluxe-08/09",1
58272,"CZ Deluxe Pro 09/10","Máy lọc nước Canzy CZ-DELUXE PRO 09/10",1
58276,"CZ Luxury 88/10","Máy lọc nước Canzy CZ Luxury 88/10",1
58280,"CZ Luxury 68/09","Máy lọc nước Canzy CZ LUXURY 68/09",1
58286,75P635,"Google Tivi TCL 4K 75 inch 75P635",0
58309,55QNED80,"Smart Tivi QNED LG 4K 55 inch 55QNED80SQA",0
58326,75P638,"Google Tivi TCL 4K 75 inch 75P638",0
58329,RSA20SL,"Bình nóng lạnh Rossi Sola 20L RSA 20SL",0
58346,AH1000G.PS,"Máy giặt sấy Aqua Inverter 10 kg AQD-AH1000G.PS",1
58364,A951G.S,"Máy giặt Aqua 9.5kg Inverter AQD-A951G.S",1
58377,65QNED80,"Smart Tivi QNED LG 4K 65 inch 65QNED80SQA",0
58418,75NANO76,"Smart Tivi NanoCell LG 4K 75 inch 75NANO76SQA",1
58431,DV-70T5C(S),"Máy sấy thông hơi Galanz 7 Kg DV-70T5C(S)",0
58453,DV‐80T5C(S),"Máy sấy thông hơi Galanz 8 Kg DV-80T5C(S)",0
58473,D90D25ETL-ZWA,"Lò vi sóng có nướng Galanz D90D25ETL-ZWA 25 lít",0
58492,KWS1530LQ-D2,"Lò nướng Galanz KWS1530LQ-D2 30 lít",1
58514,KWS2042LQ-H8UK,"Lò nướng Galanz KWS2042LQ-H8UK 42 lít",1
58533,KF1830ELQ-H12U,"Lò nướng và chiên không dầu Galanz KF1830ELQ-H12U 30 lít",1
58553,CH211E,"Bếp điện từ Galanz CH211E",1
58575,W45A3A401S-0E1(SS),"Máy rửa chén bát độc lập có sấy Galanz W45A3A401S-0E1(SS)",1
58594,W45A3A401S-0E1(B),"Máy rửa chén bát độc lập Galanz W45A3A401S-0E1(B)",1
58616,W45A3A401M-0E1(SS),"Máy rửa chén bát độc lập có sấy Galanz W45A3A401M-0E1(SS)",1
58637,W45A3A401M-0E1(B),"Máy rửa chén bát độc lập Galanz W45A3A401M-0E1(B)",1
58656,W60B1A401M-AE5(SS),"Máy rửa chén bát độc lập có sấy Galanz W60B1A401M-AE5(SS)",1
58679,55UP751,"Smart Tivi LG 55UP751C0TC 55inch 4K",0
58746,A1200H.PS,"Máy giặt Aqua Inverter 12 kg AQD-A1200H PS",0
58762,DR105FT.BK,"Máy giặt Aqua Inverter 10.5 KG AQW-DR105FT BK",0
58784,D1003G.BK,"Máy giặt lồng ngang Aqua Inverter 10Kg AQD-D1003G.BK",1
58799,D1103G.BK,"Máy giặt thông minh AI Aqua inverter 11kg AQD- D1103G.BK",1
58812,DR130UGT.PS,"Máy giặt Aqua Inverter 13 kg AQW- DR130UGT PS",1
58833,DR150UGT.PS,"Máy giặt Aqua Inverter 15 kg AQW- DR150UGT PS",1
58852,WF-105I150BWC,"Máy giặt Casper Inverter 10.5KG WF-105I150BWC",0
58871,ES-FK852SV-G,"Máy giặt lồng ngang Sharp Inverter 8.5Kg ES-FK852SV-G",0
58885,C9DE-S,"Máy sấy ngưng tụ Candy 9 Kg GVS C9DE-S",0
58906,D1102G.BK,"Máy giặt Aqua Inverter 11 kg AQD- D1102G BK",0
58923,DD1101G.PS,"Máy giặt Aqua Inverter 11 kg AQD- DD1101G PS",1
58944,A1051G.S,"Máy giặt Aqua 10.5kg Inverter AQD-A1051G.S",1
58955,B388MA.FB,"Tủ Lạnh Aqua Inverter 324 Lít AQR-B388MA (FB)",1
58972,SW541XA.BL,"Tủ lạnh Aqua Inverter 524 lít AQR-SW541XA(BL)",1
58997,SW541XA.FB,"Tủ lạnh Aqua Inverter 524 lít AQR-SW541XA(FB)",1
59005,50NANO76,"Smart Tivi NanoCell LG 4K 50 inch 50NANO76SQA",0
59018,FR105GT.BK,"Máy giặt Aqua 10.5 KG AQW-FR105GT BK",0
59055,50AG600K,"Smart Tivi Asanzo 4K Kính Cường Lực 50 Inch - 50AG600K",1
59066,50U72,"SMART TV Ultra iSLIM 4K 50 Inch – 50U72",0
59084,50U71,"SMART TV Ultra iSLIM 4K 50 Inch – 50U71",0
59091,55AG800K,"Smart Tivi Asanzo 55 Inch 55AG800k",1
59100,DH30HBM,"Bình nước nóng Panasonic DH-30HBM 30 Lít",0
59102,43UQ8000,"Smart Tivi LG 4K 43 inch 43UQ8000PSC",0
59116,43NANO76,"Smart Tivi NanoCell LG 4K 43 inch 43NANO76SQA",1
59129,65UQ9100,"Smart Tivi LED LG 4K 65 inch 65UQ9100PSD",0
59147,85QN900B,"Smart Tivi Neo QLED 8K 85 inch Samsung QA85QN900B",0
59170,SMS4HCI48E,"Máy rửa chén độc lập Bosch SMS4HCI48E",1
59189,SMS4EVI14E,"Máy rửa chén bát Bosch SMS4EVI14E",1
59225,ESL5343LO,"Máy rửa chén âm tủ Electrolux ESL5343LO",1
59243,S3MFC,"Tủ chăm sóc quần áo thông minh LG S3MFC - Màu gương kính",0
59263,LSP3BLA,"Máy Chiếu Smart Tivi 100 inch Bỏ Túi Samsung SP-LSP3",0
59282,FX420VG-CH,"Tủ lạnh Sharp Inverter 362 lít SJ-FX420VG-CH",0
59294,RS600WI-PMV(49)-SL,"Tủ lạnh thông minh Inverter Toshiba GR-RS600WI-PMV(49)-SL",0
59308,LC70,"Tủ Mát Alaska LC-70",1
59317,LC233H,"Tủ mát Alaska 210 lít LC-233H",1
59326,LC455H,"Tủ mát Alaska 270 lít LC 455H",1
59337,3600A5,"Tủ mát Darling Inverter DL-3600A5 380L",1
59350,9000A2,"Tủ mát Darling đèn LED 830L DL-9000A2",0
59363,12000A2,"Tủ mát Darling đèn LED 1100L DL-12000A2",1
59369,32A2,"Smart Tivi Xiaomi 32 inch 32A2",1
59378,L32M7-EAVN,"Android Tivi Xiaomi A2 32 inch L32M7-EAVN",0
59388,L43M7-ETH,"Android Tivi Xiaomi Full HD 43 inch A2 L43M7-ETH",0
59395,PNM219KL,"Tủ Mát Pinimax PNM-219KL 210 lít",1
59401,PNM259KL,"Tủ mát Pinimax 250L PNM-259KL",1
59403,PNM309KL,"Tủ mát Pinimax PNM-309KL 300 lít",1
59406,PNM359KL,"Tủ mát Pinimax PNM-359KL 350 lít",1
59407,PNM408KL,"Tủ mát Pinimax PNM-408KL 340 Lít (2022)",1
59411,ISG12,"Tủ kem Alaska ISG-12",1
59416,KC550,"Tủ đông Alaska KC-550",1
59422,KS-98,"Nồi chiên không dầu Sharp 10.2 lít KS-98",1
59429,LC12FS33,"Điều hòa Casper 12000 BTU 1 chiều LC-12FS33",0
59448,50LS03BA,"QLED Tivi Khung Tranh Samsung 4K 50 inch 50LS03BA",0
59482,IF11,"Tủ đông đứng 100 lít Alaska IF-11",1
59501,IF-29,"Tủ đông Alaska 290 lít IF-29",1
59514,IF-39,"Tủ đông đứng Alaska IF-39, 390 lít không đóng tuyết",1
59531,MR-CGX56EP-GBK-V,"Tủ lạnh Mitsubishi Electric Inverter 450 lít MR-CGX56EP-GBK-V Đen",1
59544,FS15GPSF0,"Máy lọc không khí LG PuriCare FS15GPS",0
59570,FS15GPBF0,"Máy lọc không khí LG PuriCare FS15GPB",1
59578,FS15GPGF0,"Máy lọc không khí LG PuriCare FS15GPG",0
59585,MR-LA72ER-GBK-V,"Tủ lạnh Mitsubishi Inverter 580 lít MR-LA72ER-GBK-V",1
59600,MR-LA72ER-GSL-V,"Tủ lạnh Mitsubishi Inverter 580 lít MR-LA72ER-GSL-V",1
59605,MR-LA78ER-GSL,"Tủ lạnh Mitsubishi MR-LA78ER-GSL 635 lít Inverter",1
59607,MR-LX68EM-GSL-V,"Tủ lạnh Mitsubishi Electric Inverter 564 lít MR-LX68EM-GSL-V",1
59618,B550,"Loa thanh Samsung HW-B550",0
59628,T2108VSPM2,"Máy giặt LG Inverter 8 kg T2108VSPM2",0
59650,T2185VS2M,"Máy giặt LG lồng đứng 8.5kg T2185VS2M Smart Inverter",0
59666,T2351VSAB,"Máy giặt LG Inverter 11.5 kg T2351VSAB",0
59704,55UQ8050,"Smart Tivi LG 4K 55 inch 55UQ8050",0
59717,KG79A1,"Máy nước nóng gián tiếp Kangaroo 15 lít 2500W KG79A1",0
59728,KG79A2,"Máy nước nóng gián tiếp Kangaroo 22 lít 2500W KG79A2",0
59745,KG79A3,"Máy nước nóng gián tiếp Kangaroo 30 lít 2500W KG79A3",1
59759,KG73R5,"Máy nước nóng gián tiếp Kangaroo 50 lít KG73R5",0
59777,50Y72,"Tivi Coocaa 50Y72 4K 50 Inch Google",0
59797,55Y72,"Tivi Coocaa 55 Inch 55Y72 4K",0
59798,TH2111SSAB,"Máy giặt LG Inverter 11 kg TH2111SSAB",0
59818,FV1209S5W,"Máy giặt LG Inverter 9 kg FV1209S5W",0
59833,FV1209S5P,"Máy giặt LG FV1209S5P 9 Kg Inverter",0
59844,FV1209D5P,"Máy giặt sấy LG Inverter giặt 9Kg sấy 5Kg FV1209D5P",0
59849,Q930B,"Loa thanh Samsung HW-Q930B",1
59862,V10API1,"Máy lạnh LG Inverter 1 HP V10API1",0
59884,V13API1,"Máy lạnh LG Inverter 1.5 HP V13API1",0
59908,AF340S,"Tủ mát Aqua 215 lít AQS-AF340S",0
59927,50UQ8050,"Smart Tivi LG 50 Inch 4K UHD 50UQ8050PSB",0
59933,EHI7325BA,"Bếp từ đôi lắp âm Electrolux EHI7325BA",1
59974,BCD4568CI,"Tủ đông Alaska Inverter 282 lít BCD 4568CI",1
59996,10T634DLX,"Máy giặt Samsung AI Inverter 10kg WW10T634DLX/SV",0
60017,M905BV,"Máy giặt Toshiba Inverter 8 kg AW-M905BV.MK",1
60046,50AU8100,"Smart Tivi Samsung 4K Crystal UHD 50 inch UA50AU8100",1
60072,65AU8100,"Smart Tivi Samsung 4K Crystal UHD 65 inch UA65AU8100",0
60100,75AU8100,"Smart Tivi Samsung 4K Crystal UHD 75 inch UA75AU8100",0
60129,43U73,"Smart Tivi Asanzo 4K 43 Inch 43U73",1
60130,43U8E,"Smart Tivi Asanzo 4K 43 Inch 43U8E",0
60131,50UQ7500,"Smart Tivi LG 4K 50 inch 50UQ7500",0
60147,50QNED80,"Smart Tivi QNED LG 4K 50 inch 50QNED80SQA",0
60162,55UQ9100,"Smart Tivi LG 4K 55 inch 55UQ9100PSD ThinQ AI",0
60214,70UP7750,"Smart Tivi LG 4K 70 inch 70UP7750PTB",0
60233,70UQ8000,"Smart Tivi LG 4K 70 inch 70UQ8000PSC",0
60247,70NANO76,"Smart Tivi NanoCell LG 4K 70 inch 70NANO76SQA",0
60259,86UQ9100,"Smart Tivi LG 4K 86 inch 86UQ9100PSD",0
60278,86NANO76,"Smart Tivi NanoCell LG 4K 86 inch 86NANO76SQA",1
60291,43Q65A,"Smart Tivi QLED 4K 43 inch Samsung QA43Q65A",1
60322,50Q65A,"Smart Tivi QLED 4K 50 inch Samsung QA50Q65A",0
60370,55Q65A,"Smart Tivi QLED 4K 50 inch Samsung QA55Q65A",1
60372,50X90J,"Android Tivi Sony 4K 50 inch XR-50X90J",0
60396,70UQ9100,"Smart Tivi LG 4K UHD 70 Inch 70UQ9100PSD",0
60406,BV361WGKV,"Tủ lạnh Panasonic Inverter 325 lít NR-BV361WGKV",0
60432,WF-105I140BGB,"Máy giặt Casper Inverter 10.5Kg WF-105I140BGB",0
60433,"BL95A4V (SS)","Máy giặt Toshiba Inverter 8.5 kg TW-BL95A4V(SS)",0
60454,K1A,"Đèn sưởi nhà tắm âm trần 1 bóng Kottmann K1A",1
60463,K2B-NV,"Đèn Sưởi Nhà Tắm Kottmann K2B-NV 2 Bóng Hồng Ngoại",1
60469,K2B-H,"Đèn sưởi nhà tắm Kottmann 2 bóng K2B-H",1
60477,K3B-NV,"Đèn sưởi nhà tắm Kottmann 3 bóng K3B-NV",1
60485,K3B-H,"Đèn sưởi nhà tắm Kottmann 3 bóng K3B-H",1
60495,RB27N4010BY/SV,"Tủ lạnh Samsung Inverter 280 lít RB27N4010BY/SV",0
60517,LC555H,"Tủ mát Alaska LC-555H 300 lít",1
60535,48A2PSA,"Smart Tivi OLED LG 4K 48 inch 48A2PSA",0
60548,48C2PSA,"Smart Tivi OLED LG 4K 48 inch 48C2PSA",0
60571,75UQ9100,"Smart Tivi LG 4K UHD 70 Inch 75UQ9100PSD",0
60572,75QNED80SQA,"Smart Tivi QNED LG 4K 75 inch 75QNED80SQA",0
60586,86QNED80SQA,"Smart Tivi QNED LG 4K 86 inch 86QNED80SQA",1
60599,SF120XA,"Máy giặt Hitachi SF-120XA 220-VT (COG-W)",0
60618,KGFZ150NG1,"Tủ đông Kangaroo 90 lít KGFZ150NG1",0
60638,KG398C2,"Tủ đông Kangaroo 256 lít KG 398C2",0
60659,KGFZ318NG2,"Tủ đông kháng khuẩn 252 lít KGFZ318NG2",0
60669,KGFZ389NG2,"Tủ đông kháng khuẩn 327 lít KGFZ389NG2",0
60671,RNA20SQ,"Bình nóng lạnh Rossi Napas RNA-20SQ 20L Vuông 2500W",1
60677,RNA15SQ,"Bình nóng lạnh Rossi Napas RNA-15SQ 15L Vuông Gián Tiếp 2500W",1
60678,RNA30SQ,"Bình nóng lạnh Rossi Napas RNA-30SQ 30L Vuông Gián Tiếp 2500W",1
60679,RNA30SL,"Bình nóng lạnh Rossi Napas RNA-30SL 30L Ngang Gián Tiếp 2500W",1
60682,RNA20SL,"Bình nóng lạnh Rossi Napas RNA-20SL 20L Ngang Gián Tiếp 2500W",1
60683,RNA15SL,"Bình nóng lạnh Rossi Napas RNA-15SL 15L Ngang Gián Tiếp 2500W",1
60684,"S Series 15SQ","Bình nước nóng Rossi S-Series 15SQ",0
60692,"S Series 20SQ","Bình nước nóng Rossi S-Series 20SQ",0
60693,"S Series 20SQ-1","Bình nước nóng Rossi S-Series 30SQ",0
60694,RSA30SL,"Bình nóng lạnh Rossi Sola 30L RSA30SL",0
60695,RSA15SQ,"Bình nóng lạnh Rossi Sola 15L RSA15SQ",0
60705,RSA20SQ,"Bình nóng lạnh Rossi Sola 20L RSA20SQ",0
60706,RSA30SQ,"Bình nóng lạnh Rossi Sola 30L RSA30SQ",0
60724,"HW540RV X","Tủ lạnh Hitachi R-HW540RV(X) 540 lít 6 cửa",1
60742,"HW540RV XK","Tủ lạnh Hitachi R-HW540RV(XK) 540 lít 6 cửa",0
60754,KG69A3,"Máy nước nóng Kangaroo 30 lít KG69A3",0
60771,R-207VN-SL,"Lò vi sóng Sharp R-207VN-SL 20 lít",1
60780,SMI4HVS33E,"Máy rửa bát Bosch SMI4HVS33E",1
60812,SMS6ECI03E,"Máy rửa bát Bosch SMS6ECI03E",1
60845,43UQ8050,"Smart Tivi LG 4K 43 inch 43UQ8050PSB",0
60846,WA12T5360BY,"Máy giặt Samsung Inverter 12 kg WA12T5360BY/SV",0
60867,65UQ801,"Smart Tivi LG 4K 65 inch UHD 65UQ801C0SF",1
60885,86UQ911,"Smart Tivi LG 4K 86 inch 86UQ911C0SD",0
60886,65UQ751,"Smart Tivi LG 4K 65 inch UHD 65UQ751C0SF",0
60892,FTKB35WAVMV,"Máy lạnh Daikin Inverter 1.5 HP FTKB35WAVMV",1
60915,43UQ801,"Smart Tivi LG 4K 43 inch UHD 43UQ801C0SF",0
60919,32T3600,"Tivi Led Asher HD 32 Inch A-32T3600",1
60926,32GH6600,"Smart Tivi Asher HD 32 inch A-32GH6600",1
60938,43GF6900,"Smart Tivi Asher Full HD 43 Inch A-43GF6900",0
60941,50GQ7500,"Smart Tivi QLED Asher 4K UHD 50 Inch A-50GQ7500",1
60955,55GQ7900,"Smart Tivi QLED Asher 4K UHD 55 Inch A-55GQ7900",1
60958,65GQ13600,"Smart Tivi QLED Asher 4K UHD 65 Inch A-65GQ13600",1
60964,32AQT6600,"Android Tivi Aqua 32 Inch 32AQT6600",0
60965,55AQT6600UG,"Android Tivi AQUA 4K 55 inch 55AQT6600UG",0
60966,"65S6G Pro","Smart TV Coocaa 4K UHD 65 inch 65S6G Pro",0
60967,55UQ751,"Smart Tivi LG 4K 55 inch UHD 55UQ751C0SF",0
60968,40AU8000,"Smart Tivi Samsung 4K 40 inch 40AU8000 Crystal UHD",0
60969,V105FR1BVT,"Máy giặt Panasonic Inverter 10.5 kg NA-V105FR1BV",0
60990,AF400S,"Tủ mát Aqua 280 lít AQS-AF400S",0
61009,YZ18XKH-8,"Máy lạnh 2 chiều Panasonic 2 HP CU/CS-YZ18XKH-8",0
61037,75UQ801,"Smart Tivi LG 4K 75 inch UHD 75UQ801C0SF",0
61038,C32DE2X,"Tivi Sharp 32 inch 2T-C32DE2X",0
61039,C50DJ3X,"Android Tivi Sharp 4T-C50DJ3X Smart 50 inch new 2022",0
61040,C55DJ3X,"Android Tivi Sharp 4T-C55DJ3X Smart 55 inch new 2022",0
61041,C65CK1X,"Android Tivi Sharp 4T-C65CK1X Smart 55 inch new 2022",0
61042,32E6,"Android Tivi Asanzo 32 inch 32E6 HD Ready",1
61043,32E8,"Android Tivi Asanzo 32 inch 32E8 HD Ready",0
61045,65EX8,"Smart Tivi Asanzo LED 4K 65 Inch 65EX8",1
61046,50UGA610,"Android Tivi Casper 4K 50 inch 50UGA610",1
61064,55UGA610,"Android Tivi Casper 4K 55 inch 55UGA610",1
61065,EQE6879A-B,"Tủ lạnh Electrolux Inverter 609 Lít EQE6879A-B",1
61089,SV281BPKV,"Tủ lạnh Panasonic 255 lít 2 cửa NR-SV281BPKV",1
61103,BC361VGMV,"Tủ lạnh Panasonic 325 lít 2 cửa NR-BC361VGMV",1
61114,BV281BVKV,"Tủ lạnh Panasonic 255 lít 2 cửa NR-BV281BVKV",1
61115,BV281BGMV,"Tủ lạnh Panasonic 255 lít 2 cửa NR-BV281BGMV",1
61116,BV361GPKV,"Tủ lạnh Panasonic Inverter 325 lít NR-BV361GPKV",0
61127,BV361BPKV,"Tủ lạnh Panasonic 325 lít 2 cửa NR-BV361BPKV",0
61128,BV331WGKV,"Tủ lạnh Panasonic Inverter 300 lít NR-BV331WGKV",1
61130,BV331GPKV,"Tủ lạnh Panasonic Inverter 300 lít NR-BV331GPKV",0
61135,BV331CPKV,"Tủ lạnh Panasonic 300 lít 2 cửa NR-BV331CPKV",1
61136,BV331BPKV,"Tủ lạnh Panasonic 300 lít 2 cửa NR-BV331BPKV",0
61137,KG3BH01,"Đèn sưởi nhà tắm Kangaroo KG3BH01 825W",1
61154,KG247V,"Đèn sưởi Kangaroo KG247V - KG",1
61169,KG3BH03,"Đèn sưởi nhà tắm Kangaroo KG3BH03",1
61176,EOT40DBD,"Lò nướng Electrolux EOT40DBD 40 lít",1
61198,EOT4022XFG,"Lò nướng Electrolux EOT4022XFG 40 lít",1
61233,BCD3568CI,"Tủ đông Alaska Inverter 221 lít BCD 3568CI",1
61255,13WNZA,"Máy lạnh Aqua Inverter 1.5 HP AQA-KCRV13WNZA",0
61279,10WNMA,"Máy lạnh Aqua Inverter 1HP AQA-KCRV10WNMA",0
61316,AF440N,"Tủ mát Aqua 320 Lít AQS-AF440N",0
61328,C3102S,"Tủ đông AQUA 211 lít AQF-C3102S",0
61351,"AN2 15 LUX-D AG+","Máy nước nóng gián tiếp 15 lít Ariston AN2 15 LUX-D AG+",1
61361,"AN2 30 LUX-D AG+","Máy nước nóng gián tiếp 30 lít Ariston AN2 30 LUX-D AG+",1
61377,"SL2 20 LUX-D AG+ WI-FI","Bình nóng lạnh gián tiếp Ariston 20L SL2 20 LUX-D AG+ WIFI",1
61409,"SL2 20 LUX-D AG+","Bình nóng lạnh gián tiếp Ariston 20L SL2 20 LUX-D AG+",1
61410,"SL2 30 LUX-D AG+","Máy nước nóng gián tiếp 30 lít Ariston SL2 30 LUX-D AG+",1
61411,"AN2 15R 2.5 FE","Máy nước nóng Ariston 15 lít AN2 15 R 2.5 FE",1
61420,"Vitaly 15 2.5 FE","Máy nước nóng gián tiếp Ariston Vitaly 15 2.5 FE",1
61421,"AN Lux 6 (UE + BE) 1.5FE","Máy nước nóng gián tiếp Ariston Mini 6 lít AN LUX 6 UE 1.5 FE",1
61436,"Pro R50 SH 2,5 FE","Máy nước nóng gián tiếp Ariston 50 lít PRO R 50 SH / V 2.5 FE",1
61453,"SMC45PE SBS - VN","Máy nước nóng trực tiếp Ariston 4500W SMC45PE SBS VN",1
61479,"W1830UVBV (T)","Cây nước nóng lạnh Toshiba RWF-W1830UVBV(T) 650W",0
61499,"W1830BV (K)","Cây nước nóng lạnh Toshiba RWF-W1830BV(K) 650W",0
61518,"W1669BV (K1)","Cây nước nóng lạnh Toshiba RWF-W1669BV(K1) 650W",0
61536,"W1669BV (W1)","Cây nước nóng lạnh Toshiba RWF-W1669BV(W1)",0
61554,"W1664TV (W1)","Cây nước nóng lạnh Toshiba RWF-W1664TV(W1) 670W",0
61576,"W1664TV (K1)","Cây nước nóng lạnh Toshiba RWF-W1664TV(K1) 670W",0
61583,EMM20D38GB,"Lò vi sóng Electrolux EMM20D38GB 20 lít",1
61600,50U73,"SMART TV Ultra iSLIM 4K 50 Inch – 50U73",0
61601,32T31,"Tivi Asanzo 32 inch 32T31 HD Ready",0
61602,WT2116SHEG,"Tháp máy giặt cao cấp LG WashTower 21Kg + sấy 16Kg WT2116SHEG",1
61627,"APS/APO-092 Morandi","Điều hòa Sumikura APS/APO-092 1 Chiều (Morandi R32)",1
61633,Z1220,"Máy hút bụi dạng hộp Electrolux Z1220",1
61720,65S95B,"Smart Tivi OLED Samsung 4K 65 inch QA65S95B",0
61740,55S95B,"Smart Tivi OLED Samsung 4K 55 inch QA55S95B",1
61783,EOB5400AOX,"Lò nướng âm tủ Electrolux EOB5400AOX",1
61789,EOB8857AAX,"Lò nướng âm tủ Electrolux EOB8857AAX",1
61794,KOCBP21XA,"Lò nướng Electrolux KOCBP21XA",1
61802,KODEC75X,"Lò Nướng Electrolux KODEC75X",1
61813,KODGH70TXA,"Lò nướng Electrolux KODGH70TXA",1
61822,KOIGH00KA,"Lò nướng âm tủ Electrolux KOIGH00KA",1
61826,RZB2110AAXA,"Lò nướng âm Electrolux RZB2110AAXA 53L",1
61833,EMM2026MX,"Lò vi sóng Electrolux EMM2026MX 20 lít",0
61848,EMSB25XG,"Lò vi sóng Electrolux EMSB25XG 25 lít",1
61855,EMG25D89GGP,"Lò vi sóng có nướng Electrolux EMG25D89GGP 25 lít",1
61865,EMC25D59EB,"Lò vi sóng có nướng Electrolux EMC25D59EB 25 lít",0
61878,EMG23KI9EBP,"Lò vi sóng Electrolux EMG23DI9EBP 23 lít",0
61899,U24XKH8,"Điều hòa Panasonic 24000BTU 1 chiều inverter U24XKH-8",0
61903,XPU18XKH8B,"Điều hòa Panasonic inverter 18000 BTU 1 chiều XPU18XKH-8B",0
61907,C09R2H12,"Điều hòa Nagakawa 9000BTU 1 chiều inverter NIS-C09R2H12",1
61912,C12R2H12,"ĐIỀU HÒA NAGAKAWA 12000BTU 1 CHIỀU INVERTER NIS-C12R2H12",1
61913,UA32T4202,"Smart Tivi Samsung 32 inch UA32T4202",1
61921,C18R2H12,"ĐIỀU HÒA NAGAKAWA 18000BTU 1 CHIỀU INVERTER NIS-C18R2H12",1
61938,55QNED86SQA,"Smart Tivi QNED LG 4K 55 inch 55QNED86SQA",0
61961,Q600B,"Loa Thanh Soundbar Samsung HW-Q600B/XV",0
61993,F100GT.BK,"Máy giặt Aqua 10 KG AQW-F100GT.BK",1
62004,AQR-T352FA(FB),"Tủ lạnh Aqua Inverter 333 lít AQR-T352FA(FB)",1
62017,DH1500G.PP,"Máy giặt sấy Aqua Inverter 15 Kg AQD-DH1500G PP",1
62019,AQR-T376FA(FB),"Tủ lạnh Aqua Inverter 357 lít AQR-T376FA(FB)",1
62049,KRV10TR,"Máy lạnh Aqua Inverter 1 HP AQA-KCRV10TR",0
62065,KRV13TR,"Máy lạnh Aqua Inverter 1.5 HP AQA-KCRV13TR",0
62080,55CGS810,"Smart Tivi Casper Oled 4K 55 inch 55CGS810 Mới 2023",0
62090,1779ASI,"Tủ đông Darling DMF-1779ASI Inverter 2100L 4 cánh",1
62097,VH60KL,"Tủ mát mini Sanaky VH-60KL 52 lít",1
62100,80CGB,"Máy sấy ngưng tụ Casper 8 kg TD – 80CGB",1
62113,"MS95 / MS90 / S90","Máy sấy thông hơi Alaska 9 kg S90",0
62124,SBX440VSL,"Tủ lạnh Sharp Inverter SJ-SBX440V-SL 442 lít",1
62129,SBX530VSL,"Tủ lạnh Sharp Inverter SJ-SBX530V-SL 532 lít",0
62134,A25VM.UKG1,"Tủ lạnh Toshiba Inverter 194 lít GR-A25VM(UKG1)",0
62158,IF1100G3,"TỦ ĐÔNG ĐỨNG 3 CÁNH ALASKA 1100 LÍT IF-1100G3",1
62166,KC550CI,"Tủ đông kính lùa cong Alaska KC-550CI Inverter 550 lít",1
62176,DR09SKC,"Điều hòa Dairry 9000BTU 1 chiều DR09SKC",0
62178,AF340N,"Tủ mát Aqua 215 Lít AQS-AF340N",0
62189,AF440S,"Tủ mát Aqua 320 lít AQS-AF440S",0
62197,7779ASI1,"Tủ đông 1 ngăn 770 lít Darling DMF - 7779 ASI -1",1
62204,2999W2,"Tủ Đông Mát 2 Ngăn Darling DMF-2999W2",1
62210,3999W2,"Tủ đông Darling 260 lít DMF-3999 W2",1
62226,V13WIN,"Điều hòa LG Inverter 1 chiều 12000BTU V13WIN",1
62235,4999W2,"Tủ Đông Mát 2 Ngăn Darling DMF-4999W2",1
62284,DR101GT.BK,"Máy giặt Aqua 10 KG AQW-DR101GT BK",1
62297,V800H.SS,"Máy sấy Aqua AQH-V800H.SS 8kg thông hơi",1
62302,"ARI 150 Ngang","Bình nóng lạnh Ariston ARI 150 Treo ngang",1
62310,CD5577,"Chân đế máy giặt, tủ lạnh 800kg 55x77cm CD5577",1
62321,CD4860DN,"Chân đế máy giặt, tủ lạnh 300kg 48x60cm CD4860DN Đen",1
62325,CD5168DN,"Chân đế máy giặt, tủ lạnh 300kg 51x68cm CD5168DN Đen",1
62328,CD5168,"Chân đế máy giặt, tủ lạnh 300kg 51x68cm CD5168 Đen",1
62331,CPX450615,"Chân đế máy giặt 45x61.5cm CPX450615 Inox 304",1
62335,CPX550615,"Chân đế máy giặt 55 x 61,5cm CPX550615 Inox 304",1
62337,VT-42,"Khung treo Tivi 37-65 inch Cố định VT-42",1
62344,,"Khung treo Tivi 32-70 inch Đa năng X5",0
62353,,"Khung treo Tivi 60-85 inch Cố định CMT80",1
62359,,"Khung treo Tivi 37-63 inch Xoay  X7-4",1
62365,,"Khung treo Tivi 19-37 inch Xoay X4-3",1
62371,,"Khung treo Tivi 37-63 inch Nghiêng N6-4",1
62374,,"Khung treo Tivi 19-37 inch Nghiêng N4-3",1
62391,RB30N4190BY,"Tủ lạnh Samsung Inverter 307 lít RB30N4190BY/SV",0
62410,"KG 266NC2","Tủ đông Kangaroo 192 lít KG 266NC2",0
62429,KG-268DM2,"Tủ đông mềm Kangaroo 192 lít KG 268DM2",0
62451,EMG25D59EB,"Lò vi sóng có nướng Electrolux EMG25D59EB 25 lít",1
62467,EMM23KI9EBP,"Lò vi sóng Electrolux EMM23KI9EBP 23 lít",1
62479,VH-3899K3B,"Tủ Đông Sanaky Inverter 280 lít VH-3899K3B",1
62511,DMF-4699WSI,"Tủ đông Darling Smart Inverter DMF-4699WSI",1
62522,"HCF 516S1N2","Tủ Đông Funiki Hòa Phát HCF 516S1N2 252 Lít 1 Ngăn Đông",0
62582,13WNMA,"Máy lạnh Aqua Inverter 1.5Hp AQA-KCRV13WNMA",0
62606,KCR9PA,"Máy điều hòa Turbo Cool AQA-KCR9PA",0
62607,V18WIN,"Điều hòa LG DUALCOOL Inverter 1 chiều 18,000 BTU (2HP) V18WIN",0
62646,V24WIN,"Điều hòa LG DUALCOOL Inverter 1 chiều 24,000 BTU (2.5HP) V24WIN",0
62703,"KC12FC32 / HC12FC32","Máy lạnh Casper 1.5 HP KC-12FC32",0
62715,LC18FS32,"Máy lạnh Casper 2 HP LC-18FS32",0
62717,LC18FS33,"Điều hòa 18000BTU Casper 1 chiều SC-18FS33",0
62725,VH230VD,"Tủ đông Sanaky 213 lít VH230VD",0
62748,VH230VD3,"Tủ đông Sanaky Inverter 213 lít VH230VD3",0
62760,VH180VD3,"Tủ đông Sanaky Inverter 150 lít VH180VD3",1
62774,VH180VD,"Tủ đông Sanaky 150 lít VH180VD",0
62786,VH160VD3,"Tủ đông Sanaky Inverter 118 lít VH160VD3",1
62798,VH160VD,"Tủ đông Sanaky 118 lít VH160VD",1
62811,HSIC09TMU,"Điều hòa Funiki Inverter 9000 BTU HSIC09TMU",1
62826,HSIC12TMU,"Điều hòa Funiki Inverter 12000 BTU HSIC12TMU",0
62828,WNA14400SG,"Máy giặt sấy Bosch 9 kg WNA14400SG",1
62841,WNA254U0SG,"Máy giặt sấy Bosch 10 kg WNA254U0SG",1
62861,WTW85400SG,"Máy sấy bơm nhiệt Bosch 9 kg WTW85400SG",0
62882,WQG24200SG,"Máy sấy bơm nhiệt Bosch 9 kg WQG24200SG",0
62883,DHL755BL,"Máy hút mùi âm tủ Bosch DHL755BL",1
62894,DWB98JQ50B,"Máy hút mùi áp tường Bosch DWB98JQ50B",1
62909,"SMS2ITW04E TGB","Máy rửa bát độc lập Bosch SMS2ITW04E TGB",0
62920,SMS2IVI61E,"Máy rửa bát độc lập Bosch SMS2IVI61E",1
62944,WGG234E0SG,"Máy giặt lồng ngang 8kg Bosch WGG234E0SG",1
62956,WGG244A0SG,"Máy Giặt Lồng Ngang 9Kg Bosch WGG244A0SG",1
62968,WTX87MH0SG,"Máy sấy quần áo Bosch WTX87MH0SG",0
62979,WTW87541,"Máy Sấy Quần Áo Bosch WTW87541 Serie 8 Cao Cấp",0
62990,V13ENH1,"Điều hòa 1 chiều Inverter LG 1.5 HP V13ENH1",0
63010,SMI4ECS14E,"Máy rửa chén bán âm Bosch SMI4ECS14E",1
63026,SMS8YCI01E,"Máy rửa bát độc lập Bosch SMS8YCI01E",1
63046,SMS4ECI14E,"Máy rửa chén độc lập Bosch SMS4ECI14E",1
63047,SMS4IVI01P,"Máy rửa chén độc lập Bosch SMS4IVI01P",1
63048,SMS46GI01P,"Máy rửa chén độc lập Bosch SMS46GI01P",1
63049,SMS6ZCI49E,"Máy rửa bát độc lập Bosch SMS6ZCI49E",1
63051,KFN96APEAG,"Tủ Lạnh Bosch KFN96APEAG 605 Lít",1
63062,KAI93VBFP,"Tủ lạnh Side by Side Bosch 562L KAI93VBFP Serie 6",1
63068,KAD93VBFP,"Tủ lạnh Side by Side Bosch 562 Lít KAD93VBFP series 6",1
63072,PUC61KAA5E,"Bếp từ 3 vùng nấu lắp âm Bosch PUC61KAA5E",1
63094,2T-C32BG1X,"Android TV Sharp 32 inch 2T-C32BG1X",0
63110,VH3089K,"Tủ mát Sanaky 300 Lít VH-3089K",1
63140,HBF113BR0A,"Lò Nướng Bosch HBF113BR0A",1
63166,HBA534BW0,"Lò Nướng BOSCH HBA534BW0",1
63188,HBA512BR0,"Lò Nướng BOSCH HBA512BR0 Serie 4",1
63224,HBS534BB0B,"Lò nướng BOSCH HBS534BB0B",1
63271,HBA2140S0,"Lò Nướng BOSCH HBA2140S0",1
63274,V10WIN,"Điều hòa LG Inverter 8800 BTU V10WIN",1
63277,HBG5370B0,"Lò Nướng BOSCH HBG5370B0",1
63299,HBG633BB1B,"Lò nướng Bosch HBG633BB1B",1
63310,HBG633BS1A,"Lò nướng âm 71L Bosch HBG633BS1A",1
63318,HBA534BS0A,"Lò Nướng Bosch HBA534BS0A serie 4",1
63323,HBA5360B0K,"Lò Nướng BOSCH HBA5360B0K",1
63327,HBG634BB1B,"Lò nướng 71L Bosch HBG634BB1B",1
63334,HBG635BB1,"Lò Nướng Bosch HBG635BB1 SERIE 8",1
63336,HBA5570S0B,"Lò Nướng Bosch HBA5570S0B Serie 6",1
63342,BFL523MS0B,"Lò Vi Sóng BOSCH BFL523MS0B Âm Tủ SERIE 6",1
63355,BEL554MS0B,"Lò Vi Sóng BOSCH BEL554MS0B Series 6",1
63361,BFL634GB1B,"Lò Vi Sóng BOSCH BFL634GB1B Cao Cấp",1
63373,QA65QN900B,"Smart Tivi Neo QLED 8K 65 inch Samsung QA65QN900B",0
63389,BFL634GS1,"Lò Vi Sóng Bosch BFL634GS1 Thiết Kế Sang Trọng",1
63405,SMS4HDI52E,"Máy rửa bát BOSCH SMS4HDI52E",0
63420,SMS2ITW04E,"Máy Rửa Bát BOSCH SMS2ITW04E",0
63438,SMS4HTI45E,"Máy Rửa Bát Bosch SMS4HTI45E Cao Cấp",0
63446,SMS4HBW00D,"Máy rửa chén độc lập Bosch SMS4HBW00D",1
63460,SMS4HBI01D,"Máy rửa chén độc lập Bosch SMS4HBI01D",1
63470,SMS6ZCI42E,"Máy rửa bát Bosch SMS6ZCI42E",1
63476,SMS6EDI06E,"Máy Rửa  BOSCH SMS6EDI06E Tự Mở Cửa",1
63483,SMS6ZCI08E,"Máy rửa bát Bosch SMS6ZCI08E Kết Nối Home Connect – Sấy Zeolith",1
63489,SMV6ZCX42E,"Máy Rửa Bát Bosch SMV6ZCX42E Serie 6 Sấy Zeolith",0
63496,WTZ27410,"Phụ kiện máy giặt kệ nối Bosch HMH.WTZ27410",1
63500,RILSC10DRG,"Máy sấy độc lập Rosieres RILSC10DGR-04",0
63507,KAN93VIFPG,"Tủ Lạnh 2 Cánh Side By Side Bosch KAN93VIFPG",1
63524,KFN96PX91I,"Tủ Lạnh Bosch KFN96PX91I Series 8 Cao Cấp, Dung Tích 689L",0
63537,SMU6ZCS00S,"Máy Rửa Bát  BOSCH SMU6ZCS00S",1
63556,SMS8YCI03E,"Máy Rửa Bát BOSCH SMS8YCI03E",1
63559,SMI8YCS03E,"Máy rửa bát Bosch SMI8YCS03E serie 8 tích hợp công nghệ AI",1
63562,SMV8YCX03E,"Máy Rửa Bát  BOSCH SMV8YCX03E - Âm Toàn Phần Cao Cấp",1
63565,SMU6ECS57E,"Máy rửa bát Bosch SMU6ECS57E Bán Âm, kết nối Homeconnect",1
63570,SMV4HCX48E,"Máy rửa bát Bosch SMV4HCX48E hiện đại, sang trọng, đẳng cấp.",1
63572,SMV4ECX14E,"Máy rửa bát Bosch SMV4ECX14E thiết kế sang trọng, đẳng cấp.",1
63577,SMI6ZDS49E,"Máy Rửa Bát BOSCH SMI6ZDS49E",0
63585,SMS63L08EA,"Máy rửa bát Bosch SMS63L08EA serie 6",1
63589,SMS4EMW00E,"Máy Rửa Bát BOSCH SMS4EMW00E",1
63592,SMS4EMI00E,"Máy rửa bát BOSCH SMS4EMI00E thiết kế sang trọng, đẳng cấp.",1
63597,SGS4HVI33E,"Máy Rửa Bát BOSCH SGS4HVI33E",1
63603,SBV6ZCX49E,"Máy rửa bát Bosch SBV6ZCX49E Cao Cấp Nhập Khẩu Châu Âu",1
63605,SX65ZX49E,"Máy rửa bát Siemens SX65ZX49E  Cao Cấp Nhập Khẩu Châu Âu",1
63616,SN23EC14CEIQ300,"Máy rửa bát Siemens SN23EC14CE – iQ300 Cao Cấp Nhập Khẩu Châu",1
63625,SN23EI26CEIQ300,"Máy rửa bát Siemens SN23EI26CE- iQ300 Nhập Khẩu Châu Âu",1
63646,SN25ZI49CEIQ500,"Máy rửa bát Siemens SN25ZI49CE-iQ500 Nhập Khẩu Châu Âu",1
63649,"CZ QD03","Bếp từ Canzy CZ-QD03 Cao Cấp",0
63655,CZ-QH02,"Bếp từ Canzy CZ-QH02 Cao Cấp",0
63669,EHC7240BA,"Bếp điện ELectrolux (hồng ngoại) âm 2 vùng nấu 70cm EHC7240BA",1
63678,EHI7260BB,"Bếp từ âm Electrolux 2 vùng nấu 70cm EHI7260BB",1
63684,43UQ751,"Smart Tivi LG 4K 43 inch 43UQ751",0
63700,60BU8000,"Smart Tivi Samsung 4K Crystal UHD 60 inch UA60BU8000",1
63717,"Loa Definitive PowerMonitor 500","Loa Definitive PowerMonitor 500",0
63755,VH-5699HYK,"Tủ đông Sanaky Nắp Kính Cường Lực 410 Lít VH-5699HYK",1
63768,VH-6699HYK,"Tủ đông Sanaky VH-6699HYK 660 lít",1
63780,VH-5699W2K,"Tủ Đông Sanaky VH-5699W2K 365 lít",1
63795,VH-3589K,"Tủ mát Sanaky 350 lít VH-3589K",1
63814,VH-4089K,"Tủ mát Sanaky 400 lít VH-4089K",1
63833,43Q636,"Google Tivi QLED TCL 4K 43 inch 43Q636",1
63849,50Q636,"Google Tivi QLED TCL 4K 50 inch 50Q636",0
63856,65C635,"Google Tivi QLED TCL 4K 65 inch 65C635",1
63939,NS-C09R2T30,"Điều hoà Nagakawa 9000 BTU 1 chiều NS-C09R2T30",1
63959,NS-C12R2T30,"Điều hoà Nagakawa 12000 BTU 1 chiều NS-C12R2T30",1
63988,AS60GHWG0,"Máy lọc không khí LG PuriCare 360 Hit AS60GHWG0 41W",1
64004,50UP7800,"Smart Tivi LG 4K 50 inch 50UP7800PTB",0
64037,65QNED86SQA,"Smart Tivi QNED LG 4K 65 inch 65QNED86SQA",0
64054,RDNT401E50VZDK,"Tủ lạnh Beko Inverter 375 lít RDNT401E50VZDK",1
64078,RCNT340I50VZK,"Tủ lạnh Beko Inverter 323 lít RCNT340I50VZK",1
64092,RDNT371I50VK,"Tủ lạnh Beko Inverter 340 lít RDNT371I50VK",1
64111,RDNT371I50VGB,"Tủ lạnh Beko Inverter 340 lít RDNT371I50VGB",1
64133,RDNT401I50VK,"Tủ lạnh Beko Inverter 375 lít RDNT401I50VK",1
64155,RDNT401I50VDK,"Tủ lạnh Beko Inverter 375 lít RDNT401I50VDK",1
64156,RDNT401I50VGB,"Tủ lạnh Beko Inverter 375 lít RDNT401I50VGB",1
64172,RDNT401I50VDS,"Tủ lạnh Beko Inverter 375 lít RDNT401I50VDS",1
64187,RDNT470I50VK,"Tủ lạnh Beko Inverter 422 lít RDNT470I50VK",1
64209,RDNT470I50VGB,"Tủ lạnh Beko Inverter 422 lít RDNT470I50VGB",1
64212,RDNT201I50VK,"Tủ lạnh Beko Inverter 189 lít RDNT201I50VK",1
64234,GNO51651GBVN,"Tủ lạnh Beko Inverter 553 lít GNO51651GBVN",1
64323,EWF1024M3SB,"Máy giặt Electrolux Inverter 10 kg EWF1024M3SB",1
64362,Q630B,"Bộ loa thanh Samsung HW-Q630B 360W",0
64391,"BM115GF4V SK","Máy giặt sấy Toshiba Inverter 10.5 kg TWD-BM115GF4V(SK)",0
64407,"BM135GF4V MG","Máy giặt sấy Toshiba Inverter 12.5 kg TWD-BM135GF4V(MG)",1
64421,F2721HVRB,"Máy giặt sấy LG Inverter 21 kg F2721HVRB",1
64434,FV1413S4W,"Máy giặt LG Inverter 13 kg FV1413S4W",0
64449,FV1412S3PA,"Máy giặt LG Inverter 12 kg FV1412S3PA",1
64467,FV1412S3BA,"Máy giặt LG Inverter 12 kg FV1412S3BA",1
64482,FV1414S3BA,"Máy giặt LG Inverter 14 kg FV1414S3BA",0
64500,S5GOC,"Tủ chăm sóc quần áo thông minh LG S5GOC",1
64520,S5BOC,"Tủ chăm sóc quần áo thông minh LG S5BOC",1
64547,RF59C700ES9,"Tủ lạnh Samsung Inverter 649 lít RF59C700ES9/SV",0
64565,RF59C766FB1,"Tủ lạnh Samsung Inverter 648 lít RF59C766FB1/SV",1
64586,EWF1024D3WB,"Máy giặt Electrolux Inverter 10 kg EWF1024D3WB",1
64613,FTKB25WAVMV,"Máy lạnh Daikin Inverter 1 HP FTKB25WAVMV",0
64637,FTF50XV1V,"Điều hoà Daikin 2.0 HP FTF50XV1V",0
64645,FTKY25WAVMV,"Máy lạnh Daikin Inverter 1 HP FTKY25WAVMV",0
64665,FTHF50VAVMV,"Máy lạnh 2 chiều Daikin Inverter 2 HP FTHF50VAVMV",1
64688,MSAFG-10CRN8,"Máy lạnh Midea 1 HP MSAFG-10CRN8",0
64709,MSAFG-13CRN8,"Máy lạnh Midea 1.5 HP MSAFG-13CRN8",0
64736,WA14CG5745BV,"Máy giặt Samsung Inverter 14 kg WA14CG5745BV/SV",1
64754,WA12CG5745BV,"Máy giặt Samsung Inverter 12 kg WA12CG5745BV/SV",1
64770,DM1100PV,"Máy giặt Toshiba Inverter 10 kg AW-DM1100PV(KK)",1
64787,M1000FV,"Máy giặt Toshiba 9 kg AW-M1000FV(MK)",1
64805,M1100PV,"Máy giặt Toshiba 10 kg AW-M1100PV(MK)",0
64840,B212WB,"Tủ lạnh LG Inverter 217 Lít GV-B212WB",0
64857,B53PS,"Tủ lạnh LG Inverter 530 lít GR-B53PS",0
64870,B53MB,"Tủ lạnh LG Inverter 530 Lít GR-B53MB",1
64886,Q257MC,"Tủ lạnh LG Inverter 655 lít GR-Q257MC",0
64904,TV2516DV3B,"Máy giặt LG Inverter 16 kg TV2516DV3B",1
64922,TV2518DV3B,"Máy giặt LG Inverter 18 kg TV2518DV3B",1
64944,FV1411S4WA,"Máy giặt LG Inverter 11 kg FV1411S4WA",1
64959,FV1414S3P,"Máy giặt LG Inverter 14 kg FV1414S3P",0
64976,TV2520DV7J,"Máy giặt LG Inverter 20 kg TV2520DV7J",0
65022,65QNED99,"Smart Tivi QNED LG 8K 65 inch 65QNED99SQB",0
65028,75QNED99,"Smart Tivi QNED LG 8K 75 inch 75QNED99SQB",0
65029,86QNED99,"Smart Tivi QNED LG 8K 86 inch 86QNED99SQB",0
65054,SC-12FS33,"Điều hòa Casper 1 chiều 12.000BTU SC-12FS33",0
65084,AR10CYHAAWKNSV,"Máy lạnh Samsung Inverter 1 HP AR10CYHAAWKNSV",0
65099,H10D2,"Máy lạnh Toshiba Inverter 1 HP RAS-H10D2KCVG-V",0
65121,GSC12IP25,"Điều hòa Casper 1 chiều Inverter 1.5HP-12.000BTU GSC-12IP25",1
65137,FTKB50XVMV,"Điều hòa Daikin Inverter 17100 BTU FTKB50XVMV",0
65163,65QN800C,"Smart Tivi Neo QLED 8K 65 inch Samsung QA65QN800C 65QN800C",0
65187,75QN85CA,"Smart Tivi Neo QLED 4K 75 inch Samsung QA75QN85C 75QN85C",0
65205,75QN90CA,"Smart Tivi Neo QLED 4K 75 inch Samsung QA75QN90C 75QN90C",0
65222,75QN800C,"Smart Tivi Neo QLED 8K 75 inch Samsung QA75QN800C",1
65236,77S95CA,"Smart Tivi OLED Samsung 4K 77 inch QA77S95CA",1
65254,85Q80CA,"Smart Tivi QLED 4K 85 inch Samsung QA85Q80C",0
65270,85QN85CA,"Smart Tivi Neo QLED 4K 85 inch Samsung QA85QN85C",1
65287,65QN90CA,"Smart Tivi Neo QLED 4K 65 inch Samsung QA65QN90C",0
65311,77A80L,"Google Tivi OLED Sony 4K 77 inch XR-77A80L",0
65351,55Q80CA,"Smart Tivi QLED 4K 55 inch Samsung QA55Q80C",1
65369,55QN85CA,"Smart Tivi Neo QLED 4K 55 inch Samsung QA55QN85C",0
65387,55QN90CA,"Smart Tivi Neo QLED 4K 55 inch Samsung QA55QN90C",0
65409,65Q80CA,"Smart Tivi QLED 4K 65 inch Samsung QA65Q80C",0
65426,65Q636,"Google Tivi QLED TCL 4K 65 inch 65Q636",0
65447,RT31CG5424B1,"Tủ lạnh Samsung Inverter 305 lít RT31CG5424B1",1
65466,RT38CG6584B1,"Tủ lạnh Samsung Inverter 382 lít RT38CG6584B1SV",1
65486,RT42CG6584B1,"Tủ lạnh Samsung Inverter 406 lít RT42CG6584B1SV",1
65505,RT42CB6784C3,"Tủ lạnh Samsung Inverter 406 lít RT42CB6784C3SV",1
65526,SBX530VGBK,"Tủ lạnh Sharp Inverter 532 lít SJ-SBX530VG-BK",1
65547,RS775WI-PMV(06)-MG,"Tủ lạnh Toshiba Inverter 596 lít GR-RS775WI-PMV(06)-MG",1
65570,T220FA.FB,"Tủ lạnh Aqua Inverter 189 lít AQR-T220FA(FB)",1
65591,B256JDS,"Tủ lạnh LG Inverter 519 lít GR-B256JDS",1
65617,43X80L,"Google Tivi Sony 4K 43 inch KD-43X80L",0
65639,50X80L,"Google Tivi Sony 4K 50 inch KD-50X80L",0
65653,55X80L,"Google Tivi Sony 4K 55 inch KD-55X80L",0
65654,55A80L,"Google Tivi OLED Sony 4K 55 inch XR-55A80L",0
65681,65A80L,"Google Tivi OLED Sony 4K 65 inch XR-65A80L",0
65694,65X80L,"Google Tivi Sony 4K 65 inch KD-65X80L",0
65695,75X80L,"Google Tivi Sony 4K 75 inch KD-75X80L",0
65696,WA95CG4545BD,"Máy giặt Samsung Inverter 9.5 kg WA95CG4545BDSV",1
65714,WA12CG5886BV,"Máy giặt Samsung Inverter 12 kg WA12CG5886BVSV",1
65734,WA14CG5886BV,"Máy giặt Samsung Inverter 14 kg WA14CG5886BVSV",1
65755,32S5400,"Google Tivi TCL 32 inch 32S5400",1
65782,40S5400,"Google Tivi TCL 40 inch 40S5400",1
65783,43S5400,"Google Tivi TCL 43 inch 43S5400",1
65790,48C3,"Smart Tivi OLED LG 4K 48 inch 48C3PSA",0
65806,55C3,"Smart Tivi OLED LG 4K 55 inch 55C3PSA",0
65807,65C3,"Smart Tivi OLED LG 4K 65 inch 65C3PSA",1
65808,77C3,"Smart Tivi OLED LG 4K 77 inch 77C3PSA",1
65809,83C3,"Smart Tivi OLED LG 4K 83 inch 83C3PSA",1
65810,48A3,"Smart Tivi OLED LG 4K 48 inch 48A3PSA",1
65826,55A3,"Smart Tivi OLED LG 4K 55 inch 55A3PSA",0
65827,65A3,"Smart Tivi OLED LG 4K 65 inch 65A3PSA",0
65831,55UR8050,"Smart Tivi LG 4K 55 inch 55UR8050PSB",0
65846,65UR7550,"Smart Tivi LG 4K 65 inch 65UR7550PSC",0
65863,65UR9050,"Smart Tivi LG 4K 65 inch 65UR9050PSK",0
65880,65X85L,"Google Tivi Sony 4K 65 inch KD-65X85L",0
65899,65X90L,"Google Tivi Sony 4K 65 inch XR-65X90L",0
65927,75X90L,"Google Tivi Sony 4K 75 inch XR-75X90L",1
65931,WT1410NHB,"Máy giặt sấy LG Inverter 14 kg WT1410NHB",1
65960,55X85L,"Google Tivi Sony 4K 55 inch KD-55X85L",0
65983,75X85L,"Google Tivi Sony 4K 75 inch KD-75X85L",0
65984,85X80L,"Google Tivi Sony 4K 85 inch KD-85X80L",0
65986,RT35CG5544B1,"Tủ lạnh Samsung Inverter 345 lít RT35CG5544B1SV",1
66004,RT38CB668412,"Tủ lạnh Samsung Inverter 385 lít RT38CB668412SV",1
66026,DVHP50B,"Máy sấy bơm nhiệt LG Inverter 10.5 kg DVHP50B",1
66048,DVHP50P,"Máy sấy bơm nhiệt LG 10.5 Kg DVHP50P",1
66071,70UQ8050,"Smart Tivi LG UHD 4K 70 inch 70UQ8050PSB Mới 2022",0
66072,ESE6600A-AVN,"Tủ lạnh Electrolux Inverter 624 Lít ESE6600A-AVN",1
66093,ESE6600A-BVN,"Tủ lạnh Electrolux Inverter 624 Lít ESE6600A-BVN",1
66117,32S52,"Android Tivi iFFALCON 32 inch 32S52",0
66134,"CSO C10TE-S","Máy sấy ngưng tụ Candy 10 kg CSO C10TE-S",1
66178,EQE5660A-B,"Tủ Lạnh Electrolux Inverter 562 lít EQE5660A-B",1
66191,AX60R5080WD,"Máy lọc không khí Samsung AX60R5080WD/SV 60W",0
66214,98Q80CA,"Smart Tivi QLED 4K 98 inch Samsung QA98Q80C",0
66229,VH1199HYK,"Tủ đông Sanaky VH-1199HYK 1100 lít",1
66239,VH8699HYK,"Tủ đông Sanaky VH-8699HYK 860 lít",1
66250,VH6699W2K,"Tủ đông Sanaky VH-6699W2K",1
66259,VH5089K,"Tủ Mát Sanaky 480 Lít VH-5089K",1
66278,VH5699HY4K,"Tủ đông Sanaky 410 lít VH 5699HY4K kính cường lực",1
66293,VH6699HY4K,"Tủ đông Sanaky 530 lít VH 6699HY4K kính cường lực",1
66294,VH8699HY4K,"Tủ đông Sanaky 761 lít VH 8699HY4K kính cường lực",1
66301,VH1199HY4K,"Tủ đông Sanaky 900 lít VH 1199HY4K kính cường lực",1
66309,VH1399HY4K,"Tủ đông Sanaky 1200 lít VH 1399HY4K kính cường lực",1
66312,VH5699W4K,"Tủ đông Sanaky Inverter 365 Lít VH-5699W4K kính cường lực",1
66330,VH6699W4K,"Tủ đông Sanaky Inverter 485 Lít VH-6699W4K kính cường lực",1
66347,VH3899KB,"Tủ Đông Sanaky 280 lít VH-3899KB",1
66366,65QN85C,"Smart Tivi Neo QLED 4K 65 inch Samsung QA65QN85C",0
66386,SN4,"Bộ loa thanh LG SN4 300W",0
66403,50UQ801,"Smart Tivi LG 4K 50 inch UHD 50UQ801C0SF",0
66404,55UQ801,"Smart Tivi LG 4K 55 inch UHD 55UQ801C0SF",0
66405,B256BL,"Tủ lạnh LG Inverter 519 lít GR-B256BL",1
66423,RT42CG6584S9,"Tủ lạnh Samsung Inverter 406 lít RT42CG6584S9SV",1
66429,RF59CB66F8S,"Tủ lạnh Samsung Inverter 648 lít RF59CB66F8S/SV",1
66449,SBX440VGBK,"Tủ lạnh Sharp Inverter 442 lít SJ-SBX440VG-BK",1
66643,43LS05B,"Smart Tivi Màn Hình Xoay The Sero QLED Samsung 4K 43 inch QA43LS05B",0
66667,85QN900C,"Smart Tivi Neo QLED 8K 85 inch Samsung QA85QN900C",0
66688,75Q70C,"Smart Tivi QLED 4K 75 inch Samsung QA75Q70C",0
66703,55Q70C,"Smart Tivi QLED 4K 55 inch Samsung QA55Q70C",0
66704,RT31CB56248A,"Tủ lạnh Samsung Inverter 305 lít RT31CB56248ASV",1
66726,32HGA510,"Android Tivi Casper 32 inch 32HGA510",0
66744,43FGA610,"Android Tivi Casper 43 inch 43FGA610",0
66756,65QNED80SRA,"Smart Tivi QNED LG 4K 65 inch 65QNED80SRA",1
66770,FR120HT.BK,"Máy giặt Aqua 12 kg AQW-FR120HT BK",1
66790,"AW - DUM1100JV (SG)","Máy giặt Toshiba Inverter 10 kg AW-DUM1100JV(SG)",0
66810,RT35CG5424B1,"Tủ lạnh Samsung Inverter 348 lít RT35CG5424B1SV",1
66821,RT47CB66868A,"Tủ lạnh Samsung Inverter 460 lít RT47CB66868ASV",1
66862,65Q70C,"Smart Tivi QLED 4K 65 inch Samsung QA65Q70C",0
66863,85Q70C,"Smart Tivi QLED 4K 85 inch Samsung QA85Q70C",0
66865,FXPI689VRS,"Tủ lạnh Sharp Inverter 607 lít SJ-FXPI689V-RS",0
66885,RT435WEA-PMV(06)-MG,"Tủ lạnh Toshiba Inverter 336 lít GR-RT435WEA-PMV(06)-MG",1
66910,RS600WI-PMV(37)-SG,"Tủ lạnh Toshiba Inverter 460 lít GR-RS600WI-PMV(37)-SG",1
66937,75UR7550,"Smart Tivi LG 4K 75 inch 75UR7550PSC",1
66938,TV2519DV7B,"Máy giặt LG Inverter 19 kg TV2519DV7B",1
66955,"HPF AN6107","Tủ đông Hòa Phát 107 lít HPF AN6107 / HCF 106S1N1",1
66975,"HPF AD6783","Tủ đông Hòa Phát 783 lít HPF AD6783",1
67006,80S5C,"Máy sấy ngưng tụ Galanz 8 Kg DC-80S5C",0
67026,88Z3,"Smart Tivi OLED LG 8K 88 inch 88Z3PSA",1
67045,77G3,"Smart Tivi OLED Evo LG 4K 77 inch 77G3PSA",1
67071,65G3,"Smart Tivi OLED Evo LG 4K 65 inch 65G3PSA",0
67072,55G3,"Smart Tivi OLED Evo LG 4K 55 inch 55G3PSA",0
67073,75QNED86SRA,"Smart Tivi QNED LG 4K 75 inch 75QNED86SRA",1
67086,65QNED86SRA,"Smart Tivi QNED LG 4K 65 inch 65QNED86SRA",0
67091,C50DK1X,"Android Tivi Sharp 4T-C50DK1X Smart 50 inch",0
67106,58P635,"Google Tivi TCL 4K 58 inch 58P635",0
67120,B340PGV1,"Tủ lạnh Hitachi 323 lít Inverter R-B340PGV1 Model 2023",1
67131,B340EGV1,"Tủ lạnh Hitachi 323 lít Inverter R-B340EGV1 Model 2023",1
67137,B375EGV1,"Tủ lạnh Hitachi 356 lít Inverter R-B375EGV1 Model 2023",0
67138,B415EGV1,"Tủ lạnh Hitachi 396 lít Inverter R-B415EGV1 Model 2023",0
67139,FV1409S4M,"Máy giặt LG AI DD Inverter 9 kg FV1409S4M",1
67158,FV1410S4B,"Máy giặt LG AI DD Inverter 10 kg FV1410S4B",1
67175,FV1412S3B,"Máy giặt LG Inverter 12 kg FV1412S3B",1
67192,ES-Y75HV-S,"Máy giặt Sharp 7.5 Kg ES-Y75HV-S",0
67210,ES-Y85HV-S,"Máy giặt Sharp 8.5 Kg ES-Y85HV-S",1
67213,50Q80CA,"Smart Tivi QLED 4K 50 inch Samsung QA50Q80C",0
67214,75Q80CA,"Smart Tivi QLED 4K 75 inch Samsung QA75Q80C",0
67215,40S52,"Android Tivi iFFALCON 40 inch 40S52",1
67230,65S90C,"Smart Tivi OLED Samsung 4K 65 inch QA65S90CA",0
67246,DDW1100J,"Máy giặt Aqua Inverter 11 kg AQD-DDW1100J BK",1
67260,RS520VT,"Tủ lạnh Casper Inverter 462 lít Multi Door RS-520VT",0
67292,L55M8-P2SEA,"Google Tivi Xiaomi A 4K 55 inch L55M8-P2SEA",0
67304,L32M8-P2SEA,"Google Tivi Xiaomi A 32 inch L32M8-P2SEA",1
67310,L43M8-P2SEA,"Google Tivi Xiaomi A 43 inch L43M8-P2SEA",0
67311,L43M8-A2SEA,"Google Tivi Xiaomi A Pro 4K 43 inch L43M8-A2SEA",0
67323,L55M8-A2SEA,"Google Tivi Xiaomi A Pro 4K 55 inch L55M8-A2SEA",0
67324,L65M8-A2SEA,"Google Tivi Xiaomi A Pro 4K 65 inch L65M8-A2SEA",0
67325,L43M6-6ARG,"Android Tivi Xiaomi 4K UHD 43 Inch L43M6-6ARG",0
67326,B650,"Bộ loa thanh Samsung HW-B650 430W",1
67353,"LG OL45","Loa bluetooth LG OL45 220W",0
67373,43S3U,"Smart Tivi Coocaa 43 Inch 43S3U",1
67384,"50S3U Pro","Smart Tivi Coocaa 4K 50 Inch 50S3U Pro",0
67385,55QNED80SRA,"Smart Tivi QNED LG 4K 55 inch 55QNED80SRA",0
67386,65UR8050,"Smart Tivi LG 4K 65 inch 65UR8050PSB",0
67387,50CU8500,"Smart Tivi Samsung 50 inch Crystal UHD 4K 50CU8500",0
67409,55CU8500,"Smart Tivi Samsung 55 inch Crystal UHD 4K 55CU8500",0
67411,65CU8500,"Smart Tivi Samsung 65 inch Crystal UHD 4K 65CU8500",1
67412,C65DJ3X,"Android Tivi Sharp 4T-C65DJ3X Smart 65 inch",0
67413,65C645,"Google Tivi TCL QLED 4K 65 Inch 65C645",0
67431,43C645,"Google Tivi TCL QLED 4K 43 Inch 43C645",0
67433,50C645,"Google Tivi TCL QLED 4K 50 Inch 50C645",0
67434,55C645,"Google Tivi TCL QLED 4K 55 Inch 55C645",0
67435,ST90B,"Loa tháp Samsung MX-ST90B 1700W",0
67452,Q990B,"Bộ loa thanh Samsung HW-Q990B 656W",1
67466,S61B,"Loa thanh Samsung HW-S61B 200W",1
67477,DR120HT.BK,"Máy giặt Aqua Inverter 12 kg AQW-DR120HT BK",1
67495,DDW1000J.BK,"Máy giặt Aqua Inverter 10 kg AQD-DDW1000J BK",1
67509,FV1410S4W1,"Máy giặt LG AI DD Inverter 10 kg FV1410S4W1",1
67527,FV1414H3BA,"Máy giặt sấy LG Inverter 14 kg FV1414H3BA",1
67529,F82Y01DRV,"Máy giặt Panasonic 8.2 kg NA-F82Y01DRV",1
67541,WA17CG6886BV,"Máy giặt Samsung Inverter 17 kg WA17CG6886BVSV",0
67558,H1000H.PS,"Máy sấy bơm nhiệt Aqua 10 kg AQH-H1000H PS",1
67591,B350MA.GM,"Tủ lạnh Aqua Inverter 292 lít AQR-B350MA(GM)",1
67604,B380MA.GM,"Tủ lạnh Aqua Inverter 324 lít AQR-B380MA(GM)",1
67605,B390MA.FB,"Tủ lạnh Aqua Inverter 324 lít AQR-B390MA(FB)",0
67618,RT38CB6784C3,"Tủ lạnh Samsung Inverter 382 lít Bespoke RT38CB6784C3SV",1
67648,"H80SEV SK","Máy sấy thông hơi 7 kg Toshiba TD-H80SEV(SK)",1
67666,"H80SEV WK","Máy sấy thông hơi 7 kg Toshiba TD-H80SEV(WK)",1
67675,"K90MEV SK","Máy sấy ngưng tụ Toshiba 8 kg TD-K90MEV(SK)",1
67695,T220NE.HB,"Tủ lạnh Aqua Inverter 189 lít AQR-T220NE(HB)",0
67701,65UR811C,"Smart Tivi LG 4K 65 inch 65UR811C0SB",0
67703,55UR811C,"Smart Tivi LG 4K 55 inch 55UR811C0SB",0
67704,75UR811C,"Smart Tivi LG 4K 75 inch 75UR811C0SB",0
67717,BMIX999I,"Bếp từ Canzy CZ-BMIX999I",1
67727,"CZ 700GH","Máy Hút Mùi Canzy CZ-700GH",1
67731,55QE1C,"Smart Tivi Samsung 55 inch QLED 4K 55QE1C",0
67743,X252AESL,"Tủ lạnh Sharp Inverter 224 lít SJ-X252AE-SL",1
67755,X252AEDS,"Tủ lạnh Sharp Inverter 224 lít SJ-X252AE-DS",1
67766,X282AEDS,"Tủ lạnh Sharp Inverter 253 lít SJ-X282AE-DS",0
67777,XP352AESL,"Tủ lạnh Sharp Inverter 330 lít SJ-XP352AE-SL",1
67797,XP382AEDS,"Tủ lạnh Sharp Inverter 360 lít SJ-XP382AE-DS",1
67817,XP382AESL,"Tủ lạnh Sharp Inverter 360 lít SJ-XP382AE-SL",1
67823,XP352AEDS,"Tủ lạnh Sharp Inverter 330 lít SJ-XP352AE-DS",1
67826,XP322AEDS,"Tủ lạnh Sharp Inverter 300 lít SJ-XP322AE-DS",1
67828,XP322AESL,"Tủ lạnh Sharp Inverter 300 lít SJ-XP322AE-SL",1
67829,RT234WE-PMV(52),"Tủ lạnh Toshiba Inverter 180 lít GR-RT234WE-PMV(52)",1
67849,RT252WE-PMV(52),"Tủ lạnh Toshiba Inverter 194 lít GR-RT252WE-PMV(52)",1
67870,"WT 75NG1","Máy giặt Casper 7.5 kg WT-75NG1",0
67889,"WT 85NG1","Máy giặt Casper 8.5 kg WT-85NG1",1
67906,"WF 8VG1","Máy giặt Casper Inverter 8 kg WF-8VG1",0
67923,"WF 9VG1","Máy giặt Casper Inverter 9 kg WF-9VG1",1
67942,"WT 8NG2","Máy giặt Casper 8 kg WT-8NG2",1
67943,86UR811C,"Smart Tivi LG 4K 86 inch 86UR811C0SB",0
67974,X257BG,"Tủ lạnh LG Inverter 635 Lít Side By Side InstaView Door-in-Door GR-X257BG",1
67998,X257BL,"Tủ lạnh LG Inverter 635 Lít Side By Side InstaView Door-in-Door GR-X257BL",1
68026,SMS4ECI26E,"Máy rửa bát độc lập Bosch SMS4ECI26E",1
68034,SMV4HVX31E,"Máy Rửa Bát Âm Tủ Bosch SMV4HVX31E",1
68045,SMI4HCS48E,"Máy rửa bát âm tủ Bosch SMI4HCS48E",1
68072,55X90L,"Google Tivi Sony 4K 55 inch XR-55X90L",0
68073,65X95L,"Google Tivi MiniLED Sony 4K 65 inch XR-65X95L",1
68101,75X95L,"Google Tivi MiniLED Sony 4K 75 inch XR-75X95L",0
68102,85X95L,"Google Tivi MiniLED Sony 4K 85 inch XR-85X95L",0
68103,65S95CA,"Smart Tivi OLED Samsung 4K 65 inch QA65S95CA",0
68104,77S90C,"Smart Tivi OLED Samsung 4K 77 inch QA77S90CA",0
68105,86UR8050,"Smart Tivi LG 4K 86 inch 86UR8050PSB",1
68106,75UR8050,"Smart Tivi LG 4K 75 inch 75UR8050PSB",0
68107,43UQ7050,"Smart Tivi LG 4K 43 inch 43UQ7050PSA",0
68117,50UQ7050,"Smart Tivi LG 4K 50 inch 50UQ7050PSA",1
68118,55UQ7050,"Smart Tivi LG 4K 55 inch 55UQ7050PSA",0
68119,55UQ752,"Smart Tivi LG 4K 55 inch UHD 55UQ752C0SF",0
68120,65UQ752,"Smart Tivi LG 4K 65 inch UHD 65UQ752C0SF",0
68121,FR105JT.BK,"Máy giặt Aqua 10.5 kg AQW-FR105JT BK",1
68144,B332BG,"Tủ lạnh LG Inverter 335 lít GN-B332BG",0
68163,B392BG,"Tủ lạnh LG Inverter 395 lít GN-B392BG",0
68177,X417WDDG,"Tủ lạnh Sharp Inverter 417 lít SJ-X417WD-DG",1
68186,RT31CG5424S9,"Tủ lạnh Samsung Inverter 305 lít RT31CG5424S9",1
68197,RS460PG,"Tủ lạnh Casper Inverter 458 lít Side By Side RS-460PG",0
68221,"55S3U Pro","Smart Tivi Coocaa 4K 55 Inch 55S3U Pro",0
68222,65Y72,"Tivi Coocaa 65 Inch 65Y72 4K",0
68223,70C9,"Google Tivi Coocaa 70C9 4K 70 inch",0
68232,75C9,"Google Tivi Coocaa 75C9 4K 75 inch",0
68235,L32S66A,"Android Tivi TCL 32 inch L32S66A",0
68253,55C745,"Google Tivi QLED TCL 4K 55 inch 55C745",1
68280,65C745,"Google Tivi QLED TCL 4K 65 inch 65C745",0
68282,65P638,"Google Tivi TCL 4K 65 inch 65P638",0
68283,75P737,"Google Tivi TCL 4K 75 inch 75P737",0
68300,75T66,"Google Tivi TCL 4K 75 inch 75T66",0
68301,65C845,"Google Tivi MiniLed QLED TCL 4K 65 inch 65C845",0
68331,75C845,"Google Tivi MiniLed QLED TCL 4K 75 inch 75C845",0
68333,75C645,"Google Tivi TCL QLED 4K 75 Inch 75C645",1
68334,85C645,"Google Tivi TCL QLED 4K 85 Inch 85C645",0
68336,43Q646,"Google Tivi QLED TCL 4K 43 inch 43Q646",0
68350,50Q646,"Google Tivi QLED TCL 4K 50 inch 50Q646",0
68351,55Q646,"Google Tivi QLED TCL 4K 55 inch 55Q646",0
68352,65Q646,"Google Tivi QLED TCL 4K 65 inch 65Q646",0
68353,PF120J,"Máy lọc không khí Hitachi EP-PF120J 240",1
68370,954HVOW,"Máy giặt Hitachi Inverter 9.5 kg BD-954HVOW",0
68386,"AW - L805AV (SG)","Máy giặt Toshiba 7 Kg AW-L805AV (SG)",0
68407,"TW - T21BU105UWV (MG)","Máy giặt Toshiba Inverter 9.5 kg TW-T21BU105UWV(MG)",1
68424,"TW - T21BU110UWV (MG)","Máy giặt Toshiba Inverter 10 kg TW-T21BU110UWV(MG)",0
68428,"TW - T21BU115UWV (MG)","Máy giặt Toshiba Inverter 10,5 kg TW-T21BU115UWV(MG)",0
68436,M1100JV,"Máy giặt Toshiba 10 kg AW-M1100JV(MK)",1
68437,H1000J.PS,"Máy sấy bơm nhiệt Aqua 10 kg AQH-H1000J PS",1
68438,50QNED80SRA,"Smart Tivi QNED LG 4K 50 inch 50QNED80SRA",1
68439,75X77L,"Google Tivi Sony 4K 75 inch KD-75X77L",0
68475,FR110JT.BK,"Máy giặt Aqua Inverter 11 kg AQW-FR110JT.BK",1
68486,DR160UHT.PS,"Máy giặt Aqua Inverter 16 kg AQW-DR160UHT PS",1
68499,DR180UHT.PS,"Máy giặt Aqua Inverter 18 kg AQW-DR180UHT PS",1
68500,DR130UHT.SS,"Máy giặt Aqua Inverter 13 kg AQW-FR130UHT SS",0
68501,DR140UHT.SS,"Máy giặt Aqua Inverter 14 kg AQW-FR140UHT SS",0
68513,A852J.BK,"Máy giặt Aqua Inverter 8.5 kg AQD-A852J BK",1
68541,A1500H.PS,"Máy giặt Aqua Inverter 15 kg AQD-A1500H PS",1
68559,DV90BB9440GH,"Máy sấy bơm nhiệt Samsung Bespoke AI 9 kg DV90BB9440GH/SV",0
68602,"HPF AN6352 / HCF 666S1N2","Tủ đông Hòa Phát 352 lít HPF AN6352 / HCF 666S1N2",1
68605,"HPF BD6205 / HCF 506S2N2","Tủ đông Hòa Phát 205 Lít HPF BD6205 / HCF 506S2N2",1
68624,"HPF BN6245 / HCF 606S2N2","Tủ đông Hòa Phát 245 Lít HPF BN6245 / HCF 606S2N2",1
68644,"HPF BN6271 / HCF 656S2N2","Tủ đông Hòa Phát 271 Lít HPF BN6271 / HCF 656S2N2",1
69225,WY720ZMMV,"Tủ lạnh Panasonic Inverter 650 lít Multi Door NR-WY720ZMMV",0
69245,DV17B9750CV,"Máy sấy bơm nhiệt Samsung Bespoke AI 17 kg DV17B9750CV/SV",0
69267,"X2 OMNI","Robot hút bụi lau nhà Ecovacs Deebot X2 Omni",1
69292,"X1 OMNI","Robot hút bụi lau nhà Ecovacs Deebot X1 OMNI",1
69306,"T20 OMNI","Robot hút bụi lau nhà Ecovacs Deebot T20 Omni",1
69338,"T10 OMNI","Robot hút bụi lau nhà Ecovacs T10 OMNI",1
69381,"T10 TURBO","Robot hút bụi lau nhà Ecovacs T10 Turbo",1
69426,T10,"Robot hút bụi lau nhà Ecovacs T10",1
69458,T9,"Robot hút bụi lau nhà Ecovacs Deebot T9",1
69483,N10,"Robot hút bụi lau nhà Ecovacs Deebot N10 DBX41",1
69529,50V8,"Google Tivi Coocaa 4K 50 inch 50V8",1
69541,65V8,"Google Tivi Coocaa 4K 65 inch 65V8",0
69543,100A5D,"Google Tivi Coocaa QLED 4K 100 Inch 100A5D",0
69555,WA10CG5745BD,"Máy giặt Samsung Ecobubble Inverter 10.5 kg WA10CG5745BDSV",0
69574,WW11CB944DGB,"Máy giặt Samsung Inverter 11 kg WW11CB944DGBSV",0
69587,WW11CGP44DSH,"Máy giặt Samsung AI Ecobubble Inverter 11 kg WW11CGP44DSHSV",1
69603,WW12CB944DGB,"Máy giặt Samsung Inverter 12 kg WW12CB944DGBSV",1
69621,WW12CGP44DSH,"Máy giặt Samsung AI Ecobubble Inverter 12 kg WW12CGP44DSHSV",0
69638,WD12TP34DSX,"Máy giặt sấy Samsung Inverter giặt 12 kg - sấy 8 kg WD12TP34DSX/SV",0
69657,WD12BB944DGH,"Máy giặt sấy Samsung Bespoke AI Inverter giặt 12 kg - sấy 8 kg WD12BB944DGHSV",0
69681,WD14BB944DGM,"Máy giặt sấy Samsung Bespoke AI Inverter giặt 14 kg - sấy 8 kg WD14BB944DGMSV",1
69701,WD21B6400KV,"Máy giặt sấy Samsung Bespoke AI Inverter giặt 21 kg - sấy 12 kg WD21B6400KV/SV",0
69723,WF24B9600KV,"Máy giặt Samsung Bespoke AI Inverter 24 kg WF24B9600KV/SV",0
69743,FV1410D4M1,"Máy giặt sấy LG Inverter giặt 10 kg - sấy 6 kg FV1410D4M1",0
69764,FV1412H3BA,"Máy giặt sấy LG Inverter giặt 12 kg - sấy 7 kg FV1412H3BA",1
69788,WT1410NHE,"Tháp giặt sấy LG WashTower Inverter giặt 14 kg - sấy 10 kg WT1410NHE",1
69821,"CMU BC1","WebCam 1080P Sony Bravia CMU-BC1",1
69829,EWF1025DQWB,"Máy giặt Electrolux Inverter 10 kg EWF1025DQWB",1
69849,"DUK1300KV MK","Máy giặt Toshiba Inverter 12 kg AW-DUK1300KV (MK)",1
69866,"AW - DUM1400LV MK","Máy giặt Toshiba Inverter 13 kg AW-DUM1400LV (MK)",1
69885,"TW - BK105G4V MG","Máy giặt Toshiba Inverter 9.5 Kg TW-BK105G4V(MG)",1
69909,"TD - BK110GHV MK","Máy sấy bơm nhiệt Toshiba 10 kg TD-BK110GHV(MK)",0
69930,RF669WI-PGV(A9)-BG,"Tủ lạnh Toshiba Inverter 515 lít Multi Door GR-RF669WI-PGV(A9)-BG",1
69954,RT303WE-PMV(52),"Tủ lạnh Toshiba Inverter 233 lít GR-RT303WE-PMV(52)",1
69975,RT329WE-PMV(52),"Tủ lạnh Toshiba Inverter 253 lít GR-RT329WE-PMV(52)",1
69978,RT416WE-PMV(58)-MM,"Tủ lạnh Toshiba Inverter 312 lít GR-RT416WE-PMV(58)-MM",1
70001,RT468WE-PMV(58)-MM,"Tủ lạnh Toshiba Inverter 338 lít GR-RT468WE-PMV(58)-MM",1
70024,RT535WEA-PMV(06)-MG,"Tủ lạnh Toshiba Inverter 409 lít GR-RT535WEA-PMV(06)-MG",1
70053,RS755WIA-PGV(22)-XK,"Tủ lạnh Toshiba Inverter 568 lít Side By Side GR-RS755WIA-PGV(22)-XK",1
70083,M536XA.GB,"Tủ lạnh Aqua Inverter 469 lít Multi Door AQR-M536XA(GB)",1
70115,M536XA.SL,"Tủ lạnh Aqua Inverter 469 lít Multi Door AQR-M536XA(SL)",1
70133,SC9S,"Bộ loa thanh LG SC9S 400W",0
70149,"A9N MAX","Máy hút bụi lau nhà LG A9N-Max",1
70170,43QNED75SRA,"Smart Tivi QNED LG 4K 43 inch 43QNED75SRA",0
70189,50QNED75SRA,"Smart Tivi QNED LG 4K 50 inch 50QNED75SRA",0
70191,55QNED75SRA,"Smart Tivi QNED LG 4K 55 inch 55QNED75SRA",0
70193,65QNED75SRA,"Smart Tivi QNED LG 4K 65 inch 65QNED75SRA",0
70196,75QNED75SRA,"Smart Tivi QNED LG 4K 75 inch 75QNED75SRA",0
70198,V10WIN1,"Điều hoà LG Inverter 1 HP V10WIN1",1
70210,V13WIN1,"Điều hoà LG Inverter 1.5 HP V13WIN1",0
70211,V18WIN1,"Điều hoà LG Inverter 2 HP V18WIN1",1
70213,V24WIN1,"Điều hoà LG Inverter 2.5 HP V24WIN1",0
70215,FTV35BXV1V9,"Điều hòa Daikin 1,5 HP FTV35BXV1V9",0
70216,FTKB25XVMV,"Điều hoà Daikin Inverter 1 HP FTKB25XVMV",0
70223,FTKB35XVMV,"Điều hoà Daikin Inverter 1,5 HP FTKB35XVMV",0
70224,FTKC25UAVMV,"Điều hoà Daikin Inverter 1 HP FTKC25UAVMV",0
70234,VK8320GHAUQ,"Máy hút bụi dạng hộp LG VK8320GHAUQ",1
70257,WT2517NHEG,"Tháp giặt sấy LG Inverter giặt 25 kg - sấy 17 kg WT2517NHEG",1
70269,HRSN9552DDXVN,"Tủ lạnh Hitachi Inverter 525 lít HRSN9552DDXVN",0
70276,HRTN5230FUVN,"Tủ lạnh Hitachi Inverter 210 lít HRTN5230MUVN",1
70283,HRTN5255MFUVN,"Tủ lạnh Hitachi Inverter 240 lít HRTN5255MFUVN",1
70289,HRTN5275MFUVN,"Tủ lạnh Hitachi Inverter 260 lít HRTN5275MFUVN",1
70291,D22MBI,"Tủ lạnh LG Inverter 494 lít Multi Door GR-D22MBI",0
70297,TL381GVKV,"Tủ lạnh Panasonic Inverter 366 lít NR-TL381GVKV",1
70318,RF665WIA-PGV(22)-XK,"Tủ lạnh Toshiba Inverter 515 lít GR-RF665WIA-PGV(22)-XK",1
70336,RF670WI-PGV(A9)-BG,"Tủ lạnh Toshiba Inverter 515 lít Multi Door GR-RF670WI-PGV(A9)-BG",0
70359,RF677WI-PGV(22)-XK,"Tủ lạnh Toshiba Inverter 515 lít GR-RF677WI-PGV(22)-XK",1
70379,RT559WE-PMV(58)-MM,"Tủ lạnh Toshiba Inverter 411 lít GR-RT559WE-PMV(58)-MM",1
70397,RF611WI-PGV(22)-XK,"Tủ lạnh Toshiba Inverter 474 lít Multi Door GR-RF611WI-PGV(22)-XK",1
70434,M466XA.CBC,"Tủ lạnh Aqua Inverter 410 lít Multi Door AQR-M466XA(CBC)",1
70452,M466XA.GB,"Tủ lạnh Aqua Inverter 410 lít AQR-M466XA(GB)",1
70463,M532XA.CBC,"Tủ lạnh Aqua Inverter 469 lít AQR-M532XA(CBC)",1
70470,M552XA.CBC,"Tủ lạnh Aqua Inverter 490 lít AQR-M552XA(CBC)",1
70471,M612XA.CBC,"Tủ lạnh Aqua Inverter 550 lít AQR-M612XA(CBC)",1
70472,43NANO81TSA,"Smart Tivi NanoCell LG 4K 43 inch 43NANO81TSA",0
70478,50NANO81TSA,"Smart Tivi NanoCell LG 4K 50 inch 50NANO81TSA",0
70479,55NANO81TSA,"Smart Tivi NanoCell LG 4K 55 inch 55NANO81TSA",1
70480,65NANO81TSA,"Smart Tivi NanoCell LG 4K 65 inch 65NANO81TSA",0
70481,75NANO81TSA,"Smart Tivi NanoCell LG 4K 75 inch 75NANO81TSA",1
70482,86NANO81TSA,"Smart Tivi NanoCell LG 4K 86 inch 86NANO81TSA",1
70483,43UT8050,"Smart Tivi LG 4K 43 inch 43UT8050PSB",0
70489,50UT8050,"Smart Tivi LG 4K 50 inch 50UT8050PSB",0
70490,55UT8050,"Smart Tivi LG 4K 55 inch 55UT8050PSB",0
70491,65UT8050,"Smart Tivi LG 4K 65 inch 65UT8050PSB",0
70492,75UT8050,"Smart Tivi LG 4K 75 inch 75UT8050PSB",0
70493,86UT8050,"Smart Tivi LG 4K 86 inch 86UT8050PSB",0
70494,43QNED80TSA,"Smart Tivi QNED LG 4K 43 inch 43QNED80TSA",1
70500,50QNED80TSA,"Smart Tivi QNED LG 4K 50 inch 50QNED80TSA",1
70501,55QNED80TSA,"Smart Tivi QNED LG 4K 55 inch 55QNED80TSA",1
70503,65QNED80TSA,"Smart Tivi QNED LG 4K 65 inch 65QNED80TSA",0
70505,75QNED80TSA,"Smart Tivi QNED LG 4K 75 inch 75QNED80TSA",1
70506,86QNED80TSA,"Smart Tivi QNED LG 4K 86 inch 86QNED80TSA",1
70507,55QNED86TSA,"Smart Tivi QNED LG 4K 55 inch 55QNED86TSA",1
70513,65QNED86TSA,"Smart Tivi QNED LG 4K 65 inch 65QNED86TSA",1
70514,75QNED86TSA,"Smart Tivi QNED LG 4K 75 inch 75QNED86TSA",1
70515,86QNED86TSA,"Smart Tivi QNED LG 4K 86 inch 86QNED86TSA",0
70517,75QNED91TSA,"Smart Tivi QNED LG 4K 75 inch 75QNED91TSA",1
70523,86QNED91TSA,"Smart Tivi QNED LG 4K 86 inch 86QNED91TSA",1
70524,48B4,"Smart Tivi OLED LG 4K 48 inch 48B4PSA",1
70533,55B4,"Smart Tivi OLED LG 4K 55 inch 55B4PSA",1
70534,65B4,"Smart Tivi OLED LG 4K 65 inch 65B4PSA",1
70535,48C4,"Smart Tivi OLED LG 4K 48 inch 48C4PSA",1
70544,55C4,"Smart Tivi OLED LG 4K 55 inch 55C4PSA",0
70545,65C4,"Smart Tivi OLED LG 4K 65 inch 65C4PSA",1
70546,77C4,"Smart Tivi OLED LG 4K 77 inch 77C4PSA",0
70547,83C4,"Smart Tivi OLED LG 4K 83 inch 83C4PSA",0
70549,55G4,"Smart Tivi OLED LG 4K 55 inch 55G4PSA",1
70555,65G4,"Smart Tivi OLED LG 4K 65 inch 65G4PSA",0
70556,97G4,"Smart Tivi OLED LG 4K 97 inch 97G4PSA",0
70559,43DU7000,"Smart Tivi Samsung 4K 43 inch 43DU7000 Crystal UHD",1
70566,50DU7000,"Smart Tivi Samsung 4K 50 inch 50DU7000 Crystal UHD",0
70567,55DU7000,"Smart Tivi Samsung 4K 55 inch 55DU7000 Crystal UHD",0
70568,65DU7000,"Smart Tivi Samsung 4K 65 inch 65DU7000 Crystal UHD",0
70569,75DU7000,"Smart Tivi Samsung 4K 75 inch 75DU7000 Crystal UHD",0
70570,43DU7700,"Smart Tivi Samsung 4K 43 inch 43DU7700 Crystal UHD",1
70571,50DU7700,"Smart Tivi Samsung 4K 50 inch 50DU7700 Crystal UHD",1
70572,55DU7700,"Smart Tivi Samsung 4K 55 inch 55DU7700 Crystal UHD",1
70573,65DU7700,"Smart Tivi Samsung 4K 65 inch 65DU7700 Crystal UHD",1
70574,75DU7700,"Smart Tivi Samsung 4K 75 inch 75DU7700 Crystal UHD",0
70575,85DU7700,"Smart Tivi Samsung 4K 85 inch 85DU7700 Crystal UHD",0
70576,43DU8000,"Smart Tivi Samsung 4K 43 inch UA43DU8000",0
70583,50DU8000,"Smart Tivi Samsung 4K 50 inch UA50DU8000",1
70584,55DU8000,"Smart Tivi Samsung 4K 55 inch UA55DU8000",1
70585,65DU8000,"Smart Tivi Samsung 4K 65 inch UA65DU8000",1
70586,75DU8000,"Smart Tivi Samsung 4K 75 inch UA75DU8000",1
70587,85DU8000,"Smart Tivi Samsung 4K 85 inch UA85DU8000",1
70596,98DU9000,"Smart Tivi Samsung 4K Crystal UHD 98 inch UA98DU9000",1
70603,50LS03D,"Smart Tivi Khung Tranh The Frame QLED Samsung 4K 50 inch QA50LS03D",0
70620,55LS03D,"Smart Tivi Khung Tranh The Frame QLED Samsung 4K 55 inch QA55LS03D",1
70621,65LS03D,"Smart Tivi Khung Tranh The Frame QLED Samsung 4K 65 inch QA65LS03D",1
70622,75LS03D,"Smart Tivi Khung Tranh The Frame QLED Samsung 4K 75 inch QA75LS03D",1
70623,43Q60DA,"Smart Tivi QLED Samsung 4K 43 Inch QA43Q60D",0
70631,50Q60DA,"Smart Tivi QLED Samsung 4K 50 Inch QA50Q60D",1
70632,55Q60DA,"Smart Tivi QLED Samsung 4K 55 Inch QA55Q60D",1
70633,65Q60DA,"Smart Tivi QLED Samsung 4K 65 Inch QA65Q60D",1
70634,75Q60DA,"Smart Tivi QLED Samsung 4K 75 Inch QA75Q60D",1
70635,85Q60DA,"Smart Tivi QLED Samsung 4K 85 Inch QA85Q60D",1
70636,55Q70DA,"Smart Tivi QLED Samsung 4K 55 inch QA55Q70D",0
70643,65Q70DA,"Smart Tivi QLED Samsung 4K 65 inch QA65Q70D",1
70644,75Q70DA,"Smart Tivi QLED Samsung 4K 75 inch QA75Q70D",1
70645,85Q70DA,"Smart Tivi QLED Samsung 4K 85 inch QA85Q70D",1
70646,55Q80DA,"Smart Tivi QLED Samsung 4K 55 inch QA55Q80D",1
70652,65Q80DA,"Smart Tivi QLED Samsung 4K 65 inch QA65Q80D",1
70653,75Q80DA,"Smart Tivi QLED Samsung 4K 75 inch QA75Q80D",0
70654,85Q80DA,"Smart Tivi QLED Samsung 4K 85 inch QA85Q80D",0
70655,65QN800D,"Smart Tivi Neo QLED Samsung 8K 65 inch QA65QN800D",0
70663,55QN85D,"Smart Tivi Neo QLED Samsung 4K 55 inch QA55QN85D",1
70669,65QN85D,"Smart Tivi Neo QLED Samsung 4K 65 inch QA65QN85D",0
70671,75QN85D,"Smart Tivi Neo QLED Samsung 4K 75 inch QA75QN85D",1
70672,85QN85D,"Smart Tivi Neo QLED Samsung 4K 85 inch QA85QN85D",1
70673,55S90DA,"Smart Tivi OLED Samsung 4K 55 inch QA55S90D",1
70679,65S90DA,"Smart Tivi OLED Samsung 4K 65 inch QA65S90D",1
70680,65S95DA,"Smart Tivi OLED Samsung 4K 65 inch QA65S95D",0
70686,77S95DA,"Smart Tivi OLED Samsung 4K 77 inch QA77S95D",0
70687,50QN90DA,"Smart Tivi Neo QLED Samsung 4K 50 inch QA50QN90D",0
70693,55QN90DA,"Smart Tivi Neo QLED Samsung 4K 55 inch QA55QN90D",0
70694,65QN90DA,"Smart Tivi Neo QLED Samsung 4K 65 inch QA65QN90D",0
70695,75QN90DA,"Smart Tivi Neo QLED Samsung 4K 75 inch QA75QN90D",1
70696,85QN90DA,"Smart Tivi Neo QLED Samsung 4K 85 inch QA85QN90D",0
70697,98QN90DA,"Smart Tivi Neo QLED Samsung 4K 98 inch QA98QN90D",0
70698,85QN900D,"Smart Tivi Neo QLED Samsung 8K 85 inch QA85QN900D",0
70716,43DU8500,"Smart Tivi Samsung 4K 43 inch UA43DU8500",1
70722,50DU8500,"Smart Tivi Samsung 4K 50 inch UA50DU8500",1
70724,55DU8500,"Smart Tivi Samsung 4K 55 inch UA55DU8500",1
70725,65DU8500,"Smart Tivi Samsung 4K 65 inch UA65DU8500",1
70726,75DU8500,"Smart Tivi Samsung 4K 75 inch UA75DU8500",1
70727,LFB61BLGAI,"Tủ lạnh LG Inverter 617 lít Multi Door InstaView LFB61BLGAI",1
70737,LBD33BLM,"Tủ lạnh LG Inverter 332 lít LBD33BLM",1
70752,RS57DG400EM9,"Tủ lạnh Samsung Inverter 583 lít Side By Side RS57DG400EM9SV",1
70762,83M4,"Smart Tivi OLED LG 4K 83 inch 83M4PSA",0
70769,65M4,"Smart Tivi OLED LG 4K 65 inch 65M4PSA",0
70782,65UT7350,"Smart Tivi LG 4K 65 inch 65UT7350PSB",0
70795,98QNED89TSA,"Smart Tivi QNED LG 4K 98 inch 98QNED89TSA",0
70802,WW12CGC04DAB,"Máy giặt Samsung Inverter 12 kg WW12CGC04DABSV",1
70812,WW14BB944DGH,"Máy giặt Samsung Bespoke AI Inverter 14 kg WW14BB944DGHSV",1
70822,WW14BB944DGB,"Máy giặt Samsung Bespoke AI Inverter 14 kg WW14BB944DGBSV",1
70832,ES-W10NV-GY,"Máy giặt Sharp 10 kg ES-W10NV-GY",0
70843,ES-FH105BV-B,"Máy giặt Sharp Inverter 10.5 kg ES-FH105BV-B",0
70852,B50BL,"Tủ lạnh LG Inverter 470 lít Multi Door GR-B50BL",1
70866,G257BL,"Tủ lạnh LG Inverter 635 lít Side By Side InstaView GR-G257BL",1
70870,G257SV,"Tủ lạnh LG Inverter 635 lít Side By Side InstaView GR-G257SV",1
70874,LFB66BLMI,"Tủ lạnh LG Inverter 666 lít Multi Door InstaView LFB66BLMI",1
70887,LFI50BLMAI,"Tủ lạnh LG Inverter 508 lít Multi Door InstaView LFI50BLMAI",1
70902,LTD46BLMA,"Tủ lạnh LG Inverter 459 lít LTD46BLMA",1
70912,LTD46SVMA,"Tủ lạnh LG Inverter 459 lít LTD46SVMA",1
70935,"WT 9NB3","Máy giặt Casper 9 kg WT-9NB3",1
70942,"WT 10NB3","Máy giặt Casper 10 kg WT-10NB3",1
70945,"WF 95VG5","Máy giặt Casper Inverter 9.5 kg WF-95VG5",1
70950,"WF 105VG5","Máy giặt Casper Inverter 10.5 kg WF-105VG5",1
70952,RS460PBW,"Tủ lạnh Casper Inverter 458 lít RS-460PBW",1
70958,RM430PB,"Tủ lạnh Casper Inverter 430 lít Multi Door RM-430PB",1
70971,EDH803J5SC,"Máy sấy bơm nhiệt Electrolux UltimateCare 8 kg EDH803J5SC",1
70979,EDH902R9SC,"Máy sấy bơm nhiệt Electrolux UltimateCare 9 kg EDH902R9SC",1
70987,EDH803J5WC,"Máy sấy bơm nhiệt Electrolux UltimateCare 8 kg EDH803J5WC",0
70994,LDT14BLA4,"Máy rửa bát độc lập LG LDT14BLA4",1
71016,LDT14BGA3,"Máy rửa bát độc lập LG LDT14BGA3",1
71040,EDV804H3WC,"Máy sấy thông hơi Electrolux UltimateCare 8 kg EDV804H3WC",1
71047,EDV904H3WC,"Máy sấy thông hơi Electrolux UltimateCare 9 kg EDV904H3WC",1
71049,EDV904N3SC,"Máy sấy thông hơi Electrolux UltimateCare 9 kg EDV904N3SC",1
71055,EDS904H3WC,"Máy sấy thông hơi Electrolux UltimateCare 9 kg EDS904H3WC",1
71061,EDS904N3SC,"Máy sấy thông hơi Electrolux UltimateCare 9 kg EDS904N3SC",1
71075,EDH903R7WC,"Máy sấy bơm nhiệt Electrolux UltimateCare 9 kg EDH903R7WC",1
71083,EDH903R7SC,"Máy sấy bơm nhiệt Electrolux UltimateCare 9 kg EDH903R7SC",1
71089,DVHP50W,"Máy sấy bơm nhiệt LG 10.5 kg DVHP50W",1
71101,DVHP50M,"Máy sấy bơm nhiệt LG 10.5 kg DVHP50M",1
71115,EWF9023P5WC,"Máy giặt Electrolux UltimateCare 500 Inverter 9 kg EWF9023P5WC",1
71124,EWF9023P5SC,"Máy giặt Electrolux UltimateCare 500 Inverter 9 kg EWF9023P5SC",1
71133,EWF1023P5SC,"Máy giặt Electrolux UltimateCare 500 Inverter 10 kg EWF1023P5SC",1
71135,EWF1023P5WC,"Máy giặt Electrolux UltimateCare 500 Inverter 10 kg EWF1023P5WC",1
71144,EWF1024D3WC,"Máy giặt Electrolux UltimateCare 300 Inverter 10 kg EWF1024D3WC",1
71153,EWF1024D3SC,"Máy giặt Electrolux UltimateCare 300 Inverter 10 kg EWF1024D3SC",1
71161,EWF1043R7WC,"Máy giặt Electrolux UltimateCare 700 Inverter 10 kg EWF1043R7WC",1
71170,EWF1043R7SC,"Máy giặt Electrolux UltimateCare 700 Inverter 10 kg EWF1043R7SC",1
71179,EWF1143R7WC,"Máy giặt Electrolux UltimateCare 700 Inverter 11 kg EWF1143R7WC",1
71189,EWF1143R7SC,"Máy giặt Electrolux UltimateCare 700 Inverter 11 kg EWF1143R7SC",1
71198,EWF1343R7WC,"Máy giặt Electrolux UltimateCare 700 Inverter 13 kg EWF1343R7WC",1
71216,EWW9024P3WC,"Máy giặt sấy Electrolux UltimateCare 300 Inverter giặt 9 kg - sấy 6 kg EWW9024P3WC",1
71226,EWW1023P5SC,"Máy giặt sấy Electrolux UltimateCare 500 Inverter giặt 10 kg - sấy 7 kg EWW1023P5SC",1
71235,EWW1123P5WC,"Máy giặt sấy Electrolux UltimateCare 500 Inverter giặt 11 kg - sấy 7 kg EWW1123P5WC",1
71244,EWW1143R7SC,"Máy giặt sấy Electrolux UltimateCare 700 Inverter giặt 11 kg - sấy 7 kg EWW1143R7SC",1
71256,50S30,"Google Tivi Sony 4K 50 inch K-50S30",1
71268,43S30,"Google Tivi Sony 4K 43 inch K-43S30",1
71277,55S30,"Google Tivi Sony 4K 55 inch K-55S30",1
71286,65S30,"Google Tivi Sony 4K 65 inch K-65S30",1
71297,75S30,"Google Tivi Sony 4K 75 inch K-75S30",1
71306,85S30,"Google Tivi Sony 4K 85 inch K-85S30",1
71316,65XR70,"Google Tivi QLED Mini LED Sony 4K 65 inch K-65XR70",1
71326,75XR70,"Google Tivi QLED Mini LED Sony 4K 75 inch K-75XR70",0
71339,55XR80,"Google Tivi OLED Sony 4K 55 inch K-55XR80",1
71349,65XR80,"Google Tivi OLED Sony 4K 65 inch K-65XR80",0
71359,75XR90,"Google Tivi QLED Mini LED Sony 4K 75 inch K-75XR90",1
71370,85XR90,"Google Tivi QLED Mini LED Sony 4K 85 inch K-85XR90",1
71383,43P79B,"Google TV TCL 4K 43 inch 43P79B",0
71401,50P79B,"Google TV TCL 4K 50 inch 50P79B",0
71414,"55P79B Pro","Google TV TCL 4K 55 inch 55P79B Pro",1
71428,"65P79B Pro","Google TV TCL 4K 65 inch 65P79B Pro",0
71442,"75P79B Pro","Google TV TCL 4K 75 inch 75P79B Pro",0
71457,43C69B,"Google Tivi QLED TCL 4K 43 inch 43C69B",1
71470,50C655,"Google Tivi TCL QLED 4K 50 Inch 50C655",0
71472,55C69B,"Google Tivi QLED TCL 4K 55 inch 55C69B",1
71488,65C69B,"Google Tivi QLED TCL 4K 65 inch 65C69B",1
71502,75C69B,"Google Tivi QLED TCL 4K 75 inch 75C69B",1
71516,85C69B,"Google Tivi QLED TCL 4K 85 inch 85C69B",1
71530,98C69B,"Google Tivi QLED TCL 4K 98 inch 98C69B",1
71545,55Q636,"Google Tivi QLED TCL 4K 55 inch 55Q636",0
71547,85X90L,"Google Tivi Sony 4K 85 inch XR-85X90L",0
71552,43CU8500,"Smart Tivi Samsung 43 inch Crystal UHD 4K 43CU8500",0
71559,S90CT.S,"Máy giặt Aqua 9 kg AQW-S90CT S",1
71574,55C655,"Google Tivi TCL QLED 4K 55 Inch 55C655",1
71575,65C655,"Google Tivi TCL QLED 4K 65 Inch 65C655",0
71577,98C655,"Google Tivi TCL QLED 4K 98 Inch 98C655",1
71578,L43MA-AFSEA,"Google Tivi Xiaomi A 43 inch L43MA-AFSEA",1
71585,L55MA-ASEA,"Google Tivi Xiaomi A 4K 55 inch L55MA-ASEA",1
71593,L43MA-SSEA,"Google Tivi Xiaomi A Pro 4K 43 inch L43MA-SSEA",0
71607,L55MA-SSEA,"Google Tivi Xiaomi A Pro 4K 55 inch L55MA-SSEA",1
71609,L65MA-SSEA,"Google Tivi Xiaomi A Pro 4K 65 inch L65MA-SSEA",0
71610,L86M8-ESSEA,"Smart Tivi Xiaomi 4K 86 inch L86M8-ESSEA",1
71616,98QN990C,"Smart Tivi Neo QLED 8K 98 inch Samsung QA98QN990C",1
71618,TV2519SV7J,"Máy giặt LG AI DD Inverter 19 kg TV2519SV7J",1
71630,TV2725SV9J,"Máy giặt LG AI DD Inverter 25 kg TV2725SV9J",0
71631,FB1209S6W,"Máy giặt LG Inverter 9 kg FB1209S6W",1
71651,EWF9025DQWB,"Máy giặt ELECTROLUX Inverter 9kg EWF9025DQWB",1
71664,B242WB,"Tủ lạnh LG Inverter 243 lít GV-B242WB",0
71674,T278FA.SC,"Tủ lạnh Aqua Inverter 228 lít AQR-T278FA(SC)",1
71678,T380FA.SL,"Tủ lạnh Aqua Inverter 328 lít AQR-T380FA(SL)",1
71696,T380FA.WGB,"Tủ lạnh Aqua Inverter 328 lít AQR-T380FA(WGB)",1
71703,T390FA.WGM,"Tủ lạnh Aqua Inverter 347 lít AQR-T390FA(WGM)",1
71722,T410FA.SL,"Tủ lạnh Aqua Inverter 358 lít AQR-T410FA(SL)",1
71740,T410FA.WGB,"Tủ lạnh Aqua Inverter 358 lít AQR-T410FA(WGB)",0
71747,B360MA.SLB,"Tủ lạnh Aqua Inverter 292 lít AQR-B360MA(SLB)",1
71755,B380MA.WGP,"Tủ lạnh Aqua Inverter 320 lít AQR-B380MA(WGP)",1
71761,B390MA.SLB,"Tủ lạnh Aqua Inverter 324 lít AQR-B390MA(SLB)",1
71771,S541XA.SG,"Tủ lạnh Aqua Inverter 541 lít AQR-S541XA(SG)",1
71778,M536XA.WGB,"Tủ lạnh Aqua Inverter 469 lít Multi Door AQR-M536XA(WGB)",1
71817,EWF1142R9SC,"Máy giặt Electrolux Inverter 11 kg EWF1142R9SC",1
71838,D60FA.BS,"Tủ lạnh Aqua 50 lít AQR-D60FA(BS)",1
71844,D100FA.BS,"Tủ lạnh Aqua 90 lít AQR-D100FA(BS)",1
71857,T260FA.FB,"Tủ lạnh Aqua Inverter 236 lít AQR-T260FA(FB)",1
71870,S612XA.CBC,"Tủ lạnh Aqua Inverter 550 lít Side By Side AQR-S612XA(CBC)",1
71884,S612XA.WCB,"Tủ lạnh Aqua Inverter 550 lít Side By Side AQR-S612XA(WCB)",1
71903,M727XA.GS,"Tủ lạnh Aqua Inverter 660 lít Multi Door AQR-M727XA(GS)U1",1
71921,M727XA.GB,"Tủ lạnh Aqua Inverter 660 lít Multi Door AQR-M727XA(GB)U1",1
71932,S682XA.SLB,"Tủ lạnh Aqua Inverter 646 lít AQR-S682XA(SLB)",1
71951,S682XA.BL,"Tủ lạnh Aqua Inverter 646 lít AQR-S682XA(BL)",1
71958,ES-Y100HV-S,"Máy giặt Sharp 10 kg ES-Y100HV-S",1
71966,X198VDG,"Tủ lạnh Sharp Inverter 181 lít SJ-X198V-DG",1
71982,X198VSL,"Tủ lạnh Sharp Inverter 181 lít SJ-X198V-SL",1
71997,X215VDG,"Tủ lạnh Sharp Inverter 197 lít SJ-X215V-DG",1
72015,X215VSL,"Tủ lạnh Sharp Inverter 197 lít SJ-X215V-SL",1
72022,X282AESL,"Tủ lạnh Sharp Inverter 253 lít SJ-X282AE-SL",1
72033,HWM-T685ABG,"Máy giặt lồng đứng Funiki 8.5kg HWM T685ABG",1
72047,HWM-T695ABG,"Máy giặt lồng đứng Funiki HWM T695ABG 9.5kg",1
72049,HWM-T6105ABG,"Máy giặt Funiki 10.5kg HWM T6105ABG",1
72051,HWM-F885ADG,"Máy giặt lồng ngang Funiki Inverter 8.5kg HWM F885ADG",1
72056,HWM-F895ADG,"Máy giặt lồng ngang Funiki Inverter 9.5kg HWM F895ADG",1
72058,HWM-F8105ADG,"Máy giặt lồng ngang Funiki HWM F8105ADG Inverter 10.5kg",1
72059,HWM-F8125ADG,"Máy giặt lồng ngang Funiki HWM F8125ADG Inverter 12.5kg",1
72113,3LWED4815FW0,"Máy sấy thông hơi Whirlpool 15 kg 3LWED4815FW0",0
72125,SC5MNR4G,"Tủ chăm sóc quần áo thông minh LG Styler Inverter 5 móc SC5MNR4G",1
72134,SC5GMR80H,"Tủ chăm sóc quần áo thông minh LG Styler Inverter 5 móc SC5GMR80H",1
72143,SC5MBR80H,"Tủ chăm sóc quần áo thông minh LG Styler Inverter 5 móc SC5MBR80H",1
72165,T2512VBTB,"Máy giặt LG TurboDrum Inverter 12 kg T2512VBTB",1
72178,T2514VBTB,"Máy giặt LG TurboDrum Inverter 14 kg T2514VBTB",0
72192,TV2515DV5J,"Máy giặt LG AI DD Inverter 15 kg TV2515DV5J",0
72203,TV2517SV7J,"Máy giặt LG AI DD Inverter 17 kg TV2517SV7J",1
72213,FV1410D4W1,"Máy giặt sấy LG Inverter FV1410D4W1 10/6kg",1
72227,FV1411D4B,"Máy giặt sấy LG Inverter giặt 11 kg - sấy 7 kg FV1411D4B",0
72239,WT1410NHEG,"Tháp giặt sấy LG WashTower Inverter giặt 14 kg - sấy 10 kg WT1410NHEG",1
72261,FD115W3BV,"Máy giặt Panasonic Inverter 11.5 kg NA-FD115W3BV",1
72272,FD135X3BV,"Máy giặt Panasonic Inverter 13.5 kg NA-FD135X3BV",1
72281,FD290CEBV,"Máy giặt Panasonic Inverter 14.5 kg NA-FD290CEBV",0
72283,V90FA1LVT,"Máy giặt Panasonic Inverter 9 kg NA-V90FA1LVT",1
72293,V10FA1LVT,"Máy giặt Panasonic Inverter 10 kg NA-V10FA1LVT",1
72297,T2109NT1G,"Máy Giặt LG 9 Kg T2109NT1G",1
72301,HR4N7522DSDXVN,"Tủ lạnh Hitachi Inverter 466 lít Multi Door HR4N7522DSDXVN",1
72328,HR4N7520DSWDXVN,"Tủ lạnh Hitachi Inverter 464 lít Multi Door HR4N7520DSWDXVN",1
72342,LTD33BLM,"Tủ lạnh LG Inverter 334 lít LTD33BLM",1
72354,LTD37BLM,"Tủ lạnh LG Inverter 374 lít LTD37BLM",1
72370,LFD61BLGA,"Tủ lạnh LG Inverter 607 lít Multi Door LFD61BLGA",1
72380,LFD61BLGAI,"Tủ lạnh LG Inverter 612 lít Multi Door InstaView LFD61BLGAI",1
72394,"T160FA BS","Tủ lạnh Aqua 130 lít AQR-T160FA(BS)",1
72401,"A952J BK","Máy giặt Aqua Inverter 9.5 kg AQD-A952J BK",0
72413,"A902J BK","Máy giặt Aqua Inverter 9 kg AQD-A902J.BK",1
72433,DW1000J.BK,"Máy giặt Aqua Inverter 10 kg AQD-DW1000J.BK",1
72445,DW1100J.BK,"Máy giặt Aqua Inverter 11 kg AQD-DW1100J BK",1
72453,"DR140UGT PS","Máy giặt Aqua Inverter 14 kg AQW-DR140UHT PS",1
72460,"AW - DUM1600LV (SG)","Máy giặt Toshiba Inverter 15 kg AW-DUM1600LV(SG)",0
72480,43v31MP,"Smart Tivi Toshiba 43 inch 43V31MP",0
72492,43E330NP,"Smart Tivi Toshiba 4K 43 inch 43E330NP",0
72503,43M450NP,"Smart Tivi QLED Toshiba 4K 43 inch 43M450NP",1
72514,50E330NP,"Smart Tivi Toshiba 4K 50 inch 50E330NP",0
72515,55E330NP,"Smart Tivi Toshiba 4K 55 inch 55E330NP",0
72516,55M450NP,"Smart Tivi QLED Toshiba 4K 55 inch 55M450NP",0
72518,65E330NP,"Smart Tivi Toshiba 4K 65 inch 65E330NP",1
72521,65M450NP,"Smart Tivi QLED Toshiba 4K 65 inch 65M450NP",0
72523,75C350NP,"Smart Tivi Toshiba 4K 75 inch 75C350NP",0
72528,"954HVOS DG","Máy giặt Hitachi Inverter 9.5 kg BD-954HVOS",1
72540,"1054HVOS DG","Máy giặt Hitachi Inverter 10.5 kg BD-1054HVOS",1
72543,"D852HVOS DG","Máy giặt sấy Hitachi Inverter giặt 8.5 kg - sấy 5 kg BD-D852HVOS",0
72558,"D1054HVOS DG","Máy giặt sấy Hitachi Inverter giặt 10.5 kg - sấy 7 kg BD-D1054HVOS",1
72561,"200ZHV GG","Máy giặt Hitachi Inverter 20 kg SF-200ZHV GG",1
72565,"250ZFVAD SS","Máy giặt Hitachi Inverter 25 kg SF-250ZFVAD SS",1
72578,"H0MVW0T GG","Máy giặt Hitachi Inverter 10.5 kg LTL H0MVW0T GG",1
72584,DR100JT.BK,"Máy giặt Aqua Inverter 10 kg AQW-DR100JT BK",0
72592,DR110JT.BK,"Máy giặt Aqua Inverter 11 kg AQW-DR110JT BK",1
72599,DR105JT.BK,"Máy giặt Aqua Inverter 10.5 kg AQW-DR105JT BK",1
72613,A1002J.BK,"Máy giặt Aqua Inverter 10kg AQD-A1002J.BK",1
72619,A1052J.BK,"Máy giặt Aqua Inverter 10.5 kg AQD-A1052J BK",1
72631,A1102J.BK,"Máy giặt Aqua Inverter 11 kg AQD-A1102J BK",1
72654,RF690WI-PGV(67),"Tủ lạnh Toshiba Inverter 533 lít Japandi Multi Door GR-RF690WI-PGV(67)",1
72675,RF695WI-PGV(67),"Tủ lạnh Toshiba Inverter 535 lít GR-RF695WI-PGV(67)",1
72679,RB405WEA-PMV(06)-MG,"Tủ lạnh Toshiba Inverter 321 lít GR-RB405WEA-PMV(06)-MG",1
72704,S82JT.BK,"Máy giặt lồng đứng 8.2kg Aqua AQW-S82JT.BK",1
72708,AH1500H.PS,"Máy giặt sấy Aqua Inverter giặt 15 kg - sấy 10 kg AQD-AH1500H PS",0
72718,EWW1343R7WC,"Máy giặt sấy Electrolux Inverter EWW1343R7WC 13/9kg",1
72728,F110A9BRV,"Máy giặt Panasonic 11 kg NA-F110A9BRV",1
72735,WA17CG6442BD,"Máy giặt Samsung Inverter 17 kg WA17CG6442BDSV",1
72749,WW12CGC04DABSV,"Máy giặt Samsung Inverter 12 kg WW12CGC04DABSV",1
72761,WD12DB7B85GB,"Máy giặt sấy Samsung Bespoke Inverter giặt 12 kg - sấy 7 kg WD12DB7B85GBSV",0
72770,55P755,"Google Tivi TCL 4K 55 Inch 55P755 Pro",1
72778,75P755,"Google Tivi TCL 4K 75 Inch 75P755 Pro",0
72779,75C655,"Google Tivi TCL QLED 4K 75 Inch 75C655",0
72780,RO95PG,"Tủ lạnh Casper 95 lít RO-95PG",1
72798,RS696WI-PMV(60)-AG,"Tủ lạnh Toshiba Inverter 555 lít Side By Side GR-RS696WI-PMV(60)-AG",1
72814,S700D,"Loa Thanh Samsung HW-S700D/XV 250W",0
72836,"HR T6147TDG","Tủ lạnh Funiki 147 lít HR T6147TDG",1
72843,"HR T6185TDG","Tủ lạnh Funiki 185 lít HR T6185TDG",1
72851,"HR T6209TDG","Tủ lạnh Funiki 209 lít HR T6209TDG",1
72864,"HR T8185TDG","Tủ lạnh Funiki Inverter 185 lít HR T8185TDG",1
72865,"HR S646GB","Tủ lạnh mini Funiki cánh kính HR S646GB 46 lít",1
72866,"HR T8209TDG","Tủ lạnh Funiki Inverter 209 lít HR T8209TDG",1
72868,"HR T8286GB","Tủ lạnh Funiki Inverter 286 lít  HR T8286GB",1
72883,S690GB,"Tủ lạnh mini Funiki cánh kính HR S690GB 90 lít",1
72891,LBB33BLM,"Tủ lạnh LG Inverter 335 lít LBB33BLM",1
72903,LBB33BLGA,"Tủ lạnh LG Inverter 335 lít LBB33BLGA",1
72914,LBB33BLMAI,"Tủ lạnh LG Inverter 340 lít InstaView LBB33BLMAI",1
72926,LBB33BGMAI,"Tủ lạnh LG Inverter 340 lít InstaView LBB33BGMAI",1
72937,LBD33BLMA,"Tủ lạnh LG Inverter 332 lít LBD33BLMA",1
72949,LSI63BLMA,"Tủ lạnh LG Inverter 641 lít Side By Side LSI63BLMA",1
72966,LFB47BLG,"Tủ lạnh LG Inverter 474 lít Multi Door LFB47BLG",1
72977,FB1209S5M,"Máy giặt LG AI DD Inverter 9 kg FB1209S5M",0
72988,HBF133BS0A,"Lò nướng âm Bosch HMH.HBF133BS0A 66 lít",1
72996,PID775DC1E,"Bếp từ 3 vùng nấu lắp âm Bosch PID775DC1E",1
73008,PPI82566VN,"Bếp từ đôi lắp âm Bosch PPI82566VN",1
73017,DFT93AC50,"Máy hút mùi âm tủ Bosch DFT93AC50",1
73030,PXJ675DC1E,"Bếp từ 3 vùng nấu lắp âm Bosch PXJ675DC1E",1
73041,PMI82566VN,"Bếp Từ Bosch PMI82566VN",0
73046,DWB77CM50,"Máy hút mùi áp tường Bosch DWB77CM50",1
73052,SMS4HMI07E,"Máy rửa chén độc lập Bosch SMS4HMI07E",1
73076,SMS6ZCI16E,"Máy rửa bát 14 bộ độc lập Bosch SMS6ZCI16E",1
73082,FB1209S6W1,"Máy Giặt LG Inverter 9 Kg FB1209S6W1",1
73090,F110A9DRV,"Máy giặt Panasonic 11 Kg NA-F110A9DRV",1
73095,"HPF AD6544","Tủ đông Hòa Phát 544 lít HPF AD6544",1
73111,"HPF AD61190","Tủ đông Hòa Phát 1190 lít HPF AD61190",1
73129,"HPF AD8544","Tủ đông Hòa Phát Inverter 544 lít HPF AD8544",1
73150,C450,"Bộ loa thanh Samsung HW-C450/XV 300W",0
73169,Q600C,"Bộ loa thanh Samsung HW-Q600C/XV 360W",0
73183,Q700B,"Bộ loa thanh Samsung HW-Q700B 320W",1
73191,AH1050H.PS,"Máy giặt sấy Aqua Inverter AQD-AH1050H.PS (giặt 10.5kg, sấy 7kg)",1
73204,FD105W3BV,"Máy giặt Panasonic Inverter 10.5kg NA-FD105W3BV lồng đứng",1
73214,EH05JD1BV,"Máy sấy bơm nhiệt Panasonic Inverter 10.5Kg NH-EH05JD1BV",1
73216,WD25DB8995BZ,"Máy giặt sấy Samsung AI Combo Heatpump Inverter giặt 25 kg - sấy 15 kg WD25DB8995BZSV",0
73228,"TWD - T21BU115UWV (MG)","Máy giặt sấy Toshiba Inverter giặt 10.5 kg - sấy 7 kg TWD-T21BU115UWV(MG)",1
73243,65QNED91SQA,"Smart Tivi LG QNED 4K 65 inch 65QNED91SQA",1
73247,50Q63C,"Smart Tivi Samsung 50 inch QLED 4K QA50Q63C",1
73252,55Q63C,"Smart Tivi QLED 4K 55 inch Samsung 55Q63C",0
73253,65Q63C,"Smart Tivi QLED 4K 65 inch Samsung 65Q63C",0
73254,"HW620RV XK","Tủ lạnh Hitachi Inverter 617 lít Multi Door R-HW620RV XK",1
73259,"HW620RV X","Tủ lạnh Hitachi Inverter 617 lít Multi Door R-HW620RV X",1
73261,LTB31BLM,"Tủ lạnh LG Inverter 315 lít LTB31BLM",1
73271,LTB46BLG,"Tủ lạnh LG Inverter 461 lít LTB46BLG",1
73280,LTB55BLMD,"Tủ lạnh LG Inverter 572 lít LTB55BLMD",1
73285,LTD31BLM,"Tủ lạnh LG Inverter 314 lít LTD31BLM",1
73302,LOB16BGM,"Tủ lạnh LG 195 lít 1 cửa LOB16BGM",1
73311,SL8C,"Tủ mát Alaska 730 lít SL-8C",1
73314,DH1300J.PS,"Máy giặt sấy Aqua inverter 13kg AQD-DH1300J.PS (8kg sấy)",1
73324,SBXP600VGBK,"Tủ lạnh Sharp Inverter 600 lít SJ-SBXP600VG-BK",1
73334,LC743DB,"Tủ mát Alaska 382 lít LC 743DB",1
73351,4799ASI,"Tủ đông Darling Inverter 360 lít DMF-4799 ASI",1
73371,M530EM.SLB,"Tủ lạnh Aqua 456L 4 cửa AQR-M530EM(SLB)",1
73372,FTKB25YVMV,"Điều hoà Daikin Inverter 1 HP FTKB25YVMV",0
73384,M560XA.GL,"Tủ lạnh Aqua Inverter 469 lít Multi Door AQR-M560XA(GL)",1
73389,S552XA.CBC,"Tủ lạnh Aqua Inverter 490 lít AQR-S552XA(CBC)",1
73394,T518FA.SL,"Tủ lạnh Aqua Inverter 455 lít AQR-T518FA(SL)",1
73400,"TA518FA.GL U1","Tủ lạnh Aqua Inverter 455 lít AQR-TA518FA(GL)U1",1
73406,TA518FA.SL,"Tủ lạnh Aqua Inverter 455 lít AQR-TA518FA(SL)",1
73412,HRBN6340DUVN,"Tủ lạnh Hitachi Inverter 323 lít HRBN6340DUVN",1
73423,"HPF BD6205G","Tủ đông Hòa Phát 205 Lít HPF BD6205G / HCF 506S2Đ2SH",1
73428,"HSR S6195","Tủ mát Hoà Phát 195 lít HSR S6195",1
73439,"HSR S6242","Tủ mát Hoà Phát 242 lít HSR S6242",1
73440,"HSR S6280","Tủ mát Hoà Phát 280 lít HSR S6280",1
73443,43P755,"Google Tivi TCL 4K 43 Inch 43P755",0
73451,F2515SNTG,"Máy giặt LG AI DD Inverter 15 kg F2515SNTG",1
73459,G78,"Ghế Massage KingSport G78",1
73482,HRBN6340DGBKVN,"Tủ lạnh Hitachi Inverter 323 lít HRBN6340DGBKVN",0
73486,"HSR D6195","Tủ mát Hoà Phát 195 lít HSR D6195",1
73499,LTB31BLMA,"Tủ lạnh LG Inverter 315 lít LTB31BLMA",1
73507,"HSR D6242","Tủ mát Hoà Phát 242 lít HSR D6242",1
73519,"HSR D6526","Tủ mát Hòa Phát 526 lít HSR D6526",1
73533,"HSR D6723","Tủ mát Hòa Phát 723 lít HSR D6723",1
73546,"HSR D6812","Tủ mát Hòa Phát 812 lít HSR D6812",1
73548,"HSR D8526","Tủ mát Hòa Phát Inverter 526 lít HSR D8526",1
73550,"HSR D8723","Tủ mát Hòa Phát Inverter 723 lít HSR D8723",1
73552,"HSR D8812","Tủ mát Hòa Phát Inverter 812 lít HSR D8812",1
73554,VH3589K3,"Tủ mát Sanaky Inverter 350 lít VH-3589K3",1
73566,VH4089K3,"Tủ mát Sanaky Inverter 400 lít VH-4089K3",1
73620,SMS6ECI93E,"Máy rửa chén độc lập Bosch SMS6ECI93E Chính Hãng",1
73636,SMS6ECI11E,"Máy rửa chén độc lập Bosch SMS6ECI11E Chính Hãng",1
73637,SMS6ZCI85M,"Máy rửa bát độc lập Bosch SMS6ZCI85M Chính Hãng",1
73639,SMS6ZCI01P,"Máy rửa bát 14 bộ Bosch SMS6ZCI01P Chính Hãng",1
73646,SMS6ZCI06E,"Máy rửa bát Bosch SMS6ZCI06E serie 6, độc lập Chính Hãng",1
73650,SMS6ZCI00P,"Máy Rửa Bát Bosch SMS6ZCI00P serie 6, độc lập Chính Hãng",1
73651,SMS8TCI04E,"Máy Rửa Bát Bosch SMS8TCI04E - Nhập Khẩu Đức",1
73652,SMI6ZCS16E,"Máy Rửa Bát Âm Tủ BOSCH SMI6ZCS16E Serie 6- Nhập Khẩu Đức",1
73657,SMI8ZDS81T,"Máy rửa bát Bosch SMI8ZDS81T serie 8- Nhập Khẩu Đức",1
73658,SMV6ZCX16E,"Máy Rửa Bát Bosch SMV6ZCX16E - Nhập Khẩu Đức",1
73672,SMV8YCXO2E,"Máy rửa bát âm tủ Bosch SMV8YCX02E Serie 8 14 bộ",1
73674,SMD8TCX04E,"Máy rửa bát âm tủ BOSCH SMD8TCX04E rửa 14 bộ series 8",1
73676,AQT32K85FX,"Google Tivi Aqua 32 inch AQT32K85FX",1
73684,PMI82560VN,"Bếp từ Đôi Bosch PMI82560VN Series 6",1
73692,PPI8256XVN,"Bếp từ Bosch 2 vùng nấu PPI8256XVN Serie 8 3500W",1
73698,PUC631BB5E,"Bếp từ 3 vùng nấu lắp âm Bosch PUC631BB5E",1
73706,PUJ61RBB5E,"Bếp từ 3 vùng nấu lắp âm Bosch PUJ61RBB5E chính hãng",1
73717,PUE611BB5E,"Bếp từ Bosch Serie 4 PUE611BB5E 4 vùng nấu 4600W",1
73719,PIJ631HC1E,"Bếp từ 3 vùng nấu Bosch PIJ631HC1E Series 6",1
73724,PID675HC1E,"Bếp từ 3 vùng nấu Bosch PID675HC1E Series 6",1
73729,PID775HC1E,"Bếp từ 3 vùng nấu Bosch PID775HC1E series 8",1
73735,PXY875KW1E,"Bếp từ Bosch PXY875KW1E serie 8",1
73743,55UA841CPSA,"Smart Tivi LG UHD AI 4K 55 inch 55UA841CPSA",1
73748,65UA841CPSA,"Smart Tivi LG UHD AI 4K 65 inch 65UA841CPSA",1
73749,43UA841CPSA,"Smart Tivi LG UHD AI 4K 43 Inch 43UA841CPSA",0
73750,50UA841CPSA,"Smart Tivi LG UHD AI 4K 50 inch 50UA841CPSA",0
73751,43UA7350PSB,"Tivi Led LG 4K 43 inch 43UA7350PSB",1
73757,50UA7350PSB,"Tivi Led LG 4K 50 inch 50UA7350PSB",0
73758,55UA7350PSB,"Tivi Led LG 4K 55 inch 55UA7350PSB",0
73760,65UA7350PSB,"Tivi Led LG 4K 65 inch 65UA7350PSB",0
73762,55UA8450PSA,"Smart Tivi LG AI 4K 55 inch 55UA8450PSA Chính Hãng",0
73770,65UA8450PSA,"Smart Tivi LG AI 4K 65 inch 65UA8450PSA Chính Hãng",1
73771,75UA8450PSA,"Smart Tivi LG AI 4K 75 inch 75UA8450PSA Chính Hãng",1
73772,86UA8450PSA,"Smart Tivi LG AI 4K 86 inch 86UA8450PSA",0
73773,65NANO80ASA,"Smart Tivi NanoCell LG AI 4K 65 inch 65NANO80ASA",0
73784,75NANO80ASA,"Smart Tivi NanoCell LG AI 4K 75 inch 75NANO80ASA",1
73785,86NANO80ASA,"Smart Tivi NanoCell LG AI 4K 86 inch 86NANO80ASA",0
73786,65QNED70ASA,"Smart Tivi LG QNED AI 4K 65 Inch 65QNED70ASA",0
73791,75QNED70ASA,"Smart Tivi LG QNED AI 4K 75 Inch 75QNED70ASA",0
73793,86QNED70ASA,"Smart Tivi LG QNED AI 4K 86 Inch 86QNED70ASA",0
73794,50QNED80ASA,"Smart Tivi LG QNED AI 4K 50 inch 50QNED80ASA",0
73801,55QNED80ASA,"Smart Tivi LG QNED AI 4K 55 inch 55QNED80ASA",1
73802,65QNED80ASA,"Smart Tivi LG QNED AI 4K 65 inch 65QNED80ASA",0
73803,75QNED80ASA,"Smart Tivi LG QNED AI 4K 75 inch 75QNED80ASA",1
73806,65Q7F5A,"Smart Tivi QLED Samsung 4K 65 inch QA65Q7F5A [ 65Q7F ]",1
73814,75Q7F5A,"Smart Tivi QLED Samsung AI 4K 75 inch QA75Q7F [ 75Q7F5A]",1
73815,65QN70F,"Smart Tivi Samsung Neo QLED 4K 65 inch 65QN70F",1
73821,75QN70F,"Smart Tivi Samsung Neo QLED 4K 75 inch 75QN70F",1
73822,85QN70F,"Smart Tivi Samsung Neo QLED 4K 85 inch 85QN70F",1
73823,65S90F,"Smart Tivi OLED Samsung AI 4K 65 inch QA65S90F [ 65S90F ]",1
73831,77S90F,"Smart Tivi OLED Samsung AI 4K 77 inch QA77S90F [ 77S90F ]",1
73832,83S90F,"Smart Tivi OLED Samsung AI 4K 83 inch QA83S90F [ 83S90F ]",1
73833,65XR50,"Google Tivi Mini LED Sony AI 4K 65 inch K-65XR50",1
73834,75XR50,"Google Tivi Mini LED Sony AI 4K 75 inch K-75XR50",1
73846,RS57DG410EB4,"Tủ lạnh Samsung Inverter 578 lít Side By Side RS57DG410EB4SV",1
73855,65UT801,"Smart Tivi LG 4K 65 inch 65UT801C0SB [ 65UT801 ]",0
73863,86UT801,"Smart Tivi LG 4K 86 inch 86UT801C0SB [ 86UT801 ]",1
73865,65QNED81ASA,"Smart Tivi QNED LG AI 4K 65 inch 65QNED81ASA [ 65QNED81 ]",0
73876,75QNED81ASA,"Smart Tivi QNED LG AI 4K 75 inch 75QNED81ASA [ 75QNED81 ]",0
73877,86QNED81ASA,"Smart Tivi QNED LG AI 4K 86 inch 86QNED81ASA [ 86QNED81 ]",0
73879,75QNED82ASA,"Smart Tivi QNED LG AI 4K 75 inch 75QNED82ASA [ 75QNED82 ]",0
73890,86QNED82ASA,"Smart Tivi QNED LG AI 4K 86 inch 86QNED82ASA [ 86QNED82 ]",0
73891,65QNED86ASA,"Smart Tivi QNED evo LG AI 4K 65 inch 65QNED86ASA [ 65QNED86 ]",0
73901,75QNED86ASA,"Smart Tivi QNED evo LG AI 4K 75 inch 75QNED86ASA [ 75QNED86 ]",1
73902,65S20,"Google Tivi Sony 65 inch 4K K-65S20M2 [ 65S20 ]",1
73910,75S20,"Google Tivi Sony 75 inch 4K K-75S20M2 [ 75S20 ]",1
73912,98XR50,"Google Tivi Mini LED Sony AI 4K 98 inch K-98XR50 [ 98XR50 ]",0
73913,55S25,"Google Tivi Sony 4K 55 inch K-55S25VM2 [ 55S25 ]",1
73922,65S25,"Google Tivi Sony 4K 65 inch K-65S25VM2 [ 65S25 ]",1
73923,75S25,"Google Tivi Sony 4K 75 inch K-75S25VM2 [ 75S25 ]",0
73924,86QNED86ASA,"Smart Tivi QNED evo LG AI 4K 86 inch 86QNED86ASA [ 86QNED86 ]",0
73925,65QNED92ASA,"Smart Tivi AI Evo LG QNED 4K 65 inch 65QNED92ASA [ 65QNED92 ]",0
73931,75QNED92ASA,"Smart Tivi AI Evo LG QNED 4K 75 inch 75QNED92ASA",0
73932,85QNED92ASA,"Smart Tivi AI Evo LG QNED 4K 85 inch 85QNED92ASA [ 85QNED92 ]",0
73933,65QNED9MASA,"Smart Tivi LG AI MiniLed Evo QNED 4K 65 inch 65QNED9MASA [ 65QNED9 ]",0
73937,75QNED9MASA,"Smart Tivi LG AI MiniLed Evo QNED 4K 75 inch 75QNED9MASA [ 75QNED9 ]",0
73938,86QNED9MASA,"Smart Tivi LG AI MiniLed Evo QNED 4K 86 inch 86QNED9MASA [ 86QNED9 ]",0
73939,65B5PSA,"Smart Tivi OLED LG AI 4K 65 inch OLED65B5PSA [ 65B5 ]",0
73949,77B5PSA,"Smart Tivi OLED LG AI 4K 77 inch OLED77B5PSA [ 77B5 ]",0
73950,55C5PSA,"Smart Tivi OLED evo LG AI 4K 55 inch OLED55C5PSA [ 55C5 ]",0
73960,65C5PSA,"Smart Tivi OLED evo LG AI 4K 65 inch OLED65C5PSA [ 65C5 ]",0
73962,77C5PSA,"Smart Tivi OLED evo LG AI 4K 77 inch OLED77C5PSA [ 77C5 ]",0
73964,83C5PSA,"Smart Tivi OLED evo LG AI 4K 83 inch OLED83C5PSA [ 83C5 ]",0
73965,55G5PSA,"Smart Tivi OLED evo LG AI 4K 55 inch OLED55G5PSA [ 55G5 ]",0
73975,65G5PSA,"Smart Tivi OLED evo LG AI 4K 65 inch OLED65G5PSA [ 65G5 ]",0
73976,RS90F65D2F,"Tủ lạnh Samsung Inverter 615 lít Side By Side AI Home RS90F65D2FSV",1
73989,RS80F65J2B,"Tủ lạnh Samsung Inverter 634 lít Side By Side RS80F65J2BSV",1
74002,RS70F65Q3F,"Tủ lạnh Samsung Inverter 655 lít Side By Side RS70F65Q3FSV",1
74012,RS70F65Q3T,"Tủ lạnh Samsung Inverter 655 lít Side By Side RS70F65Q3TSV",1
74022,RF65DB990012,"Tủ lạnh Samsung Inverter 636 lít Multi Door Bespoke RF65DB990012SV",1
74033,FXP560VG-BK,"Tủ lạnh Sharp Inverter 466 lít SJ-FXP560VG-BK",1
74037,FX610V-MK,"Tủ lạnh Sharp Inverter 525 lít SJ-FX610V-MK",1
74041,FX610V-SL,"Tủ lạnh Sharp 525 lít SJ-FX610V-SL Multi Door 4 cánh",1
74044,FX650V-MK,"Tủ lạnh Sharp 572 lít SJ-FX650V-MK",1
74046,FX650V-SL,"Tủ lạnh Sharp Inverter 572 lít SJ-FX650V-SL",1
74051,FXP650VG-SL,"Tủ lạnh Sharp Inverter 572 lít SJ-FXP650VG-SL",1
74054,FXP560V-MG,"Tủ lạnh Sharp Inverter 466 lít SJ-FXP560V-MG",0
74056,RF675WI-PMV(06)-MG,"Tủ lạnh Toshiba Inverter 515 lít Multi Door GR-RF675WI-PMV(06)-MG",1
74066,RF677WI-PMV(06)-MG,"Tủ lạnh Toshiba Inverter 515 lít Multi Door GR-RF677WI-PMV(06)-MG",1
74077,RF900WI-PMV(06)-MG,"Tủ lạnh Toshiba Inverter 711 lít Multi Door GR-RF900WI-PMV(06)-MG",1
74099,RF895WIA-PGV(22)-XK,"Tủ lạnh Toshiba Inverter 711 lít Multi Door GR-RF895WIA-PGV(22)-XK",1
74114,RS905WIA-PGV(22)-XK,"Tủ lạnh Toshiba Inverter 711 lít Side By Side GR-RS905WIA-PGV(22)-XK",1
74126,RF606WI-PMV(60)-AG,"Tủ lạnh Toshiba Inverter 471 lít Multi Door GR-RF606WI-PMV(60)-AG",1
74142,RS910WI-PMV(06)-MG,"Tủ lạnh Toshiba Inverter 711 lít Side By Side GR-RS910WI-PMV(06)-MG",1
74143,LFD58BLMAI,"Tủ lạnh LG Inverter 576 lít Multi Door InstaView LFD58BLMAI",1
74154,LFD58BLMA,"Tủ lạnh LG Inverter 571 lít Multi Door LFD58BLMA",1
74164,LFB58BLMA,"Tủ lạnh LG Inverter 574 lít LFB58BLMA",1
74170,FX1410N5G,"Máy giặt lồng ngang LG AI DD Inverter 10Kg FX1410N5G",1
74172,AS20GPWU0,"Máy lọc không khí LG PuriCare Aero Furniture AS20GPWU0 màu trắng 28W",0
74182,AS35GGW10,"Máy lọc không khí LG AS35GGW10",1
74186,AS55GGSY0,"Máy lọc không khí LG PuriCare Aero Booster AS55GGSY0 55W",1
74209,AS65GDBY0,"Máy lọc không khí LG PuriCare 360 Alpha Single AS65GDBY0.ABAE 48W",1
74233,AS10GDBY0,"Máy lọc không khí LG PuriCare 360 Alpha Double AS10GDBY0.ABAE 72W",1
74258,FS15GPBK,"Máy lọc không khí LG PuriCare AeroTower Hit FS15GPBK0.ABAE 40W",1
74277,FS15GPCJ0,"Máy lọc không khí kết hợp sưởi LG PuriCare AeroTower FS15GPCJ0.ABAE 40W",1
74296,AW12-B4959U1K.B,"Máy giặt Aqua Inverter 12 kg AW12-B4959U1K.B",1
74304,AW12-BD4377U1L(GN),"Máy giặt Aqua Inverter 12 kg AW12-BD4377U1L(GN)",1
74310,AW12-B4377U1L(GN),"Máy giặt Aqua Inverter 12 kg AW12-B4377U1L(GN)",1
74311,AWD10-BP4377U1L(GN),"Máy giặt sấy Aqua Inverter giặt 10 kg - sấy 6 kg AWD10-BP4377U1L(GN)",1
74318,AWD12-BD4377U1L(GN),"Máy giặt sấy Aqua Inverter giặt 12 kg - sấy 7 kg AWD12-BD4377U1L(GN)",1
74330,EWF1343P5WC,"Máy giặt Electrolux inverter 13 kg EWF1343P5WC",1
74337,EWW1343P5SC,"Máy giặt sấy Electrolux Inverter giặt 13 kg - sấy 9 kg EWW1343P5SC",1
74343,T2519SX5G,"Máy giặt LG AI DD Inverter 19 kg T2519SX5G",1
74349,T2314DX5G,"Máy giặt LG AI DD Inverter 14 kg T2314DX5G",1
74353,T2516DX5G,"Máy giặt LG AI DD Inverter 16 kg T2516DX5G",1
74361,T2725SX5G,"Máy giặt LG Inverter 25 kg T2725SX5G",1
74363,TX2725AT9G,"Máy giặt LG AI DD™ Inverter 25 kg TX2725AT9G",1
74364,FX1410N5W,"Máy giặt LG Inverter 10 kg FX1410N5W",1
74371,FX1411N5W,"Máy giặt LG AI DD Inverter 11 kg FX1411N5W",1
74375,"FASCIA C90","Máy hút khói, khử mùi FASCIA C-90",1
74378,"ECLIPSE K600","Máy hút mùi đảo Malloca Eclipse-K600",1
74383,"SOPHIE K500B","Máy hút khói, khử mùi SOPHIE K-500B",1
74386,"Monogold K382G","Máy Hút Khói Khử Mùi Độc Lập Malloca Monogold K-382G",1
74390,"Monoblack K382B","Máy Hút Khói Khử Mùi Độc Lập Malloca Monoblack K-382B",1
74393,"ADEL P3810","Máy hút khói khử mùi treo độc lập ADEL P-3810",1
74399,MC9053ISLA,"Máy hút mùi đảo Malloca MC-9053 ISLA",1
74405,86QNED80ASA,"Smart Tivi LG QNED AI 4K 86 inch 86QNED80ASA",0
74406,55QNED81ASA,"Smart Tivi QNED LG AI 4K 55 inch 55QNED81ASA",0
74407,55QNED86ASA,"Smart Tivi QNED evo LG AI 4K 55 inch 55QNED86ASA",0
74408,55B5PSA,"Smart Tivi OLED LG AI 4K 55 inch OLED55B5PSA [ 55B5 ]",0
74409,77G5PSA,"Smart Tivi OLED evo LG AI 4K 77 inch OLED77G5PSA [ 77G5 ]",0
74411,97G5PSA,"Smart Tivi OLED evo LG AI 4K 97 inch OLED97G5PSA [ 97G5 ]",0
74414,"TW - T21B120UWV (MG)","Máy giặt Toshiba Inverter 11Kg TW-T21B120UWV(MG)",1
74418,55QNED70ASA,"Smart Tivi LG QNED AI 4K 55 Inch 55QNED70ASA",0
74420,48B5PSA,"Smart Tivi OLED LG AI 4K 48 inch OLED48B5PSA [ 48B5 ] ]",0
74421,55XR50,"Google Tivi Mini LED Sony AI 4K 55 inch K-55XR50",1
74422,FX1411N5S,"Máy giặt LG AI DD Inverter 11 kg FX1411N5S",1
74432,FX1411N5G,"Máy giặt LG AI DD Inverter 11 kg FX1411N5G",1
74443,FX1412N5G,"Máy giặt LG AI DD Inverter 12 kg FX1412N5G",1
74445,"TIMEK16 BRUNO","Máy hút mùi Malloca TIME K16 BRUNO",1
74448,"VITAV15 GRES","Máy hút mùi Malloca VITA V-15 GRES",1
74450,"TIMEK15 NERO","Máy hút khói khử mùi – áp tường TIME K-15 NERO",1
74451,55Q6FA,"Smart Tivi QLED Samsung 4K 55 inch QA55Q6FA [55Q6F]",1
74459,65Q6FA,"Smart Tivi QLED Samsung 4K 65 inch QA65Q6FA [65Q6F]",1
74461,75Q6FA,"Smart Tivi QLED Samsung 4K 75 inch QA75Q6FA (75Q6F)",1
74463,50Q7FA,"Smart TV QLED 4K Samsung 50 inch QA50Q7FAAKXXV [ 50Q7F ]",1
74470,550Q7FA,"Smart TV QLED 4K Samsung 55 inch QA55Q7FAAKXXV [ 55Q7F ]",1
74471,650Q7FA,"Smart Tivi QLED Samsung AI 4K 65 inch QA65Q7FA [ 65Q7 ]",1
74472,750Q7FA,"Smart Tivi QLED Samsung AI 4K 75 inch QA75Q7FA [ 75Q7 ]",1
74473,850Q7FA,"Smart Tivi QLED Samsung AI 4K 85 inch QA85Q7FA [ 85Q7 ]",1
74474,"VITAV13 GRES","Máy hút mùi Malloca VITA V-13 GRES",1
74476,"TIME K153M","Máy hút mùi Malloca 80CM TIME K-153MB",1
74479,VITAV3,"Máy hút khói, khử mùi VITA V-3",1
74481,MC7086HS,"Máy hút mùi áp tường Malloca MC7086HS",1
74494,MC9086HS,"Máy Hút Mùi Malloca MC 9086HS",1
74496,"Plana K3444","Máy hút mùi áp tường Malloca Plana K3444",1
74498,MC60GTC,"Máy Hút Mùi Áp Tường Malloca MC-60GTC",1
74501,MC7018HS,"Máy hút khói khử mùi – áp tường MC 7018HS",1
74503,MC9018HS,"Máy Hút Mùi Malloca MC 9018HS",1
74506,"DRIVE F152B","Máy hút khói khử mùi áp tường Malloca DRIVE F-152B",1
74509,"DRIVE F152W","Máy Hút Mùi Malloca DRIVE F-152W",1
74512,"MIN F205","Máy hút khói khử mùi áp tường Malloca MIN F-205",1
74514,"SIGMA K820T","Máy hút khử mùi áp tường Malloca SIGMA-K820T",1
74517,"THETA K1520","Máy hút khói khử mùi Malloca Theta K1520",1
74519,"DELTA K890V","Máy hút mùi kính cong Malloca Delta-K890V",1
74529,"ZETA K1573","Máy Hút Mùi Malloca ZETA-K1573",1
74531,"Gama K31557","Máy Hút Khói Khử Mùi Malloca Gama K3155.7",1
74533,"Gama K31559","Máy hút khói khử mùi Malloca Gama K3155.9",1
74536,"HPF BD6240","Tủ đông Hòa Phát HPF BD6240 240 lít",1
74540,"HPF BD6295","Tủ đông Hòa Phát HPF BD6295 295 lít",1
74544,"HPF BD6330","Tủ đông Hòa Phát HPF BD6330 - 330 lít",1
74548,"HPF AN666","Tủ đông mini Hòa Phát HPF AN666 66 lít",1
74551,L75MB-SSEA,"Google Tivi QD-MiniLED Xiaomi S Pro 4K 75 inch L75MB-SSEA",0
74558,Q990F,"Bộ loa thanh Samsung HW-Q990F/XV 756W [ Q990F ]",1
74572,"Space MH900SP","Máy Hút Mùi Âm Tủ Malloca Space MH 900SP",1
74574,"Line Light K750B","Máy hút khói khử mùi âm tủ Malloca Line Light K-750B",1
74577,MH600GT,"Máy Hút Mùi Âm Tủ Malloca MH 600GT",1
74580,MH700GT,"Máy Hút Khói Khử Mùi Âm Tủ Malloca MH 700GT",1
74582,H60BTC,"Máy hút khói khử mùi âm tủ Malloca MH-60BTC",1
74585,MH70BTC,"Máy hút mùi âm tủ Malloca MH 70BTC",1
74601,MH70BTC-1,"Máy hút mùi Malloca H107",1
74603,F50BG,"Tủ lạnh LG Inverter 502 lít Multi Door F50BG",1
74604,F51EG,"Tủ lạnh LG Inverter 510 lít Multi Door F51EG",1
74611,S682XA.GB,"Tủ lạnh Aqua Inverter 646 lít AQR-S682XA(GB)",1
74622,F61BMD,"Tủ lạnh LG Inverter 607 lít Multi Door F61BMD",1
74634,55V75,"Google Tivi QD-MiniLED 4K Coocaa 55 Inch 55V75",1
74642,75V75,"Google Tivi QD-MiniLED 4K Coocaa 75 Inch 75V75",1
74643,F40BG,"Tủ lạnh LG Inverter 400 lít Multi Door F40BG",1
74648,C30WH,"Tủ đông LG Inverter C30WH - 291 lít",1
74660,YW590XJKV,"Tủ lạnh Panasonic Inverter 545 lít Multi Door NR-YW590XJKV",1
74662,SS8535SDG,"Tủ lạnh Funiki Side by Side 535 lít HR SS8535SDG",1
74666,M8503TB,"Tủ lạnh Funiki Multi Door 503 lít HR M8503TB",1
74670,M8415SB,"Tủ lạnh Funiki Multi Door 415 lít HR M8415SB",1
74673,HRSN9552DGBVN,"Tủ lạnh Hitachi Inverter 525 lít HRSN9552DGBVN",1
74679,"HR SS8535TDG","Tủ lạnh Side by Side Funiki HR SS8535TDG - 535 lít",1
74681,FTHB25ZVMV,"Điều hòa Daikin Inverter 9200 BTU ATKB25ZVMV",1
74694,FTHB35ZVMV,"Điều hòa Daikin Inverter 12300 BTU ATKB35ZVMV",1
74696,FTHB35ZVMV-1,"Điều hòa Daikin Inverter 18100 BTU FTKB50ZVMV",1
74700,AW14-BD4377U1L(GN),"Máy giặt Aqua Inverter 14kg AW14-BD4377U1L(GN)",0
74701,T2315DX5G,"Máy giặt lồng đứng LG AI DD Inverter 15kg T2315DX5G",1
74702,AD10-AR377U1L(GN),"Máy sấy Aqua Inverter 10 kg AD10-AR377U1L(GN)",1
74734,AQT43K800FG,"Android Tivi Aqua FHD 43 inch AQT43K800FG",1
74748,AQT43K800UG,"Android Tivi Aqua 4K 43 inch AQT43K800UG",1
74757,AQT50K800UG,"Android Tivi Aqua 4K 50 inch AQT50K800UG",1
74758,AQT43S80EUX,"Google Tivi QLED Aqua 4K 43 inch AQT43S80EUX",1
74768,AQT55S80EUX,"Google Tivi QLED Aqua 4K 55 inch AQT55S80EUX",1
74769,AQT65S80EUX,"Google Tivi QLED Aqua 4K 65 inch AQT65S80EUX",1
74770,D50UGC620,"Google Tivi Casper 4K 50 inch D50UGC620",1
74783,D55UGC620,"Google Tivi Casper 4K 55 inch D55UGC620",1
74786,32Z85,"Google Tivi Coocaa HD 32 inch 32Z85",0
74792,43Z85,"Google Tivi Coocaa FHD 43 inch 43Z85",1
74801,65Y84,"Google Tivi Coocaa QLED 4K 65 inch 65Y84",1
74805,32V35RP,"Smart Tivi Toshiba 32 inch 32V35RP",1
74809,43V35RP,"Smart Tivi Toshiba FHD 43 inch 43V35RP",1
74810,43C350RP,"Smart Tivi Toshiba AI 4K 43 inch 43C350RP",1
74818,50C350RP,"Smart Tivi Toshiba AI 4K 50 inch 50C350RP",1
74819,55C350RP,"Smart Tivi Toshiba AI 4K 55 inch 55C350RP",1
74822,32LB655BPSA,"Smart Tivi LG AI HD 32 Inch 32LB655BPSA",1
74834,43NU805BPSC,"Smart Tivi LG AI 4K 43 inch 43NU805BPSC",1
74845,65QNED90BSA,"Smart TV LG QNED 4K AI 65 inch 65QNED90BSA",1
74854,75QNED90BSA,"Smart TV LG QNED 4K AI 75 inch 75QNED90BSA",1
74855,85QNED90BSA,"Smart TV LG QNED 4K AI 85 inch 85QNED90BSA",1
74856,115QNED90BS,"Smart Tivi LG QNED AI 4K 115 inch 115QNED90BS",1
74858,55QNED81BSA,"Smart Tivi QNED LG AI 4K 55 inch 55QNED81BSA",1
74872,65QNED81BSA,"Smart Tivi QNED LG AI 4K 65 inch 65QNED81BSA",1
74874,75QNED81BSA,"Smart Tivi QNED LG AI 4K 75 inch 75QNED81BSA",1
74876,85QNED81BSA,"Smart Tivi QNED LG AI 4K 85 inch 85QNED81BSA",0
74879,48B6PSA,"Smart Tivi LG OLED AI 4K 48 inch OLED48B6PSA",1
74888,55B6PSA,"Smart Tivi OLED LG AI 4K 55 inch OLED55B6PSA",1
74890,65B6PSA,"Smart Tivi OLED LG AI 4K 65 inch OLED65B6PSA",1
74893,77B6PSA,"Smart Tivi OLED LG AI 4K 77 inch OLED77B6PSA",1
74895,55G6PSA,"Smart Tivi OLED LG AI 4K 55 inch OLED55G6PSA",1
74902,65G6PSA,"mart Tivi OLED LG AI 4K 65 inch OLED65G6PSA",1
74904,77G6PSA,"Smart Tivi OLED LG AI 4K 77 inch OLED77G6PSA",1
74906,97G6PSA,"Smart Tivi OLED LG AI 4K 97 inch OLED97G6PSA",1
74908,FJ105X1BV,"Máy giặt Panasonic Inverter 10.5 kg NA-FJ105X1BV",1
74918,FJ115X1BV,"Máy giặt Panasonic Inverter 11.5 kg NA-FJ115X1BV",0
74921,20VDG1BVT,"Máy giặt Panasonic Inverter 10 kg NA-20VDG1BVT",0
74929,20VDR1BVT,"Máy giặt Panasonic Inverter 10 Kg NA-20VDR1BVT",1
74939,22VDW1BVT,"Máy giặt Panasonic Inverter 11kg NA-22VDW1BVT lồng ngang",1
74940,22VDG1BVT,"Máy giặt Panasonic Inverter 11kg NA-22VDG1BVT",1
74942,22VDR1BVT,"Máy giặt Panasonic Inverter 11 Kg NA-22VDR1BVT",1
74950,20VDW1BVT,"Máy Giặt Panasonic Biến tần 10 kg NA-20VDW1BVT lồng ngang",0
74951,24VDG1BVT,"Máy giặt Panasonic Inverter 12 kg NA-24VDG1BVT",1
74953,22VDW1BVT-3,"Máy giặt Panasonic Inverter 11kg NA-22VDW1BVT lồng ngang (Sao chép)",1
74955,75UA841CPSA,"Smart Tivi LG UHD AI 4K 75 inch 75UA841CPSA",1
74956,43NANO80ASA,"Smart Tivi NanoCell LG AI 4K 43 inch 43NANO80ASA",1
74958,55NANO80ASA,"Smart Tivi NanoCell LG AI 4K 55 inch 55NANO80ASA",0
74959,L43MB-AUSEA,"Google Tivi Xiaomi A 4K 43 inch L43MB-AUSEA",0
74964,S20DG1BVT,"Máy giặt sấy Panasonic Inverter giặt 10 kg - sấy 7 kg NA-S20DG1BVT",1
74971,S23DW1BVT,"Máy giặt sấy Panasonic 3Di Inverter giặt 11.5kg - sấy 7kg NA-S23DW1BVT",1
74972,S24DW1BVT,"Máy giặt sấy Panasonic Inverter giặt 12kg/ sấy 7kg NA-S24DW1BVT",1
74975,"AW - DK1300KV (SG)","Máy giặt Toshiba Inverter 12kg AW-DK1300KV(SG)",1
74980,HR4N7462DSGBVN,"Tủ lạnh Hitachi Inverter 422 lít HR4N7462DSGBVN Multi Door",1
74987,43QNED70ASA,"Smart Tivi LG QNED AI 4K 43 Inch 43QNED70ASA",1
74992,43UA8055PSA,"Smart Tivi LG UHD AI 4K 43 inch 43UA8055PSA [43UA8055]",1
74998,50UA8055PSA,"Smart Tivi LG UHD AI 4K 50 inch 50UA8055PSA [50UA8055]",1
74999,55UA8055PSA,"Smart Tivi LG UHD AI 4K 55 inch 55UA8055PSA [55UA8055]",1
75000,65UA8055PSA,"Smart Tivi LG UHD AI 4K 65 inch 65UA8055PSA [65UA8055]",1
75004,55NU805BPSB,"Smart Tivi LG AI 4K 55 inch 55NU805BPSB",1
75016,65NU805BPSB,"Smart Tivi LG AI 4K 65 inch 65NU805BPSB",1
75018,75NU805BPSB,"Smart Tivi LG AI 4K 75 inch 75NU805BPSB",1
75020,85NU805BPSB,"Smart Tivi LG AI 4K 85 inch 85NU805BPSB",1
75022,43NU855BPSA,"Smart Tivi LG AI 4K 43 inch 43NU855BPSA",1
75031,50NU855BPSA,"Smart Tivi LG AI 4K 50 inch 50NU855BPSA",1
75033,55NU855BPSA,"Smart Tivi LG AI 4K 55 inch 55NU855BPSA",1
75035,65NU855BPSA,"Smart Tivi LG AI 4K 65 inch 65NU855BPSA",1
75037,75NU855BPSA,"Smart Tivi LG AI 4K 75 inch 75NU855BPSA",1
75039,85NU855BPSA,"Smart Tivi LG AI 4K 85 inch 85NU855BPSA",1
75041,98NU855BPSB,"Smart Tivi LG AI 4K 98 inch 98NU855BPSA",1
75043,43QNED80BSA,"Smart Tivi QNED LG AI 4K 43 inch 43QNED80BSA",1
75052,50QNED80BSA,"Smart Tivi QNED LG AI 4K 50 inch 50QNED80BSA",1
75054,55QNED80BSA,"Smart Tivi QNED LG AI 4K 55 inch 55QNED80BSA",1
75056,65QNED80BSA,"Smart Tivi QNED LG AI 4K 65 inch 65QNED80BSA",1
75057,75QNED80BSA,"Smart Tivi QNED LG AI 4K 75 inch 75QNED80BSA",1
75059,85QNED80BSA,"Smart Tivi QNED LG AI 4K 85 inch 85QNED80BSA",1
75061,55QNED86BSA,"Smart Tivi QNED LG AI 4K 55 inch 55QNED86BSA",1
75069,65QNED86BSA,"Smart Tivi QNED LG AI 4K 65 inch 65QNED86BSA",1
75071,75QNED86BSA,"Smart Tivi QNED LG AI 4K 75 inch 75QNED86BSA",1
75073,86QNED86BSA,"Smart Tivi QNED LG AI 4K 86 inch 86QNED86BSA",1
75075,100QNED86BS,"Smart Tivi QNED LG AI 4K 100 inch 100QNED86BSA",1
75077,75MRGB86BSA,"Smart Tivi Mini RGB LG AI 4K 75 inch 75MRGB86BSA",1
75086,86MRGB86BSA,"Smart Tivi Mini RGB LG AI 4K 86 inch 86MRGB86BSA",1
75088,SJ-X270V-SL,"Tủ lạnh Sharp Inverter 247 lít SJ-X270V-SL",1
75095,XP500AESL,"Tủ lạnh Sharp Inverter 471 lít SJ-XP500AE-SL",1
75101,FXP560V-RG,"Tủ lạnh Sharp Inverter 466 lít Multi Door SJ-FXP560V-RG",1
75106,AQT50S800UX,"Google Tivi QLED Aqua 4K 50 inch AQT50S800UX",1
75115,AQT55K85FUX,"Google Tivi Aqua 4K 55 inch AQT55K85FUX",1
75124,AQT75K85FUX,"Tivi Aqua AQT75K85FUX 4K 75 inch 75K85F",1
75126,100Z570RP,"Smart Tivi QLED Toshiba AI 4K 100 inch 100Z570RP",1
75133,85M450RP,"Smart Tivi QLED Toshiba AI 4K 85 inch 85M450RP",1
75141,75M450RP,"Smart Tivi QLED Toshiba AI 4K 75 inch 75M450RP",0
75143,65M450RP,"Smart Tivi QLED Toshiba AI 4K 65 inch 65M450RP",1
75145,55M450RP,"Smart Tivi QLED Toshiba AI 4K 55 inch 55M450RP",1
75147,85C350RP,"Smart Tivi Toshiba AI 4K 85 inch 85C350RP",1
75148,75C350RP,"Smart Tivi Toshiba AI 4K 75 inch 75C350RP",1
75149,65C350RP,"Smart Tivi Toshiba AI 4K 65 inch 65C350RP",1
75151,65V75,"Google Tivi QD-Mini LED Coocaa 4K 65 inch 65V75",0
75159,L55MB-ASEA,"Google Tivi Xiaomi A 4K 55 inch L55MB-ASEA",1
75166,L65MB-ASEA,"Google Tivi Xiaomi A 4K 65 inch L65MB-ASEA",1
75168,XZ520CWKV,"Tủ lạnh Panasonic Inverter 445 lít Multi Door NR-XZ520CWKV",1
75177,MD16GQSE0,"Máy hút ẩm LG Dual Inverter 16L MD16GQSE0.ABAE",1
75198,MD19GQGE0,"Máy hút ẩm LG Dual Inverter 19L MD19GQGE0.ABAE",1
75209,DD23GMWE1,"Máy hút ẩm LG Dual Inverter DD23GMWE1.ABAE",1
75232,EDH16TRBD3,"Máy hút ẩm kết hợp lọc không khí Electrolux EDH16TRBD3",1
75253,DW-J20FV-W,"Máy lọc không khí và hút ẩm Sharp DW-J20FV-W",1
75256,DW-T30HV-W,"Máy hút ẩm Sharp DW-T30HV-W",1
75266,DW-T30FV-W,"Máy hút ẩm kết hợp lọc không khí Sharp DW-T30FV-W",1
75269,DW-T30FV-H,"Máy hút ẩm kết hợp lọc không khí Sharp DW-T30FV-H",1
75293,MC40UVM6-7,"Máy lọc không khí Daikin MC40UVM6-7 23W",1
75308,MCK555AVMVT,"Máy lọc không khí Daikin MCK555AVMVT",1
75314,MCK70ZVM7-W,"Máy lọc không khí Daikin MCK70ZVM7-W 82W",1
75339,MCK70ZVM7-T,"Máy lọc không khí Daikin MCK70ZVM7-T 82W",1
75359,MC80ZVM7,"Máy lọc không khí Daikin MC80ZVM7",1
75365,JPF12AV2,"Máy hút ẩm kết hợp lọc không khí Daikin JPF12AV2",1
75389,32V37SP,"Smart Tivi QLED Toshiba AI HD 32 inch 32V37SP",1
75394,40V37SP,"Smart Tivi QLED Toshiba AI HD 40 inch 40V37SP",1
75395,43V37SP,"Smart Tivi QLED Toshiba AI HD 43 inch 43V37SP",1
75397,50V37SP,"Smart Tivi QLED Toshiba AI HD 50 inch 50V37SP",1
75398,L32MB-APSEA,"Google Tivi QLED Xiaomi A Pro 32 inch L32MB-APSEA",1
75405,L43MB-AFSEA,"Google Tivi Xiaomi A FHD 43 inch L43MB-AFSEA",1
75414,L43MB-APSEA,"Google Tivi QLED Xiaomi A Pro 4K 43 inch L43MB-APSEA",1
75416,L55MB-APSEA,"Google Tivi QLED Xiaomi A Pro 4K 55 inch L55MB-APSEA",1
75421,"55Y68 Pro","Google Tivi QLED Coocaa 4K 55 inch 55Y68 Pro",1
75430,50NU805BPSC,"Smart Tivi LG AI 4K 50 inch 50NU805BPSC",1
75432,55C6PSA,"Smart Tivi LG OLED evo AI 4K 55 inch OLED55C6PSA",1
75441,65C6PSA,"Smart Tivi LG OLED evo AI 4K 65 inch OLED65C6PSA",1
